URL,URL (okunur),Başlık,Dil,Kategori,Anahtar Kelimeler,Özet
https://arucad.edu.tr/,https://arucad.edu.tr/,Ana Sayfa,TR,Kurumsal sayfa / page,"ana sayfa, home, ARUCAD, Arkın Yaratıcı Sanatlar ve Tasarım Üniversitesi, Arkin University of Creative Arts and Design, Girne, Kyrenia, KKTC, North Cyprus, ana, sayfa, verecek sanatçılar, sanatçılar tasarımcılar, tasarımcılar yaratıcı, yetiştiriyoruz, haberler, düşünürler, fakülteler, tasarımcılar, verecek, sergiler, sanatçılar, yön","Geleceğe yön verecek  sanatçılar,  tasarımcılar ve  yaratıcı düşünürler  yetiştiriyoruz."
https://arucad.edu.tr/6-liseler-arasi-tasarim-yarismasi/,https://arucad.edu.tr/6-liseler-arasi-tasarim-yarismasi/,6. LİSELER ARASI TASARIM YARIŞMASI ‘ATIKTAN SANATA: GERİ DÖNÜŞÜMLE ESTETİK”,TR,Kurumsal sayfa / page,"yarışma, competition, lise öğrencileri, high school, liseler, arası, tasarım, yarışması, atıktan, sanata, geri, dönüşümle, estetik, okulunun resim, resim atölyesine, gelen öğrenciye, dönüşebilir, okulunun, arasi, tasarim, yarismasi",Yarışmanın Amacı  Çalışmanın İçeriği  Başvuru Tarihleri  Jüri Üyeleri  Diğer Bilgiler  Ödüller
https://arucad.edu.tr/7-liseler-arasi-tasarim-yarismasi-robot-kalpler-duygusal-teknolojiler/,https://arucad.edu.tr/7-liseler-arasi-tasarim-yarismasi-robot-kalpler-duygusal-teknolojiler/,"7. Liseler Arası Tasarım Yarışması ‘Robot Kalpler, Duygusal Teknolojiler’",TR,Kurumsal sayfa / page,"yarışma, competition, lise öğrencileri, high school, liseler, arası, tasarım, yarışması, robot, kalpler, duygusal, teknolojiler, okulunun resim, resim atölyesine, gelen öğrenciye, okulunun, atölyesine, ödül, arasi, tasarim, yarismasi",Yarışmanın Amacı  Çalışmanın İçeriği  Başvuru Tarihleri  Jüri Üyeleri  Diğer Bilgiler  Ödüller
https://arucad.edu.tr/arastirma-merkezi/,https://arucad.edu.tr/arastirma-merkezi/,Araştırma Merkezi,TR,Kurumsal sayfa / page,"araştırma, research, merkezi, araştırma merkezi, baş bilimsel, bilimsel araştırmacı, ilerlemenin, araştırmalara, işbirliğine, baş, hedefliyoruz, merkez, disiplinli, panteha, farmanesh, arastirma","ARUCAD Araştırma Merkezi, 2018 yılında kurulmuş olup, Kıbrıs ve uluslararası düzeyde Sanat, Tasarım ve Akdeniz Kültürü alanlarında faaliyetlerine devam etmektedir. İlk olarak, Kıbrıs’ın iki toplumu için sanat, tasarım ve…"
https://arucad.edu.tr/arucad-cinematic-seeds-festival-2026-2/,https://arucad.edu.tr/arucad-cinematic-seeds-festival-2026-2/,ARUCAD Cinematic Seeds Festival 2026,TR,Kurumsal sayfa / page,"festival, sinema, film, televizyon, cinematic, seeds, short fiction, fiction films, experimental films, ıran, fiction, documentary, films, hybrid, essays, spain, russian",Merve Uslu-Ersoy KISMET II – Dreaming a whole life long (20 min.)00:19:59 Documentary Turkey
https://arucad.edu.tr/arucad-english-preparatory-school-conference/,https://arucad.edu.tr/arucad-english-preparatory-school-conference/,ARUCAD English Preparatory School Conference,TR,Kurumsal sayfa / page,"seminer, konferans, etkinlik, İngilizce hazırlık, preparatory school, english, preparatory, school, conference",
https://arucad.edu.tr/arucad-ve-fyve-active-spor-giyim-tasarim-yarismasi/,https://arucad.edu.tr/arucad-ve-fyve-active-spor-giyim-tasarim-yarismasi/,ARUCAD ve FYVE ACTIVE Spor Giyim Tasarım Yarışması,TR,Kurumsal sayfa / page,"spor, sports, yarışma, competition, fyve, actıve, giyim, tasarım, yarışması, fyve actıve, spor giyim, tekstil moda, aksesuar, notlar, koşu, tasarımlar, active, tasarim, yarismasi",Tanımlar  Yarışmanın Amacı  Başvuru Koşulları  Katılımcı Yükümlülükleri  Yarışmanın Konusu  Başvuru Dosyası  Değerlendirme Kriterleri  Yarışma Aşamaları  Jüri  Ödüller  Fikri Mülkiyet Hakları  Genel Hükümler  Kişisel Ver…
https://arucad.edu.tr/arucad/,https://arucad.edu.tr/arucad/,ARUCAD,TR,Kurumsal sayfa / page,"ARUCAD hakkında, kurumsal, about",
https://arucad.edu.tr/arucad/2024-2025-surdurulebilir-kalkinma-hedefleri-raporu/,https://arucad.edu.tr/arucad/2024-2025-surdurulebilir-kalkinma-hedefleri-raporu/,2024-2025 Sürdürülebilir Kalkınma Hedefleri Raporu,TR,Kurumsal sayfa / page,"sürdürülebilirlik, SDG, sürdürülebilir, kalkınma, hedefleri, raporu, şekillendiriyor, raporda, etkilerimizi, azaltmaya, adımlarımızı, çalışmalarımızı, politikalarımızı, şeffaflıkla, paylaşıyoruz, attığımız, surdurulebilir, kalkinma","Sanat, tasarım ve yaratıcılığın merkezinde konumlanan ARUCAD, geleceği yalnızca üretim ve eğitimle değil; çevreye, topluma ve etik değerlere duyarlı bir yaklaşımla şekillendiriyor."
https://arucad.edu.tr/arucad/fotograflar/,https://arucad.edu.tr/arucad/fotograflar/,Fotoğraflar,TR,Kurumsal sayfa / page,"fotoğraflar, kampüs fotoğrafları, galeri, fotoğraf, photography, fotograflar",
https://arucad.edu.tr/arucad/gorsel-kimlik-standartlari/,https://arucad.edu.tr/arucad/gorsel-kimlik-standartlari/,Görsel Kimlik Standartları,TR,Kurumsal sayfa / page,"görsel, kimlik, standartları, logo türkçe, görsel kimlik, fontlar, olabilmek, logo, kimliğini, kullanırız, dilekçe, mektup, şablonlarından, işlerin, gorsel, standartlari","Temelde, kurumsal olarak daha profesyonel ve işlevsel olabilmek, genelde ise ARUCAD kimliğini yerleştirmek, daha tanınır ve anlaşılır olabilmek adına, özgün ARUCAD görsel kimlik bileşenlerini kullanırız. Bu bileşenler lo…"
https://arucad.edu.tr/arucad/hakkimizda/,https://arucad.edu.tr/arucad/hakkimizda/,Hakkımızda,TR,Kurumsal sayfa / page,"hakkımızda, teşvik etmekte, sanat tasarım, olmayı amaçlamaktadır, etmekte, koymayı, ararken, kullanımında, vermekte, edinen, sorgulamaya, entelektüel, topluma, eşitlikçi, hakkimizda","Arkın Yaratıcı Sanatlar ve Tasarım Üniversitesi (ARUCAD), 2017 yılında Kuzey Kıbrıs’ta kurulmuş sanat, tasarım ve iletişim alanlarını bir arada bulunduran sanat odaklı tematik bir üniversitedir. ARUCAD sanat ve tasarım a…"
https://arucad.edu.tr/arucad/is-olanaklari/,https://arucad.edu.tr/arucad/is-olanaklari/,İş Olanakları,TR,Kurumsal sayfa / page,"iş ilanı, job vacancy, olanakları, yrd başvuruda, başvuruda bulunacak, bulunacak adayların, özgeçmişlerini, göndermelerini, bulunacak, rica, adresine, ederiz, başvuruda, adayların, sonuç, posta, olanaklari",ARUCAD kariyer fırsatlarını değerlendirmek için güncel özgeçmişinizi e-posta ile hr@arucad.edu.tr adresine iletebilirsiniz.
https://arucad.edu.tr/arucad/kariyer-ve-mezun-ofisi/,https://arucad.edu.tr/arucad/kariyer-ve-mezun-ofisi/,Kariyer ve Mezunlar Daire Başkanlığı,TR,Kurumsal sayfa / page,"kariyer, mezunlar, career, alumni, daire, başkanlığı, bünyesinde staj, staj yaparak, eğitim gören, portalı, staj, bulmaktadır, ajansı, gazetesi, gastronomi, ağı, mezun, ofisi","ARUCAD Kariyer ve Mezunlar Daire Başkanlığı; öğrencilerimizin ve mezunlarımızın kariyer yolculuklarını destekler, iş ve staj olanaklarına erişimlerini kolaylaştırır, profesyonel yaşama hazırlanmalarına katkı sağlar ve me…"
https://arucad.edu.tr/arucad/kurumsal-ogrenme-ciktilari/,https://arucad.edu.tr/arucad/kurumsal-ogrenme-ciktilari/,Kurumsal Öğrenme Çıktıları,TR,Kurumsal sayfa / page,"kurumsal, öğrenme, çıktıları, ileri düzeydeki, yetkınlıkler yetkınlıkler, alanında edindiği, yetkınlıkler, düzeydeki, öngörülemeyen, nicel, değerlendirebilme, yeterlilikler, nitel, geliştirebilme, ogrenme, ciktilari","ARUCAD müfredatları, 6. Seviye Avrupa Yeterlilikler Çerçevesi (EQF) ve Avrupa Yüksek Öğrenim Alanı Yeterlilikler Çerçevesinin 1. Döngüsüne (QF-EHEA 1. Döngüsü) paralel olarak belirlenmiş olan Türkiye Yükseköğretim Ulusla…"
https://arucad.edu.tr/arucad/misyon-ve-vizyon/,https://arucad.edu.tr/arucad/misyon-ve-vizyon/,Misyon ve Vizyon,TR,Kurumsal sayfa / page,"misyon, vizyon, mission, vision",
https://arucad.edu.tr/arucad/sayilarla-arucad/,https://arucad.edu.tr/arucad/sayilarla-arucad/,Sayılarla ARUCAD,TR,Kurumsal sayfa / page,"sayılarla ARUCAD, istatistik, öğrenci sayısı, sayılarla, sayilarla",
https://arucad.edu.tr/arucad/yonetim/,https://arucad.edu.tr/arucad/yonetim/,Yönetim,TR,Kurumsal sayfa / page,"yönetim, administration, rektörlük, üniversite ortamına, odaklı üniversite, rektör yardımcısı, yandan, devamı, bilgilerle, donanırken, kullanabilmeleridir, gerektirir, işler, olmaları, beceri, rektör, yonetim",Bir sanat üniversitesinin altyapısını hazırlamak ve öğrenim ile üretim koşullarını ideal değerler üzerine inşa etmek apayrı bir akıl yürütme yordamını gerektirir. Sanat odaklı bir üniversite ortamına en uygun olan şey öğ…
https://arucad.edu.tr/arucad/yonetim/mutevelli-heyeti-baskani/,https://arucad.edu.tr/arucad/yonetim/mutevelli-heyeti-baskani/,Mütevelli Heyeti Başkanı,TR,Kurumsal sayfa / page,"yönetim, administration, rektörlük, mütevelli, heyeti, başkanı, gerektirir, yandan, yordamını, böyle, elbette, özverili, çabayı, külfeti, hedeflerle, çıkmanın, taşıdığının, yonetim, mutevelli, baskani",Bir sanat üniversitesinin altyapısını hazırlamak ve öğrenim ile üretim koşullarını ideal değerler üzerine inşa etmek apayrı bir akıl yürütme yordamını gerektirir. Sanat odaklı bir üniversite ortamına en uygun olan şey öğ…
https://arucad.edu.tr/arucad/yonetim/rektor-yardimcisi-arastirma-ve-gelistirme/,https://arucad.edu.tr/arucad/yonetim/rektor-yardimcisi-arastirma-ve-gelistirme/,Rektör Yardımcısı (Araştırma ve Geliştirme),TR,Kurumsal sayfa / page,"yönetim, administration, rektörlük, araştırma, research, rektör, yardımcısı, geliştirme, yonetim, rektor, yardimcisi, arastirma, gelistirme",
https://arucad.edu.tr/arucad/yonetim/rektor-yardimcisi-uluslararasi-ve-sosyal-iliskiler/,https://arucad.edu.tr/arucad/yonetim/rektor-yardimcisi-uluslararasi-ve-sosyal-iliskiler/,Rektör Yardımcısı (Uluslararası ve Sosyal İlişkiler),TR,Kurumsal sayfa / page,"yönetim, administration, rektörlük, uluslararası, erasmus, international, rektör, yardımcısı, sosyal, ilişkiler, yonetim, rektor, yardimcisi, uluslararasi, iliskiler",
https://arucad.edu.tr/arucad/yonetim/rektor-yardimcisiakademik-isler/,https://arucad.edu.tr/arucad/yonetim/rektor-yardimcisiakademik-isler/,Rektör Yardımcısı(Akademik İşler),TR,Kurumsal sayfa / page,"yönetim, administration, rektörlük, rektör, yardımcısı, akademik, işler, yonetim, rektor, yardimcisiakademik, isler",
https://arucad.edu.tr/arucad/yonetim/rektor/,https://arucad.edu.tr/arucad/yonetim/rektor/,Rektör,TR,Kurumsal sayfa / page,"yönetim, administration, rektörlük, rektör, yonetim, rektor",
https://arucad.edu.tr/arucad/yonetmelikler/,https://arucad.edu.tr/arucad/yonetmelikler/,Yönetmelikler,TR,Kurumsal sayfa / page,"yönetmelik, regulations, yönetmelikler, politika belgesi, disiplin yönetmeliği, ilke esasları, yönergesı, yönetmeliği, yönergesi, rme, esasları, polı, belgesı, politika, ilke, tüzüğü, yonetmelikler","Öğrenme Çıktıları (Kazanımları), Öğretı̇m Yöntemlerı̇ ve Ölçme-Değerlendı̇rme Kılavuzu"
https://arucad.edu.tr/atolye-arkin/,https://arucad.edu.tr/atolye-arkin/,Atölye Arkın,TR,Kurumsal sayfa / page,"Atölye Arkın, Atelier Arkın, kurs, atölye, workshop, atolye",
https://arucad.edu.tr/brosur/,https://arucad.edu.tr/brosur/,Broşür,TR,Kurumsal sayfa / page,"broşür, brochure, kartela, katalog, kktc, brosur",
https://arucad.edu.tr/campus-life/,https://arucad.edu.tr/campus-life/,Campus Life,TR,Kurumsal sayfa / page,"kampüs, campus life, seramik, cam, ceramics, glass, campus, life, faculty recreational, facilities wellness, wellness programs, wellness, recreational, athletics, recreation, cardinal, facilities, nearly, programs, undergraduates",Our thriving residential campus is home to a community of creative and accomplished people from around the world.
https://arucad.edu.tr/denklik-ve-uyelikler/,https://arucad.edu.tr/denklik-ve-uyelikler/,Denklik ve Üyelikler,TR,Kurumsal sayfa / page,"denklik, üyelikler, denklik üyelikler, denklikler üyelikler, iau global, denklikler, iau, turkunib, org, global, uyelikler",
https://arucad.edu.tr/direncli-bedenler-yankilanan-sesler-kadinlar-toplumsal-cinsiyet-ve-ifade-gucu/,https://arucad.edu.tr/direncli-bedenler-yankilanan-sesler-kadinlar-toplumsal-cinsiyet-ve-ifade-gucu/,"Dirençli Bedenler, Yankılanan Sesler: Kadınlar, Toplumsal Cinsiyet ve İfade Gücü",TR,Kurumsal sayfa / page,"iş ilanı, job vacancy, dirençli, bedenler, yankılanan, sesler, kadınlar, toplumsal, cinsiyet, ifade, gücü, dünya kadınlar, kadınlar günü, toplumsal cinsiyetin, cinsiyetin, kesişimsellik, direncli, yankilanan, kadinlar, gucu","ARUCAD’in Çeşitlilik, Eşitlik ve Kapsayıcılık Ofisi, 8 Mart Dünya Kadınlar Günü’nde açılacak uluslararası bir sergi için dünyanın dört bir yanından yükselen sanatçıları, akademisyenleri ve yaratıcıları eser göndermeye da…"
https://arucad.edu.tr/en/6th-international-high-school-design-competition/,https://arucad.edu.tr/en/6th-international-high-school-design-competition/,"6th ARUCAD HIGH SCHOOL DESIGN COMPETITION ""FROM WASTE TO ART: AESTHETICS THROUGH RECYCLING""",EN,Kurumsal sayfa / page,"uluslararası, erasmus, international, yarışma, competition, lise öğrencileri, high school, 6th, high, school, design, waste, art, aesthetics, recycling, 6th high, place student, student award, turn, award",6th ARUCAD HIGH SCHOOL DESIGN COMPETITION “FROM WASTE TO ART: AESTHETICS THROUGH RECYCLING”
https://arucad.edu.tr/en/72-hours-film-lab/,https://arucad.edu.tr/en/72-hours-film-lab/,72 Hours Film Lab,EN,Kurumsal sayfa / page,"laboratuvar, lab, sinema, film, televizyon, hours, short film, pre production, live workshop, hour, filmmaking, filmmakers, finalize, execution, pressure, finished, intensive",Overview  Structure & Timeline  Mentorship & Teaching Approach  Certification & Opportunity  What Participants Will Learn (Key Highlights)  Target Audience  Application Form
https://arucad.edu.tr/en/7th-arucad-high-school-design-competition-robot-hearts-emotional-technologies/,https://arucad.edu.tr/en/7th-arucad-high-school-design-competition-robot-hearts-emotional-technologies/,7th ARUCAD High School Design Competition ‘Robot Hearts: Emotional Technologies’,EN,Kurumsal sayfa / page,"yarışma, competition, lise öğrencileri, high school, 7th, high, school, design, robot, hearts, emotional, technologies, place student, student award, school design, robots, award","Technology is no longer merely a tool that responds to our commands; it is evolving toward the capacity to understand human behavior and emotions. Today, robots and computers are at the center of research aimed at percei…"
https://arucad.edu.tr/en/all-events/,https://arucad.edu.tr/en/all-events/,Events,EN,Kurumsal sayfa / page,"events, grad exhibition, exhibition remains, grad, exhibition, remains, choir, previousnext, inner, reflection, cat, tapestry, honey, faded",Grad Exhibition: Visualising the Invisible: Kazakh Myths and Memory   Karina Rachinskaya
https://arucad.edu.tr/en/arts-facilities/,https://arucad.edu.tr/en/arts-facilities/,Arts Facilities,EN,Kurumsal sayfa / page,"arts, facilities, permanent display, film screenings, rodin collection, rodin, concerts, collection, agora, screenings, gallery, permanent, display, venue",
https://arucad.edu.tr/en/arucad-2/,https://arucad.edu.tr/en/arucad-2/,ARUCAD,EN,Kurumsal sayfa / page,"about ARUCAD, corporate",
https://arucad.edu.tr/en/arucad-2/2024-2025-sustainable-development-goals-report/,https://arucad.edu.tr/en/arucad-2/2024-2025-sustainable-development-goals-report/,2024–2025 Sustainable Development Goals Report,EN,Kurumsal sayfa / page,"sürdürülebilirlik, SDG, sustainable, development, goals, report, livable, transparently, positioned, reduce, actions, implemented, download, shapes, steps, invite","Positioned at the heart of art, design, and creativity, ARUCAD shapes the future not only through production and education, but through an approach that is sensitive to the environment, society, and ethical values."
https://arucad.edu.tr/en/arucad-2/about-us/,https://arucad.edu.tr/en/arucad-2/about-us/,About Us,EN,Kurumsal sayfa / page,"while seeking, learning whilst, mission aims, whilst, encourages, questioning, values, society, diversity, mission, seeking, individuals, principle, producing","Founded in North Cyprus in 2017, Arkin University of Creative Arts and Design (ARUCAD) is a thematic art university that is wholly dedicated to the fields of art, design and communication. ARUCAD’s goal is to become one …"
https://arucad.edu.tr/en/arucad-2/administration/,https://arucad.edu.tr/en/arucad-2/administration/,Administration,EN,Kurumsal sayfa / page,"yönetim, administration, rektörlük, vice rector, design communication, art design, nezahat, affairs, hand, doğan, rector, vice, productional, suits, synergy, sinan",To plan the infrastructure of an art university and construct all educational and productional circumstances based on ideal artistic values requires a completely different way of thinking. At a university focused on art …
https://arucad.edu.tr/en/arucad-2/arucad-in-numbers/,https://arucad.edu.tr/en/arucad-2/arucad-in-numbers/,ARUCAD in Numbers,EN,Kurumsal sayfa / page,"ARUCAD in numbers, statistics, sayılarla ARUCAD, numbers",
https://arucad.edu.tr/en/arucad-2/career-and-alumni-office/,https://arucad.edu.tr/en/arucad-2/career-and-alumni-office/,Career and Alumni Office,EN,Kurumsal sayfa / page,"kariyer, mezunlar, career, alumni, office, internship opportunities, students graduates, students studying, internships, job, internship, newspaper, gastronomy, portal, culinary, employment","The ARUCAD Career and Alumni Office supports our students and graduates throughout their career journeys, facilitates access to employment and internship opportunities, contributes to their preparation for professional l…"
https://arucad.edu.tr/en/arucad-2/institutional-learning-outcomes/,https://arucad.edu.tr/en/arucad-2/institutional-learning-outcomes/,Institutional Learning Outcomes,EN,Kurumsal sayfa / page,"institutional, learning, outcomes, competences competences, advanced level, acquired advanced, competences, qualifications, qualitative, nqf, hetr, implementations, ethic, quantitative","The curricula at  ARUCAD  are based on the Turkish Higher Education International Qualifications Framework at Level 6, which has been determined in alignment with the  European Qualifications Framework (EQF) Level 6  and…"
https://arucad.edu.tr/en/arucad-2/job-vacancies/,https://arucad.edu.tr/en/arucad-2/job-vacancies/,Job Vacancies,EN,Kurumsal sayfa / page,"iş ilanı, job vacancy, job, vacancies, assistant associate, higher education, associate professor, salary, applicants, whilst, equivalent, contract, probation, terminal, maximizes, pastoral",Senior Instructor position is available at the Faculty of Communication at ARUCAD. The recruitment for this position will be held in accordance with the provisions of the ARUCAD Research Assistant Appointment Regulation.…
https://arucad.edu.tr/en/arucad-2/regulations/,https://arucad.edu.tr/en/arucad-2/regulations/,Regulations,EN,Kurumsal sayfa / page,"yönetmelik, regulations, policy document, principles procedures, exam guide, directive, regulation, policy, procedures, document, guideline, guidelines, anti, guide, principles","Associate Degree And Undergraduate Registration, Education, Examination And Success Regulations"
https://arucad.edu.tr/en/arucad-2/visual-identity-standards/,https://arucad.edu.tr/en/arucad-2/visual-identity-standards/,Visual Identity Standards,EN,Kurumsal sayfa / page,"visual, identity, standards, visual identity, logo english, fonts, logo, components, order, recognizable, pdf, fundamentally, templates, careful","We use original ARUCAD visual identity components fundamentally in order to be more professional and functional, and also generally in order to establish the ARUCAD identity and be more recognizable and understandable as…"
https://arucad.edu.tr/en/arucad-and-fyve-active-sportswear-design-competition/,https://arucad.edu.tr/en/arucad-and-fyve-active-sportswear-design-competition/,ARUCAD and FYVE ACTIVE Sportswear Design Competition,EN,Kurumsal sayfa / page,"spor, sports, yarışma, competition, fyve, active, sportswear, design, participants must, fashion design, fyve active, running, shall, participant, agree, capsule, lifestyle",Definitions  Purpose Of The Competition  Application Requirements  Participant Obligations  Competition Subject  Application File  Evaluation Criteria  Competition Stages  Jury  Awards  Intellectual Property Rights  Gene…
https://arucad.edu.tr/en/arucad-cinematic-seeds-festival-2026/,https://arucad.edu.tr/en/arucad-cinematic-seeds-festival-2026/,ARUCAD Cinematic Seeds Festival 2026,EN,Kurumsal sayfa / page,"festival, sinema, film, televizyon, cinematic, seeds, short fiction, fiction films, experimental films, fiction, documentary, films, hybrid, essays, spain, russian, short",Merve Uslu-Ersoy KISMET II – Dreaming a whole life long (20 min.)00:19:59 Documentary Turkey
https://arucad.edu.tr/en/brochure/,https://arucad.edu.tr/en/brochure/,Brochure,EN,Kurumsal sayfa / page,"broşür, brochure, catalog, leaflet",
https://arucad.edu.tr/en/campus-life-2/,https://arucad.edu.tr/en/campus-life-2/,Campus Life and Facilities​,EN,Kurumsal sayfa / page,"kampüs, campus life, seramik, cam, ceramics, glass, campus, life, facilities, creative learning, learning facilities, wellbeing, recreation, sports, services, spaces, locations, support, participate","ARUCAD campus life connects everyday learning and social spaces in Kyrenia with creative production, arts and performance venues at other locations. Facilities are grouped below by location. The buttons under each sectio…"
https://arucad.edu.tr/en/campus-life-2/arucad-garden2/,https://arucad.edu.tr/en/campus-life-2/arucad-garden2/,ARUCAD Garden,EN,Kurumsal sayfa / page,"kampüs, campus life, seramik, cam, ceramics, glass, garden, bandabuliya cafe, games room, cafe, outdoor, poolside, friends, seating, dining, table, indoor, relax, spend, campus, life, garden2","ARUCAD Garden brings together indoor and outdoor areas where students can eat, relax and meet friends on campus. Its garden setting and seating provide a shared environment for a short break between classes or for spendi…"
https://arucad.edu.tr/en/campus-life-2/diversity-equity-and-inclusion-office/,https://arucad.edu.tr/en/campus-life-2/diversity-equity-and-inclusion-office/,"Diversity, Equity and Inclusion Office",EN,Kurumsal sayfa / page,"kampüs, campus life, seramik, cam, ceramics, glass, diversity, equity, inclusion, office, dei policy, policy directive, equity inclusion, dei, directive, policy, email, activities, coordinator, elham, campus, life",
https://arucad.edu.tr/en/campus-life-2/labs/,https://arucad.edu.tr/en/campus-life-2/labs/,Labs,EN,Kurumsal sayfa / page,"laboratuvar, lab, kampüs, campus life, seramik, cam, ceramics, glass, labs, sound editing, sound production, laboratory, computers, equipped, mac, sound, software, editing, supports, 3ds, campus, life","ARUCAD’s workshops, laboratories and studios are equipped with projection and sound systems, as well as camera systems that enable online classes. This technological infrastructure supports the sharing of course content,…"
https://arucad.edu.tr/en/campus-life-2/sports-activities/,https://arucad.edu.tr/en/campus-life-2/sports-activities/,Sports Activities,EN,Kurumsal sayfa / page,"spor, sports, kampüs, campus life, seramik, cam, ceramics, glass, activities, table tennis, physical activity, colony hotel, basketball, hotel, sporting, pool, gym, outdoor, men, tennis, court, campus, life","ARUCAD supports its students in maintaining an active, healthy and social university life. Students can benefit from sports and recreational facilities located on campus, as well as off-campus facilities made available t…"
https://arucad.edu.tr/en/campus-life-2/stages/,https://arucad.edu.tr/en/campus-life-2/stages/,Stages,EN,Kurumsal sayfa / page,"kampüs, campus life, seramik, cam, ceramics, glass, stages, courtyard main, main stage, dance performances, concerts, agora, hosts, venue, performances, talks, screenings, courtyard, hall, located, campus, life",Bandabuliya Stage (BlackBox)  Courtyard Main Stage  Agora Open Stage  Art Gallery Stage  Conference Hall
https://arucad.edu.tr/en/campus-life-2/student-clubs/,https://arucad.edu.tr/en/campus-life-2/student-clubs/,Student Clubs,EN,Kurumsal sayfa / page,"öğrenci kulüpleri, student clubs, kampüs, campus life, seramik, cam, ceramics, glass, student, clubs, student club, active student, club, excursions, activities, joining, screenings, interests, organising, friends, proposed, campus, life","University life is not limited to academic education. Social activities, student clubs, community initiatives, excursions, workshops and collaborative projects form an important part of the student experience."
https://arucad.edu.tr/en/campus-life-2/student-council/,https://arucad.edu.tr/en/campus-life-2/student-council/,Student Council,EN,Kurumsal sayfa / page,"kampüs, campus life, seramik, cam, ceramics, glass, student, council, student council, council regulation, share requests, regulation, requests, suggestions, representatives, operating, affairs, contacting, representative, share, campus, life",
https://arucad.edu.tr/en/campus-life-2/student-handbook/,https://arucad.edu.tr/en/campus-life-2/student-handbook/,Student Handbook,EN,Kurumsal sayfa / page,"kampüs, campus life, seramik, cam, ceramics, glass, student, handbook, student handbook, download, campus, life",
https://arucad.edu.tr/en/campus-life-2/studios/,https://arucad.edu.tr/en/campus-life-2/studios/,Studios,EN,Kurumsal sayfa / page,"stüdyo, studio, kampüs, campus life, seramik, cam, ceramics, glass, studios, studio equipped, professional lighting, backdrop systems, backdrop, greenbox, prints, projection, suitable, equipped, classes, rehearsals, sewing, campus, life","ARUCAD’s workshops, laboratories and studios are equipped with projection and sound systems, as well as camera systems that enable online classes. This technological infrastructure supports the sharing of course content,…"
https://arucad.edu.tr/en/campus-life-2/the-health-support-centre/,https://arucad.edu.tr/en/campus-life-2/the-health-support-centre/,The Health Support Centre,EN,Kurumsal sayfa / page,"kampüs, campus life, seramik, cam, ceramics, glass, health, support, centre, first aid, healthcare providers, google maps, hospital, providers, aid, healthcare, maps, akçiçek, google, provider, campus, life",ARUCAD supports the health needs of students and staff through basic first aid on campus and access to healthcare providers off campus. The University’s location in central Kyrenia makes nearby healthcare services easy t…
https://arucad.edu.tr/en/campus-life-2/transportation/,https://arucad.edu.tr/en/campus-life-2/transportation/,Transportation,EN,Kurumsal sayfa / page,"ulaşım, servis, transportation, spor, sports, kampüs, campus life, seramik, cam, ceramics, glass, student accommodation, current timetable, main campus, timetable, shuttle, routes, campuses, pedestrian, accommodation, transport, locations, campus, service, life","ARUCAD supports students’ access to its campuses, educational facilities and accommodation through a free shuttle service. By incorporating traditional Cypriot Bedford buses into its transport fleet, alongside modern veh…"
https://arucad.edu.tr/en/campus-life-2/workshops/,https://arucad.edu.tr/en/campus-life-2/workshops/,Workshops,EN,Kurumsal sayfa / page,"atölye, workshop, kampüs, campus life, seramik, cam, ceramics, glass, workshops, workshop students, glass workshop, molten glass, molten, forming, hot, temperature, wood, mould, coloured, fusion, stained, campus, life","ARUCAD’s workshops, laboratories and studios are equipped with projection and sound systems, as well as camera systems that enable online classes. This technological infrastructure supports the sharing of course content,…"
https://arucad.edu.tr/en/complaint-request-and-suggestion-form/,https://arucad.edu.tr/en/complaint-request-and-suggestion-form/,"Complaint, Request and Suggestion Form",EN,Kurumsal sayfa / page,"complaint, request, suggestion, form, upload, file, email, drag, recommend, browser, javascript, surname, name, mentioned","We recommend that you provide the name, student number, and email address mentioned above so that we can inform you once your request has been evaluated."
https://arucad.edu.tr/en/contact-us/,https://arucad.edu.tr/en/contact-us/,Contact Us,EN,Kurumsal sayfa / page,"iletişim, contact, adres, telefon, mersin turkey, turkey north, north cyprus, mersin, офис, казахстане, kenzhebekov, north, street, kazakhstan, turkey, contacts, kenzehebekov","Address: Almaty city, BC “Nurly Tau” Al-Farabi Avenue 19, building 2B, office 704.Адрес: г.Алматы, БЦ «Нурлы Тау» проспект Аль-фараби 19, корпус 2Б, 704 офис."
https://arucad.edu.tr/en/details-from-our-history-design-competition/,https://arucad.edu.tr/en/details-from-our-history-design-competition/,Details From Our History Design Competition,EN,Kurumsal sayfa / page,"yarışma, competition, details, history, design, works submitted, usd usd, tuncer bağışkan, usd, ktev, tuncer, category, bağışkan, submitted, exhibited",Objective  Purpose  Submission Requirements  Competition Calender  Evaulation  Categories and Selection Committee  Awards  Contact
https://arucad.edu.tr/en/digital-learning-connectivity/,https://arucad.edu.tr/en/digital-learning-connectivity/,Digital Learning & Connectivity,EN,Kurumsal sayfa / page,"digital learning, connectivity, internet, online learning, digital, learning",
https://arucad.edu.tr/en/every-voice-matters/,https://arucad.edu.tr/en/every-voice-matters/,ARUCAD English Preparatory School Conference - Every Voice Matters,EN,Kurumsal sayfa / page,"seminer, konferans, etkinlik, İngilizce hazırlık, preparatory school, english, preparatory, school, conference, every, voice, matters, presentation explores, self efficacy, every learner, learners, learner, teachers, classroom","Expect to hear the word ‘mediation’ a lot in the near future. The CEFR has added descriptors for this area of communication. So teachers need to know what it is, why it matters and how you can teach it. Or maybe you alre…"
https://arucad.edu.tr/en/faculties/,https://arucad.edu.tr/en/faculties/,Faculties,EN,Kurumsal sayfa / page,"faculties, ayrıntılar faculty, dean dean, dean message, ayrıntılar, message, dean, institute, vocational, director, preparatoryschool, andperforming, school, faculty",INSTITUTE OF GRADUATE STUDIES AND RESEARCH Assoc. Prof. Dr. Nuran Öze Director of Institute Message from the Institute Director ARUCAD Institute of Graduate Studies and Research aims to enable our...
https://arucad.edu.tr/en/food-and-dining/,https://arucad.edu.tr/en/food-and-dining/,Food and Dining,EN,Kurumsal sayfa / page,"food, dining, garden cafeteria, poolside cafeteria, food drink, cafeteria, meals, poolside, drink, garden, foyer, sandwiches, cafe, cafeterias",
https://arucad.edu.tr/en/home/,https://arucad.edu.tr/en/home/,Home,EN,Kurumsal sayfa / page,"ana sayfa, home, ARUCAD, Arkın Yaratıcı Sanatlar ve Tasarım Üniversitesi, Arkin University of Creative Arts and Design, Girne, Kyrenia, KKTC, North Cyprus, learning announcements, announcements jan, jan sep, sep, jun, apr, clubs, announcements, jan, news, faculties, events, exhibitions","Social activities, clubs, events, societies and excursions at our university provide our students with various value-added benefits and invaluable gains."
https://arucad.edu.tr/en/innovating-education-through-sustainability/,https://arucad.edu.tr/en/innovating-education-through-sustainability/,Innovating Education Through Sustainability,EN,Kurumsal sayfa / page,"sürdürülebilirlik, SDG, innovating, education, sustainability, presentation ins, digital pragmatics, vocational technical, elt, dawn, pragmatics, efl, teacher, learners, abstracts, tesol",Conference Scope  Organizing Committee  Keynote Speaker  Speakers / Workshop Presenters  Programme  Abstracts  Important Dates  Registration Form
https://arucad.edu.tr/en/international-accreditation/,https://arucad.edu.tr/en/international-accreditation/,International Accreditation,EN,Kurumsal sayfa / page,"uluslararası, erasmus, international, akreditasyon, accreditation, accreditation cooperation, iau global, international accreditation, iau, cooperation, turkunib, org, global",
https://arucad.edu.tr/en/international-opportunities/,https://arucad.edu.tr/en/international-opportunities/,International Opportunities,EN,Kurumsal sayfa / page,"uluslararası, erasmus, international, opportunities, academic master, double award, official tuition, possibility, enrollment, besign, esail, italian, pay, shall, tuition, greenwich","ARUCAD aims to enhance its global perspective by expanding partnerships with foreign universities, facilitating exchange programs, pursuing memberships in international organizations, seeking accreditations, and particip…"
https://arucad.edu.tr/en/international-support-center/,https://arucad.edu.tr/en/international-support-center/,International Support Center,EN,Kurumsal sayfa / page,"uluslararası, erasmus, international, support, center, international students, support international, support includes, procedures, arrival, immigration, assistance, airport, entry, accommodation, guidance","ARUCAD provides comprehensive support to international students throughout their entire student journey, from their first enquiry and application to registration, arrival, study period, and graduation. The University aim…"
https://arucad.edu.tr/en/library/,https://arucad.edu.tr/en/library/,Library,EN,Kurumsal sayfa / page,"kütüphane, library, external users, users must, library staff, borrowing, borrow, users, loan, automation, overdue, lending, yes, databases, borrowed",ARUCAD Library  General Rules  Services  Interlibrary Cooperation  External User Rules  Student Printing Services  BookStore  F.A.Q.  Contact
https://arucad.edu.tr/en/news/,https://arucad.edu.tr/en/news/,News,EN,Kurumsal sayfa / page,"news, festival devamı, exhibition devamı, devamı acting, devamı, concludes, bilkent, european, masters, exhibition, protocol, theatre, games, icqaa",ARUCAD Presents Academic Study on Artificial Intelligence Governance at ICQAA 2026
https://arucad.edu.tr/en/nicosia-bandabuliya-campus/,https://arucad.edu.tr/en/nicosia-bandabuliya-campus/,Nicosia Bandabuliya Campus,EN,Kurumsal sayfa / page,"kampüs, campus life, seramik, cam, ceramics, glass, nicosia, bandabuliya, campus, bandabuliya campus, collaborative projects, rehearsal spaces, rehearsal, cafe, laboratory, historic, studios, rehearsals, socialise, shuttle","The ARUCAD Nicosia Bandabuliya Campus is a distinctive university campus located in the historic centre of Nicosia’s Walled City. It hosts the educational, rehearsal, creative production and performance activities of the…"
https://arucad.edu.tr/en/postgraduate-academic-calendar/,https://arucad.edu.tr/en/postgraduate-academic-calendar/,Postgraduate Academic Calendar,EN,Kurumsal sayfa / page,"akademik takvim, academic calendar, lisansüstü, yüksek lisans, graduate studies, postgraduate, academic, calendar, final day, deadline submission, last day, deadline, submission, submitting, thesis, defense, advisor, penalty, grades",September 16-18 2026 Start of 2026– 2027 Academic Year Fall Semester Online Course Registrations
https://arucad.edu.tr/en/prayer-rooms/,https://arucad.edu.tr/en/prayer-rooms/,Prayer Rooms,EN,Kurumsal sayfa / page,"prayer, rooms, prayer rooms, every faith, faith, users, quiet, locate, beliefs, respect, faiths, worship, pray, denomination",
https://arucad.edu.tr/en/psychological-counseling-and-advising-center/,https://arucad.edu.tr/en/psychological-counseling-and-advising-center/,Psychological Counseling and Advising Center,EN,Kurumsal sayfa / page,"psychological, counseling, advising, center, centre supports, personal development, psychological counselling, counselling, adjust, appointment, centre, interpersonal, telephone, helps",The ARUCAD Psychological Counselling and Guidance Centre supports students’ psychological well-being and personal development throughout their university education.
https://arucad.edu.tr/en/quality-commision/,https://arucad.edu.tr/en/quality-commision/,Quality Commision,EN,Kurumsal sayfa / page,"kalite, quality, commision, process management, quality committee, quality assurance, stakeholder, feedback, committee, assurance, document, system, survey, evidence, improvement","Quality Assurance and Governance  Quality Assurance System  Measurement, Evaluation, and Improvement  Stakeholder Management  Accreditation  Document and Process Management  Feedback  Contact"
https://arucad.edu.tr/en/research-center/,https://arucad.edu.tr/en/research-center/,Research Center,EN,Kurumsal sayfa / page,"araştırma, research, center, research center, research activities, chief scientific, officer, fellows, chief, researchers, multidisciplinary, journals, panteha, farmanesh, scientific",About  Chief Scientific Officer's Message  Director's Message  ARUCAD Scientific Research Principles
https://arucad.edu.tr/en/resilient-bodies-resonant-voices-women-gender-the-power-of-expression/,https://arucad.edu.tr/en/resilient-bodies-resonant-voices-women-gender-the-power-of-expression/,"Resilient Bodies, Resonant Voices: Women, Gender & the Power of Expression",EN,Kurumsal sayfa / page,"resilient, bodies, resonant, voices, women, gender, power, expression, international women, women day, opening march, gendered, intersectionality, exhibition","The Diversity, Equity & Inclusion Office of ARUCAD invites emerging artists, academics, and creators from around the world to submit works for an international exhibition opening on 8 March, International Women’s Day. Al…"
https://arucad.edu.tr/en/strategic-plan/,https://arucad.edu.tr/en/strategic-plan/,Strategic Plan,EN,Kurumsal sayfa / page,"stratejik plan, strategic, plan, download, report",
https://arucad.edu.tr/en/student-deans-office/,https://arucad.edu.tr/en/student-deans-office/,Student Dean’s Office,EN,Kurumsal sayfa / page,"student, dean, office, student dean, dean office, contact student, units, contact, unit, suggestion, coordination, suggestions, share, telephone, deans","The ARUCAD Student Dean’s Office serves as an accessible point of contact, guidance, and coordination between you and the University’s academic and administrative units."
https://arucad.edu.tr/en/the-arkin-rodin-collection-gallery-2/,https://arucad.edu.tr/en/the-arkin-rodin-collection-gallery-2/,The Arkın Rodin Collection Gallery,EN,Kurumsal sayfa / page,"Rodin koleksiyonu, Arkın Rodin Gallery, rodin, collection, gallery, collection works, gallery used, course visits, visits, lorenceau, certified, clock, tower, visitors, sculpture, auguste","Located in Kyrenia, The Arkın Rodin Collection Gallery is a museum and collection space accessible to ARUCAD students, academic staff and visitors. The Gallery houses the most comprehensive known collection of works by A…"
https://arucad.edu.tr/en/undergraduate-academic-calendar/,https://arucad.edu.tr/en/undergraduate-academic-calendar/,Undergraduate Academic Calendar,EN,Kurumsal sayfa / page,"akademik takvim, academic calendar, lisansüstü, yüksek lisans, graduate studies, undergraduate, academic, calendar, last day, day submission, national holiday, holiday, resit, last, penalty, grades, submission, bairam, late",September 16-18 2026 Online Course Registration for Fall Semester 2026-2027 Academic Year
https://arucad.edu.tr/en/videodance-competition/,https://arucad.edu.tr/en/videodance-competition/,ARUCAD High School Video Dance Competition,EN,Kurumsal sayfa / page,"yarışma, competition, dans, dance, high, school, 1st prize, prize 2nd, 2nd prize, prize, intentionally, participant, choreography, integrity, belong, filming, videodance","Not perfection, but thinking with space, being creative, and making the dance truly belong to that environment."
https://arucad.edu.tr/etkinlikler/,https://arucad.edu.tr/etkinlikler/,Etkinlikler,TR,Kurumsal sayfa / page,"etkinlikler, mezun sergisi, devamı mezun, devamı mezuniyet, devamı, sergisi, mezun, kapışması, kanallarına, korosu, suyun, kıyısında, belirsiz, kalır",Film Gösterimi: Film Tasarımı ve Yönetimi Bölümü Öğrencilerinin Mezuniyet Projeleri
https://arucad.edu.tr/event-grid/,https://arucad.edu.tr/event-grid/,Event Grid,TR,Kurumsal sayfa / page,"etkinlikler, events, event, grid",
https://arucad.edu.tr/event/,https://arucad.edu.tr/event/,Etkinlikler Archive,TR,Kurumsal sayfa / page,"etkinlikler, events, archive, event",
https://arucad.edu.tr/fakulteler/,https://arucad.edu.tr/fakulteler/,Fakülteler,TR,Kurumsal sayfa / page,"fakülteler, dekan dekan, dekan mesajı, meslek yüksekokulu, mesajı, yüksekokulu, devamı, dekan, yüksekokul, enstitüsü, enstitü, müdürü, fakültesi, meslek, fakulteler","LİSANSÜSTÜ EĞİTİM VE ARAŞTIRMA ENSTİTÜSÜ Doç. Dr. Nuran Öze Enstitü Müdürü Enstitü Müdürünün Mesajı ARUCAD Lisansüstü Eğitim ve Araştırma Enstitüsü sanat, tasarım ve iletişim alanlarında tezli ve tezsiz seçenekleriyle al…"
https://arucad.edu.tr/haberler/,https://arucad.edu.tr/haberler/,Haberler,TR,Kurumsal sayfa / page,"haberler, imzalandı devamı, taşıdı devamı, devamı oyunculuk, devamı, bilkent, buluşuyor, 2026, imzalandı, avrupa, taşıdı, festivali, tiyatro, oyunları","Prof. Dr. Kerem Karaboğa, “Ustalar Ustalarını Anlatıyor” Söyleşisinde Tiyatro Yolculuğunu ve Ustalık Anlayışını Paylaştı"
https://arucad.edu.tr/iletisim/,https://arucad.edu.tr/iletisim/,İletişim,TR,Kurumsal sayfa / page,"iletişim, contact, adres, telefon, sokak, ulaşın, adınız, soyadınız, iskenderun, caddesi, mesajınız, gönder, lefkoşa, uray, müftü, raci, efendi, iletisim",
https://arucad.edu.tr/kalite-komisyonu/,https://arucad.edu.tr/kalite-komisyonu/,Kalite Komisyonu,TR,Kurumsal sayfa / page,"kalite, quality, komisyonu, yönetim sistemi, kalite kurulu, anket, paydaş, sistemi, kanıt, raporu, tutanakları, pukö, ebys, anketler, matrisi",
https://arucad.edu.tr/kampus-haritasi/,https://arucad.edu.tr/kampus-haritasi/,Kampüs Haritası,TR,Kurumsal sayfa / page,"kampüs, campus life, kampüs haritası, campus map, haritası, oda rehberi, yurdu kültür, yaya, harita, yerleşkeleri, rehberi, oda, bina, binaları, yurdu, ziyaretçilerin, kampus, haritasi","ARUCAD’ın Girne ve Lefkoşa’daki yerleşkeleri; eğitim, yaratıcı üretim, öğrenci hizmetleri, sosyal yaşam, spor ve kültür-sanat faaliyetleri için kullanılan farklı bina ve tesislerden oluşur."
https://arucad.edu.tr/kampus-yasami/,https://arucad.edu.tr/kampus-yasami/,Kampüs Yaşamı,TR,Kurumsal sayfa / page,"kampüs, campus life, yaşamı, ilk yardım, ibadet dua, sanat tesisleri, dua, konaklama, ibadet, yardım, ulaşmalarını, kütüphane, destekler, oda, desteği, kampus, yasami","ARUCAD’ın kampüs yaşamı, Girne ana kampüsündeki günlük eğitim ve sosyal yaşam alanlarıyla diğer yerleşkelerdeki üretim, sanat ve performans mekânlarını bir araya getirir. Tesisler aşağıda bulundukları yere göre ayrılmışt…"
https://arucad.edu.tr/kampus-yasami/arucad-garden/,https://arucad.edu.tr/kampus-yasami/arucad-garden/,ARUCAD Sosyal Alanlar,TR,Kurumsal sayfa / page,"kampüs, campus life, sosyal, alanlar, bandabuliya cafe, olanak sağlar, sunar garden, garden, cafe, oturma, arkadaşlarıyla, mola, kampüsteki, yeme, içme, masası, kampus, yasami","ARUCAD Garden, kampüs içinde öğrencilerin yemek yiyebildiği, dinlenebildiği ve arkadaşlarıyla bir araya gelebildiği açık ve kapalı alanları bir araya getirir. Bahçe içindeki konumu ve oturma alanları, ders aralarında kıs…"
https://arucad.edu.tr/kampus-yasami/atolyeler/,https://arucad.edu.tr/kampus-yasami/atolyeler/,Atölyeler,TR,Kurumsal sayfa / page,"atölye, workshop, kampüs, campus life, atölyeler, atölyede öğrenciler, erimiş cam, soğuk cam, erimiş, atölyesinde, cam, tekniğinde, atölyede, soğuk, atölyesi, kil, kesme, döküm, kampus, yasami, atolyeler","ARUCAD’ın atölye, laboratuvar ve stüdyolarında projeksiyon ve ses sistemlerinin yanı sıra çevrim içi derslerin gerçekleştirilmesine olanak sağlayan kamera sistemleri bulunmaktadır. Bu teknolojik altyapı; ders içeriklerin…"
https://arucad.edu.tr/kampus-yasami/cesitlilik-esitlik-ve-kapsayicilik-ofisi/,https://arucad.edu.tr/kampus-yasami/cesitlilik-esitlik-ve-kapsayicilik-ofisi/,Çeşitlilik Eşitlik ve Kapsayıcılık Ofisi,TR,Kurumsal sayfa / page,"kampüs, campus life, çeşitlilik, eşitlik, kapsayıcılık, ofisi, deı politika, politika yönergesi, eşitlik kapsayıcılık, deı, koordinatör, ofis, yönergesi, politika, yayımlanan, posta, kampus, yasami, cesitlilik, esitlik, kapsayicilik",
https://arucad.edu.tr/kampus-yasami/ibadet-ve-dua-alanlari/,https://arucad.edu.tr/kampus-yasami/ibadet-ve-dua-alanlari/,İbadet ve Dua Alanları,TR,Kurumsal sayfa / page,"kampüs, campus life, ibadet, dua, alanları, ibadet dua, dua alanları, ortak kullanım, inançlara, edebilmeleri, kullanıcının, kullanım, oda, inanç, saygı, geleneklerine, kampus, yasami, alanlari",
https://arucad.edu.tr/kampus-yasami/laboratuvarlar/,https://arucad.edu.tr/kampus-yasami/laboratuvarlar/,Laboratuvarlar,TR,Kurumsal sayfa / page,"laboratuvar, lab, kampüs, campus life, laboratuvarlar, lab seramik, ses prodüksiyon, mac laboratuvarlarında, sağlayacaktır, mac, seramik, laboratuvarı, ses, prodüksiyon, düzenleme, laboratuvarlarında, üretiminin, kampus, yasami","ARUCAD’ın atölye, laboratuvar ve stüdyolarında projeksiyon ve ses sistemlerinin yanı sıra çevrim içi derslerin gerçekleştirilmesine olanak sağlayan kamera sistemleri bulunmaktadır. Bu teknolojik altyapı; ders içeriklerin…"
https://arucad.edu.tr/kampus-yasami/ogrenci-birligi/,https://arucad.edu.tr/kampus-yasami/ogrenci-birligi/,Öğrenci Birliği,TR,Kurumsal sayfa / page,"kampüs, campus life, birliği, konseyi yönetmeliği, çalışma esasları, konseyi, yönetmeliği, esasları, görüşlerini, işleri, iletir, konsey, önerilerin, taleplerini, iletebilirler, konseyin, kampus, yasami, ogrenci, birligi","ARUCAD Öğrenci Konseyi, öğrencilerin akademik, sosyal ve kültürel yaşama ilişkin görüşlerini Üniversitenin ilgili birimlerine iletir. Öğrenciler ile Üniversite yönetimi arasındaki iletişimi destekler ve kampüs deneyimini…"
https://arucad.edu.tr/kampus-yasami/ogrenci-el-kitapcigi/,https://arucad.edu.tr/kampus-yasami/ogrenci-el-kitapcigi/,Öğrenci El Kitapçığı,TR,Kurumsal sayfa / page,"kampüs, campus life, kitapçığı, indir, kampus, yasami, ogrenci, kitapcigi",
https://arucad.edu.tr/kampus-yasami/ogrenci-kulupleri/,https://arucad.edu.tr/kampus-yasami/ogrenci-kulupleri/,Öğrenci Kulüpleri,TR,Kurumsal sayfa / page,"öğrenci kulüpleri, student clubs, kampüs, campus life, kulüpleri, sanatları kulübü, kulüpler aracılığıyla, aktif kulübü, kulübü, kulüp, kulüpler, kulüplere, kulüplerine, gezileri, listesine, katılmanın, kulübün, geziler, kampus, yasami, ogrenci, kulupleri","Üniversite yaşamı yalnızca akademik eğitimden oluşmaz. Sosyal etkinlikler, öğrenci kulüpleri, topluluk çalışmaları, geziler, atölyeler ve ortak projeler, öğrencilerin üniversite deneyiminin önemli bir bölümünü oluşturur."
https://arucad.edu.tr/kampus-yasami/saglik-merkezleri/,https://arucad.edu.tr/kampus-yasami/saglik-merkezleri/,Sağlık Merkezleri,TR,Kurumsal sayfa / page,"kampüs, campus life, sağlık, merkezleri, ilk yardım, google maps, bulunan sağlık, hastanesi, yararlanma, hastaneyi, yardım, maps, akçiçek, google, devlet, kuruluşları, kampus, yasami, saglik","ARUCAD, öğrencilerin ve çalışanların sağlık ihtiyaçlarını kampüs içindeki temel ilk yardım desteği ve kampüs dışındaki sağlık kuruluşlarına erişim olanaklarıyla destekler. Girne şehir merkezindeki konumu, Üniversitenin y…"
https://arucad.edu.tr/kampus-yasami/sahneler/,https://arucad.edu.tr/kampus-yasami/sahneler/,Sahneler,TR,Kurumsal sayfa / page,"kampüs, campus life, sahneler, courtyard ana, ana sahne, sahne tiyatro, agora, sahne, courtyard, konserler, salonu, buluşturan, konser, tiyatrosu, kullanılır, antik, kampus, yasami",Bandabuliya Sahnesi (BlackBox)  Courtyard Ana Sahne  Agora Açık Sahne  Sanat Galerisi Sahnesi  Konferans Salonu
https://arucad.edu.tr/kampus-yasami/sanat-tesisleri/,https://arucad.edu.tr/kampus-yasami/sanat-tesisleri/,Sanat Tesisleri,TR,Kurumsal sayfa / page,"kampüs, campus life, sanat, tesisleri, konser performans, açık hava, sanat mekanları, koleksiyon, galeri, rodin, konser, agora, sergilenmektedir, koleksiyonun, mekanları, faaliyete, kampus, yasami",oluşturur. Ayrıntılı koleksiyon tarihi ve eser bilgileri mevcut galeri sayfasında
https://arucad.edu.tr/kampus-yasami/spor-faaliyetleri/,https://arucad.edu.tr/kampus-yasami/spor-faaliyetleri/,Spor Faaliyetleri,TR,Kurumsal sayfa / page,"spor, sports, kampüs, campus life, faaliyetleri, açık hava, colony hotel, fiziksel aktivite, basketbol, takımları, fitness, sportif, erkek, aktivite, hotel, takımı, geçirebilecekleri, kampus, yasami","ARUCAD, öğrencilerinin fiziksel olarak aktif, sağlıklı ve sosyal bir üniversite yaşamı sürdürmelerini destekler. Öğrenciler, kampüs içindeki spor ve rekreasyon alanlarının yanı sıra Üniversitenin iş birliği yaptığı kampü…"
https://arucad.edu.tr/kampus-yasami/studyolar/,https://arucad.edu.tr/kampus-yasami/studyolar/,Stüdyolar,TR,Kurumsal sayfa / page,"stüdyo, studio, kampüs, campus life, stüdyolar, fotoğraf stüdyosu, tasarım stüdyosu, greenbox stüdyosu, stüdyosu, greenbox, masaları, elverişli, zeminle, anlatımlı, stüdyolarında, radyo, alanıdır, projeksiyon, kampus, yasami, studyolar","ARUCAD’ın atölye, laboratuvar ve stüdyolarında projeksiyon ve ses sistemlerinin yanı sıra çevrim içi derslerin gerçekleştirilmesine olanak sağlayan kamera sistemleri bulunmaktadır. Bu teknolojik altyapı; ders içeriklerin…"
https://arucad.edu.tr/kampus-yasami/ulasim/,https://arucad.edu.tr/kampus-yasami/ulasim/,Ulaşım,TR,Kurumsal sayfa / page,"ulaşım, servis, transportation, kampüs, campus life, ulaşımını destekler, güncel servis, ana kampüs, yaya, ulaşımını, servisler, güzergâhları, ücretsiz, dönemin, saatleri, alanlarına, kampus, yasami, ulasim","ARUCAD, ücretsiz servis hizmetiyle öğrencilerin kampüslere, eğitim alanlarına ve konaklama tesislerine ulaşımını destekler. Üniversite, modern araçların yanı sıra geleneksel Kıbrıs “Bedford” otobüslerini de ulaşım filosu…"
https://arucad.edu.tr/kampus-yasami/yeme-icme-alanlari/,https://arucad.edu.tr/kampus-yasami/yeme-icme-alanlari/,Yeme İçme Alanları,TR,Kurumsal sayfa / page,"kampüs, campus life, yeme, içme, alanları, yeme içme, garden kafeterya, başı kafeterya, kafeterya, seçenekler, havuz, garden, sandviç, başı, cafe, yemek, kampus, yasami, icme, alanlari",Sizleri ARUCAD İngilizce Hazırlık Okulu’nda görmekten büyük mutluluk duyuyor ve akademik ailemizin bir parçası olmanızdan dolayı sizleri içtenlikle tebrik ediyorum.
https://arucad.edu.tr/kutuphane/,https://arucad.edu.tr/kutuphane/,Kütüphane,TR,Kurumsal sayfa / page,"kütüphane, library, dış kullanıcılar, ödünç alma, yalnızca kütüphane, iade, ödünç, kütüphanemizde, kullanıcılar, ıll, kütüphaneden, miyim, yararlanabilirler, kütüphaneye, otomasyon, kutuphane",ARUCAD Kütüphane  Genel Kurallar  Hizmetler  Kütüphanelerarası İşbirliği  Dış Kullanıcılar için
https://arucad.edu.tr/lefkosa-bandabuliya-kampusu/,https://arucad.edu.tr/lefkosa-bandabuliya-kampusu/,Lefkoşa Bandabuliya Kampüsü,TR,Kurumsal sayfa / page,"kampüs, campus life, lefkoşa, bandabuliya, kampüsü, disiplinler arası, bandabuliya kampüsü, tiyatro dans, prova, tarihî, laboratuvarı, restore, buluşturmasına, disiplinler, ses, bölümlerden, lefkosa, kampusu","ARUCAD Lefkoşa Bandabuliya Kampüsü, Lefkoşa Surlariçi’nin tarihî merkezinde bulunan ve Müzik ve Sahne Sanatları Fakültesinin eğitim, prova, yaratıcı üretim ve performans faaliyetlerine ev sahipliği yapan özel bir yerleşk…"
https://arucad.edu.tr/lisans-akademik-takvim/,https://arucad.edu.tr/lisans-akademik-takvim/,Lisans Akademik Takvim,TR,Kurumsal sayfa / page,"akademik takvim, academic calendar, lisans, akademik, takvim, teslimi son, müdürlüğü teslimi, işleri müdürlüğü, teslimi, cezalı, bütünleme, başlangıcı, notların, bayramı, onaylama, dersten",Eylül 16-18 2026 2026 – 2027 Akademik Yılı Güz Dönemi Çevrimiçi Ders Kayıtları Başlangıcı
https://arucad.edu.tr/lisansustu-akademik-takvim/,https://arucad.edu.tr/lisansustu-akademik-takvim/,Lisansüstü Akademik Takvim,TR,Kurumsal sayfa / page,"akademik takvim, academic calendar, lisansüstü, yüksek lisans, graduate studies, akademik, takvim, teslimi son, öğrencilerinin tez, tez savunması, enstitüye, teslimi, formlarının, savunması, atama, tez, edilmesinin, cezalı, lisansustu",Eylül 16-18 2026 2026 – 2027 Akademik Yılı Güz Dönemi Çevrimiçi Ders Kayıtları Başlangıcı
https://arucad.edu.tr/ogrenci-dekanligi/,https://arucad.edu.tr/ogrenci-dekanligi/,Öğrenci Dekanlığı,TR,Kurumsal sayfa / page,"dekanlığı, daire başkanlığı, ihtiyaç duyuyorsan, ihtiyaç duyduğun, birime, birimlerle, duyuyorsan, bizimle, duyduğun, koordinasyonunu, destekleriz, desteğe, önerin, geçebilirsin, ogrenci, dekanligi","ARUCAD Öğrenci Dekanlığı, seninle Üniversitenin akademik ve idari birimleri arasında erişilebilir bir temas, yönlendirme ve koordinasyon mekanizmasıdır."
https://arucad.edu.tr/professors/,https://arucad.edu.tr/professors/,Professors,TR,Kurumsal sayfa / page,"akademisyenler, öğretim üyeleri, professors, load, faculty",
https://arucad.edu.tr/psikolojik-danismanlik-merkezi/,https://arucad.edu.tr/psikolojik-danismanlik-merkezi/,Psikolojik Danışmanlık Merkezi,TR,Kurumsal sayfa / page,"psikolojik, danışmanlık, merkezi, kişiler arası, öğrencilerin kişisel, yaşamına uyum, randevu, merkez, gizlilik, danışmanlığı, olur, grup, başa, telefon, danismanlik","ARUCAD Psikolojik Danışmanlık ve Rehberlik Merkezi (PDRM), öğrencilerin üniversite eğitimleri boyunca psikolojik iyi oluşlarını ve kişisel gelişimlerini destekler."
https://arucad.edu.tr/research/,https://arucad.edu.tr/research/,Research,TR,Kurumsal sayfa / page,"araştırma, research, medicine research, health disease, medicine, disease, discoveries, researchers, health, treatments, healthcare, care, medical, interventions, innovation","Embarking on the frontiers of knowledge, Medicine Research is a dynamic and groundbreaking endeavor dedicated to unraveling the mysteries of health and disease. At the innovation and compassionate care, researchers in me…"
https://arucad.edu.tr/sanat-fakultesi/,https://arucad.edu.tr/sanat-fakultesi/,Sanat Fakültesi,TR,Kurumsal sayfa / page,"Sanat Fakültesi, Faculty of Arts, sanat, fakültesi, fakultesi",
https://arucad.edu.tr/sikayet-dilek-ve-oneri-formu/,https://arucad.edu.tr/sikayet-dilek-ve-oneri-formu/,"Şikayet, Dilek ve Öneri Formu",TR,Kurumsal sayfa / page,"şikayet, dilek, öneri, formu, numarası, email, bitirebilmek, tarayıcınızda, etkinleştirin, dosya, yükleyin, yüklemek, tıklayın, sürükleyin, sikayet, oneri","Talebiniz değerlendirildikten sonra size bilgilendirme yapabilmemiz için yukarıda belirttiğimiz isim, öğrenci numarası ve email bilgilerini yazmanızı öneririz."
https://arucad.edu.tr/stratejik-plan/,https://arucad.edu.tr/stratejik-plan/,Stratejik Plan,TR,Kurumsal sayfa / page,"stratejik plan, stratejik, plan, indir, raporu",
https://arucad.edu.tr/tarihimizden-detaylar-tasarim-yarismasi/,https://arucad.edu.tr/tarihimizden-detaylar-tasarim-yarismasi/,Tarihimizden Detaylar Tasarım Yarışması,TR,Kurumsal sayfa / page,"yarışma, competition, tarihimizden, tasarım, yarışması, tuncer bağışkan, usd usd, kültür bakanlığı, usd, ktev, halkbilimi, tuncer, bağışkan, arkeolog, seçici, aşamaya, tasarim, yarismasi",Konu  Tuncer Bağışkan Kimdir?  Katılım Şartları  Yarışma Takvimi  Değerlendirme  Kategori ve Seçici Kurul  Ödüller  İletişim
https://arucad.edu.tr/the-arkin-rodin-collection-gallery/,https://arucad.edu.tr/the-arkin-rodin-collection-gallery/,The Arkın Rodin Collection Gallery,TR,Kurumsal sayfa / page,"Rodin koleksiyonu, Arkın Rodin Gallery, rodin, collection, gallery, rodin collection, collection gallery, hareket duygu, koleksiyonun, koleksiyon, koleksiyonda, galeri, ziyaretleri, lorenceau, ilgisi, müze","Girne’de bulunan The Arkın Rodin Collection Gallery, ARUCAD öğrencileri, akademik personeli ve ziyaretçiler için erişilebilir bir müze ve koleksiyon alanıdır. Galeri, Doğu Akdeniz’de bilinen en kapsamlı Auguste Rodin kol…"
https://arucad.edu.tr/uluslararasi-olanaklar/,https://arucad.edu.tr/uluslararasi-olanaklar/,Uluslararası Olanaklar,TR,Kurumsal sayfa / page,"uluslararası, erasmus, international, olanaklar, yüksek lisans, değişim programına, akademik yüksek, ayrıcalıkları, ücreti, ücret, normal, ücretlerini, başvurulmalıdır, esaıl, değişim, dönemindeki, uluslararasi","ARUCAD, uluslararası iş birliklerini genişleterek küresel perspektifini artırmayı hedeflemektedir. Bu doğrultuda, yabancı üniversitelerle ortaklıklar kurmak, değişim programlarını kolaylaştırmak, uluslararası organizasyo…"
https://arucad.edu.tr/videodans-yarismasi/,https://arucad.edu.tr/videodans-yarismasi/,ARUCAD Liseler Arası Video Dans Yarışması,TR,Kurumsal sayfa / page,"yarışma, competition, dans, dance, lise öğrencileri, high school, liseler, arası, yarışması, birinci ikinci, ikinci üçüncü, müzik kullanımı, videoda, olmalı, olmalıdır, stilinde, sergileyebilir, kullanabilirler, çekimler, videodans, yarismasi","Mükemmel olmak değil; mekânla düşünmek, yaratıcı olmak ve dansı gerçekten o alana ait hissettirmektir."
https://arucad.edu.tr/16-uluslararasi-ekonomi-ve-sosyal-bilimler-konferansi-arucad-ev-sahipliginde-tamamlandi/,https://arucad.edu.tr/16-uluslararasi-ekonomi-ve-sosyal-bilimler-konferansi-arucad-ev-sahipliginde-tamamlandi/,16. Uluslararası Ekonomi ve Sosyal Bilimler Konferansı ARUCAD Ev Sahipliğinde Tamamlandı,TR,Haber / news,"uluslararası, erasmus, international, seminer, konferans, etkinlik, ekonomi, sosyal, bilimler, konferansı, sahipliğinde, tamamlandı, dijital dönüşüm, sürdürülebilirlik dijital, yapay zekâ, konferansın, finans, oturumların, hukuk, uluslararasi, konferansi, sahipliginde, tamamlandi","Arkın Yaratıcı Sanatlar ve Tasarım Üniversitesi (ARUCAD), PEN Research Institute iş birliğiyle düzenlenen 16. Uluslararası Ekonomi ve Sosyal Bilimler Konferansı'na (ECLSS 2026) ev sahipliği yaptı. 29 Haziran–1 Temmuz tar…"
https://arucad.edu.tr/7-uluslararasi-peyzaj-mimarligi-arastirmalari-kongresi-arucadda-gerceklesti/,https://arucad.edu.tr/7-uluslararasi-peyzaj-mimarligi-arastirmalari-kongresi-arucadda-gerceklesti/,"7. Uluslararası Peyzaj Mimarlığı Araştırmaları Kongresi, ARUCAD’da Gerçekleşti",TR,Haber / news,"uluslararası, erasmus, international, araştırma, research, mimarlık, architecture, peyzaj, mimarlığı, araştırmaları, kongresi, gerçekleşti, duyarlı tasarım, iklim duyarlı, peyzaj mimarlığı, iklim, kongre, ıclar, mücadelede, kongrenin, uluslararasi, mimarligi, arastirmalari, arucadda, gerceklesti","Arkın Yaratıcı Sanatlar ve Tasarım Üniversitesi (ARUCAD), 20–21 Kasım 2025 tarihlerinde 7. Uluslararası Peyzaj Mimarlığı Araştırmaları Kongresi’ne (ICLAR 2025) ev sahipliği yaptı. Girne’de yer alan ARUCAD Konferans Salon…"
https://arucad.edu.tr/adobe-animate-ile-2d-animasyon-atolyesi-gerceklesti/,https://arucad.edu.tr/adobe-animate-ile-2d-animasyon-atolyesi-gerceklesti/,Adobe Animate ile 2D Animasyon Atölyesi Gerçekleşti,TR,Haber / news,"atölye, workshop, animasyon, animation, adobe, animate, atölyesi, gerçekleşti, adobe animate, animate animasyon, animasyon atölyesi, animasyonun, netlik, oluşturulacağı, işleyişini, deneyimlemelerine, anlatımla, atolyesi, gerceklesti","Yrd. Doç. Dr. Ali Çağan Uzman tarafından yürütülen Adobe Animate ile 2D Animasyon Atölyesi, 19 Kasım 2025 Çarşamba günü ARUCAD’da gerçekleştirildi. Uygulamalı olarak düzenlenen atölyede, Adobe Animate programı kullanılar…"
https://arucad.edu.tr/arucad-2024-2025-akademik-yili-acilis-dersini-esail-direktoru-dr-pascal-bertrand-verdi/,https://arucad.edu.tr/arucad-2024-2025-akademik-yili-acilis-dersini-esail-direktoru-dr-pascal-bertrand-verdi/,"ARUCAD 2024-2025 Akademik Yılı Açılış Dersini, ESAIL Direktörü Dr. Pascal Bertrand Verdi",TR,Haber / news,"yönetim, administration, rektörlük, akademik, açılış, dersini, esaıl, direktörü, pascal, bertrand, verdi, pascal bertrand, kültürel mirasın, mirasın restorasyonla, mirasın, restorasyonla, korunmasının, yili, acilis, esail, direktoru","Arkın Yaratıcı Sanatlar ve Tasarım Üniversitesi (ARUCAD), 2024-2025 Akademik Yılı açılışı, ARUCAD Rektörü Prof. Dr. Asım Vehbi’nin konuşmasıyla başla dı . Açılış dersini, ESAIL ( Ecole Supérieure d'Architecture Intérieur…"
https://arucad.edu.tr/arucad-2024-2025-akademik-yili-guz-donemi-mezunlarinin-sergileri-sanatseverlerle-bulustu/,https://arucad.edu.tr/arucad-2024-2025-akademik-yili-guz-donemi-mezunlarinin-sergileri-sanatseverlerle-bulustu/,ARUCAD 2024-2025 Akademik Yılı Güz Dönemi Mezunlarının Sergileri Sanatseverlerle Buluştu,TR,Haber / news,"kariyer, mezunlar, career, alumni, sergi, exhibition, akademik, güz, dönemi, mezunlarının, sergileri, sanatseverlerle, buluştu, iştah arzu, şirin gazi, sevgi songur, iştah, kaçış, ani, arzu, yili, guz, donemi, mezunlarinin, bulustu","Arkın Yaratıcı Sanatlar ve Tasarım Üniversitesi (ARUCAD) 2024-2025 Akademik Yılı Güz Dönemi Plastik Sanatlar Bölümü mezunları, mezuniyet projeleri kapsamında hazırladıkları kişisel sergilerini Lefkoşa ve Girne’de sanatse…"
https://arucad.edu.tr/arucad-2024-2025-akademik-yili-mezuniyet-torenini-gerceklestirdi/,https://arucad.edu.tr/arucad-2024-2025-akademik-yili-mezuniyet-torenini-gerceklestirdi/,"ARUCAD, 2024–2025 Akademik Yılı Mezuniyet Törenini Gerçekleştirdi",TR,Haber / news,"kariyer, mezunlar, career, alumni, mezuniyet, graduation, akademik, törenini, gerçekleştirdi, yrd sinan, oscar okezie, bölüm birincilerine, sizler, okezie, oscar, birincilerine, törende, hikâyelere, yazılmamış, yili, torenini, gerceklestirdi","Arkın Yaratıcı Sanatlar ve Tasarım Üniversitesi (ARUCAD), 80 öğrencisini, 3 Temmuz Perşembe akşamı Üniversitenin Girne’deki kampüsünde düzenlenen 2024–2025 Akademik Yılı Mezuniyet Töreniyle uğurladı . ARUCAD’ın dördüncü …"
https://arucad.edu.tr/arucad-2025-2026-akademik-yili-mezuniyet-torenini-gerceklestirdi/,https://arucad.edu.tr/arucad-2025-2026-akademik-yili-mezuniyet-torenini-gerceklestirdi/,"ARUCAD, 2025–2026 Akademik Yılı Mezuniyet Törenini Gerçekleştirdi",TR,Haber / news,"kariyer, mezunlar, career, alumni, mezuniyet, graduation, akademik, törenini, gerçekleştirdi, mezuniyet töreni, yrd sinan, yuri pliushch, pliushch, davetliler, aileleri, yuri, yapmanız, gerekeni, vazgeçmeyin, yili, torenini, gerceklestirdi","Arkın Yaratıcı Sanatlar ve Tasarım Üniversitesi (ARUCAD), 150 öğrencisini, 7 Temmuz Salı akşamı saat 19.00’da Girne’deki kampüsünde düzenlenen 2025–2026 Akademik Yılı Mezuniyet Töreni ile uğurladı. ARUCAD’ın 5. Mezuniyet…"
https://arucad.edu.tr/arucad-2025-2026-akademik-yili-oryantasyon-gunleri-gerceklesti/,https://arucad.edu.tr/arucad-2025-2026-akademik-yili-oryantasyon-gunleri-gerceklesti/,ARUCAD 2025–2026 Akademik Yılı Oryantasyon Günleri Gerçekleşti,TR,Haber / news,"oryantasyon, orientation, akademik, günleri, gerçekleşti, oryantasyon günleri, lefkoşa parade, lefkoşa bandabuliya, performanslarıyla, couture, şehrin, karaoke, parade, lefkoşa, atölyelerde, yili, gunleri, gerceklesti","Arkın Yaratıcı Sanatlar ve Tasarım Üniversitesi (ARUCAD), 2025–2026 Akademik Yılı Oryantasyon Günleri’ni 15–17 Ekim tarihleri arasında Girne Ana Kampüs ve Lefkoşa Bandabuliya Kampüsü’nde gerçekleştirdi. Halka açık olarak…"
https://arucad.edu.tr/arucad-5-egitim-calistayi-prof-dr-binnur-yesilyaprakin-katilimiyla-gerceklesti/,https://arucad.edu.tr/arucad-5-egitim-calistayi-prof-dr-binnur-yesilyaprakin-katilimiyla-gerceklesti/,"ARUCAD 5. Eğitim Çalıştayı, Prof. Dr. Binnur Yeşilyaprak’ın Katılımıyla Gerçekleşti",TR,Haber / news,"eğitim, çalıştayı, binnur, yeşilyaprak, katılımıyla, gerçekleşti, heykeli ortaya, binnur yeşilyaprak, akademisyen yazar, öğretmenlere, heykeli, semineriyle, doğuştan, taşı, egitim, calistayi, yesilyaprakin, katilimiyla, gerceklesti","Arkın Yaratıcı Sanatlar ve Tasarım Üniversitesi (ARUCAD), Kuzey Kıbrıs’taki lise ve ortaokul öğretmenlerine yönelik düzenlediği geleneksel eğitim çalıştaylarının beşincisini 11 Aralık Perşembe günü Üniversitenin Konferan…"
https://arucad.edu.tr/arucad-5-liseler-arasi-tasarim-yarismasi-odul-toreni-gerceklesti/,https://arucad.edu.tr/arucad-5-liseler-arasi-tasarim-yarismasi-odul-toreni-gerceklesti/,ARUCAD 5. Liseler Arası Tasarım Yarışması Ödül Töreni Gerçekleşti,TR,Haber / news,"yarışma, competition, lise öğrencileri, high school, liseler, arası, tasarım, yarışması, ödül, töreni, gerçekleşti, lisesi öğrencisi, arası tasarım, kuzey kıbrıs, lisesi, öğrencisi, yarışmaya, ödülleri, arasi, tasarim, yarismasi, odul, toreni, gerceklesti","Arkın Yaratıcı Sanatlar ve Tasarım Üniversitesi (ARUCAD) tarafından düzenlenen 5. Liseler Arası Tasarım Yarışması’nın kazananlarına, 17 Aralık Salı akşamı ARUCAD Sanat Galerisi’nde gerçekleşen törenle ödülleri sunuldu. B…"
https://arucad.edu.tr/arucad-6-liseler-arasi-tasarim-yarismasi-odul-toreni-gerceklesti/,https://arucad.edu.tr/arucad-6-liseler-arasi-tasarim-yarismasi-odul-toreni-gerceklesti/,ARUCAD 6. Liseler Arası Tasarım Yarışması Ödül Töreni Gerçekleşti,TR,Haber / news,"yarışma, competition, lise öğrencileri, high school, liseler, arası, tasarım, yarışması, ödül, töreni, gerçekleşti, lisesi öğrencisi, sanatlar lisesi, güzel sanatlar, altıncısını, lisesi, öğrencisi, dönüşümle, arasi, tasarim, yarismasi, odul, toreni, gerceklesti","Arkın Yaratıcı Sanatlar ve Tasarım Üniversitesi (ARUCAD) tarafından düzenlenen 6. Liseler Arası Tasarım Yarışması, bu yıl “Atıktan Sanata: Geri Dönüşümle Estetik” temasıyla gerçekleştirildi. Kuzey Kıbrıs, Türkiye ve ulus…"
https://arucad.edu.tr/arucad-akademisyeni-doc-dr-elham-etemadinin-sani-ol-molks-the-thousand-and-one-nights-a-study-of-image-content-and-visual-adaptation-adli-kitabi-sp/,https://arucad.edu.tr/arucad-akademisyeni-doc-dr-elham-etemadinin-sani-ol-molks-the-thousand-and-one-nights-a-study-of-image-content-and-visual-adaptation-adli-kitabi-sp/,ARUCAD Akademisyeni Doç. Dr. Elham Etemadi’nin “Sani‘ ol-Molk’s The Thousand and One Nights: A Study of Image Content and Visual Adaptation” Adlı Kitabı Springer Yayınevinden Çıktı,TR,Haber / news,"akademisyeni, elham, etemadi, sani, molk, thousand, nights, study, ımage, content, visual, adaptation, adlı, kitabı, springer, yayınevinden, çıktı, springer nature, binbir gece, gece masalları, doc, etemadinin, molks, adli, kitabi",ARUCAD Akademisyeni Doç. Dr. Elham Etemadi’nin “Sani‘ ol-Molk’s The Thousand and One Nights: A Study of Image Content and Visual Adaptation” Adlı Kitabı Springer Yayınevinden Çıktı
https://arucad.edu.tr/arucad-akademisyenleri-gurcistanda-cudes-2024-kongresine-katilarak-calismalarini-sundu/,https://arucad.edu.tr/arucad-akademisyenleri-gurcistanda-cudes-2024-kongresine-katilarak-calismalarini-sundu/,ARUCAD Akademisyenleri Gürcistan’da CUDES 2024 Kongresine Katılarak Çalışmalarını Sundu,TR,Haber / news,"akademisyenleri, gürcistan, cudes, kongresine, katılarak, çalışmalarını, sundu, cudes uluslararası, bilimlerde güncel, başlıklı çalışmasını, bilimlerin, iran, enstitü, bilimlerde, gurcistanda, katilarak, calismalarini","Arkın Yaratıcı Sanatlar ve Tasarım Üniversitesi (ARUCAD) Enstitü Müdürü ve İletişim Fakültesi Dekan Yardımcısı Doç. Dr. Nuran Öze ile Tekstil ve Moda Tasarımı Bölüm Başkanı Doç. Dr. Elham Etemadi ,7-8 Eylül 2024 tarihler…"
https://arucad.edu.tr/arucad-ana-sponsorlugunda-franz-schubert-oda-muzigi-konseri-gerceklesecek/,https://arucad.edu.tr/arucad-ana-sponsorlugunda-franz-schubert-oda-muzigi-konseri-gerceklesecek/,ARUCAD Ana Sponsorluğunda Franz Schubert Oda Müziği Konseri Gerçekleşecek,TR,Haber / news,"konser, müzik etkinliği, ana, sponsorluğunda, franz, schubert, oda, müziği, konseri, gerçekleşecek, oda müziği, konser ekim, ekim cumartesi, cumhurbaşkanlığı, oktet, mavi, sponsorlugunda, muzigi, gerceklesecek","Arkın Yaratıcı Sanatlar ve Tasarım Üniversitesi’nin (ARUCAD) ana sponsorluğunda, Kuzey Kıbrıs Türk Cumhuriyeti Cumhurbaşkanlığı Senfoni Orkestrası, Franz Schubert’in unutulmaz oda müziği eserlerinden Oktet’i sanatseverle…"
https://arucad.edu.tr/arucad-anafartalar-lisesi-ogrencilerine-sosyal-medya-ve-benlik-algisi-semineri-duzenledi/,https://arucad.edu.tr/arucad-anafartalar-lisesi-ogrencilerine-sosyal-medya-ve-benlik-algisi-semineri-duzenledi/,"ARUCAD, Anafartalar Lisesi Öğrencilerine Sosyal Medya ve Benlik Algısı Semineri Düzenledi",TR,Haber / news,"seminer, konferans, etkinlik, lise öğrencileri, high school, anafartalar, lisesi, öğrencilerine, sosyal, medya, benlik, algısı, semineri, düzenledi, sosyal medya, anafartalar lisesi, lisesi öğrencilerine, zorbalık, psikolojik, ogrencilerine, algisi, duzenledi","Arkın Yaratıcı Sanatlar ve Tasarım Üniversitesi (ARUCAD), gençlerin dijital dünyadaki deneyimlerine dikkat çekmek amacıyla Anafartalar Lisesi öğrencilerine yönelik iki farklı seminer gerçekleştirdi."
https://arucad.edu.tr/arucad-armando-milaninin-war-to-peace-eserini-lefkosanin-kalbine-tasidi/,https://arucad.edu.tr/arucad-armando-milaninin-war-to-peace-eserini-lefkosanin-kalbine-tasidi/,"ARUCAD, Armando Milani’nin “War to Peace” eserini Lefkoşa’nın kalbine taşıdı",TR,Haber / news,"iş ilanı, job vacancy, armando, milani, war, peace, eserini, lefkoşa, kalbine, taşıdı, duvar resmi, armando milani, milani war, duvarı, ltb, uygulandı, milaninin, lefkosanin, tasidi","ARUCAD ve Lefkoşa Türk Belediyesi (LTB), grafik tasarımın en ikonik barış imgelerinden birini surlar içindeki kente kazandırdı. LTB'nin Surlariçi yaya bölgesinde Kuyumcular Sokak ile Mithat Paşa Sokak'ta yürüttüğü restor…"
https://arucad.edu.tr/arucad-atolyelerinde-ataturk-meslek-lisesi-brans-ogretmenlerine-cam-ve-seramik-egitimi-verildi/,https://arucad.edu.tr/arucad-atolyelerinde-ataturk-meslek-lisesi-brans-ogretmenlerine-cam-ve-seramik-egitimi-verildi/,ARUCAD Atölyelerinde Atatürk Meslek Lisesi Branş Öğretmenlerine Cam ve Seramik Eğitimi Verildi,TR,Haber / news,"atölye, workshop, lise öğrencileri, high school, seramik, cam, ceramics, glass, atölyelerinde, atatürk, meslek, lisesi, branş, öğretmenlerine, eğitimi, verildi, cam seramik, lisesi branş, branş öğretmenlerine, öğretmenlerin, atolyelerinde, ataturk, brans, ogretmenlerine, egitimi","Arkın Yaratıcı Sanatlar ve Tasarım Üniversitesi (ARUCAD), Atatürk Meslek Lisesi’nin branş öğretmenlerine yönelik olarak cam ve seramik alanında eğitim düzenledi. ARUCAD’ın yaratıcı ve uygulamalı eğitim olanakları sunan a…"
https://arucad.edu.tr/arucad-bahar-donemi-mezuniyet-sergileri-lefkosa-ve-girnede-sanatseverlerle-bulustu/,https://arucad.edu.tr/arucad-bahar-donemi-mezuniyet-sergileri-lefkosa-ve-girnede-sanatseverlerle-bulustu/,ARUCAD Bahar Dönemi Mezuniyet Sergileri Lefkoşa ve Girne’de Sanatseverlerle Buluştu,TR,Haber / news,"kariyer, mezunlar, career, alumni, sergi, exhibition, mezuniyet, graduation, bahar, dönemi, sergileri, lefkoşa, girne, sanatseverlerle, buluştu, sergi haziran, adlı sergisi, bölümü mezunlarından, sergisi, açıldı, mezunlarından, donemi, lefkosa, girnede, bulustu","Arkın Yaratıcı Sanatlar ve Tasarım Üniversitesi (ARUCAD) 2024–2025 Akademik Yılı Bahar Dönemi mezunlarının mezuniyet projeleri kapsamında hazırladıkları bireysel sergiler, Lefkoşa ve Girne’de sanatseverlerle buluştu. Pla…"
https://arucad.edu.tr/arucad-christmas-creative-bazaar-kampuste-gerceklestirildi/,https://arucad.edu.tr/arucad-christmas-creative-bazaar-kampuste-gerceklestirildi/,ARUCAD Christmas Creative Bazaar Kampüste Gerçekleştirildi,TR,Haber / news,"kampüs, campus life, christmas, creative, bazaar, kampüste, gerçekleştirildi, christmas creative, creative bazaar, plana çıktığı, kulüplerinin, çıktığı, vakit, plana, gösteriler, stantlarla, kampuste, gerceklestirildi","Arkın Yaratıcı Sanatlar ve Tasarım Üniversitesi (ARUCAD) Ana Kampüsü’nde düzenlenen Christmas Creative Bazaar, müzik, gösteriler, oyunlar ve öğrenci kulüplerinin katkılarıyla hazırlanan stantlarla yılbaşı atmosferini kam…"
https://arucad.edu.tr/arucad-cinematic-seeds-festival-2026-basvurulari-devam-ediyor/,https://arucad.edu.tr/arucad-cinematic-seeds-festival-2026-basvurulari-devam-ediyor/,ARUCAD Cinematic Seeds Festival 2026 Başvuruları Devam Ediyor,TR,Haber / news,"başvuru, application, kayıt, festival, sinema, film, televizyon, cinematic, seeds, başvuruları, devam, ediyor, seeds festival, cinematic seeds, festival şubat, kurmaca, yapımların, filmler, kategorilerinde, hibrit, basvurulari","Arkın Yaratıcı Sanatlar ve Tasarım Üniversitesi (ARUCAD), dünya genelindeki öğrenci ve yeni mezun yönetmenlerin yaratıcılıklarını sergileyebilecekleri yeni bir uluslararası platform olan Cinematic Seeds Festival’in ilk e…"
https://arucad.edu.tr/arucad-cinematic-seeds-festivalinde-oduller-sahiplerini-buldu/,https://arucad.edu.tr/arucad-cinematic-seeds-festivalinde-oduller-sahiplerini-buldu/,ARUCAD Cinematic Seeds Festival’inde Ödüller Sahiplerini Buldu,TR,Haber / news,"festival, sinema, film, televizyon, cinematic, seeds, ödüller, sahiplerini, buldu, genç sinemacılar, cinematic seeds, festival ilk, sinemacılar, filmler, rusya, seçkiye, hindistan, festivalinde, oduller","Arkın Yaratıcı Sanatlar ve Tasarım Üniversitesi (ARUCAD) tarafından, dünya genelindeki öğrenci ve yeni mezun yönetmenlerin yaratıcılıklarını sergileyebilecekleri uluslararası bir platform oluşturmak amacıyla düzenlenen C…"
https://arucad.edu.tr/arucad-dijital-oyun-tasarimi-bolumunden-game-for-good-projesi-kapsaminda-egitim-gezisi/,https://arucad.edu.tr/arucad-dijital-oyun-tasarimi-bolumunden-game-for-good-projesi-kapsaminda-egitim-gezisi/,ARUCAD Dijital Oyun Tasarımı Bölümü’nden “Game for Good” Projesi Kapsamında Eğitim Gezisi,TR,Haber / news,"dijital oyun tasarımı, game design, dijital, oyun, tasarımı, bölümü, game, good, projesi, kapsamında, eğitim, gezisi, game good, good projesi, dijital oyun, yaratma, tasarimi, bolumunden, kapsaminda, egitim","Arkın Yaratıcı Sanatlar ve Tasarım Üniversitesi (ARUCAD) Dijital Oyun Tasarımı Bölümü tarafından yürütülen “Game for Good” projesi kapsamında, 6 Mayıs 2026 tarihinde Lefkoşa SOS Çocuk Köyü ve Surlariçi Hasder’e eğitim ge…"
https://arucad.edu.tr/arucad-dis-paydaslariyla-is-birligi-ve-toplumsal-katki-odakli-degerlendirme-toplantisinda-bir-araya-geldi/,https://arucad.edu.tr/arucad-dis-paydaslariyla-is-birligi-ve-toplumsal-katki-odakli-degerlendirme-toplantisinda-bir-araya-geldi/,"ARUCAD, Dış Paydaşlarıyla İş Birliği ve Toplumsal Katkı Odaklı Değerlendirme Toplantısında Bir Araya Geldi",TR,Haber / news,"protokol, iş birliği, cooperation, dış, paydaşlarıyla, birliği, toplumsal, katkı, odaklı, değerlendirme, toplantısında, araya, geldi, kültür sanat, sivil toplum, toplumsal katkı, alanlarla, dis, paydaslariyla, birligi, katki, odakli, degerlendirme, toplantisinda","ARUCAD, farklı alanlardan dış paydaşlarıyla bir araya gelerek üniversite iş birlikleri, toplumsal katkı çalışmaları, sürdürülebilirlik odaklı projeler ve kültür-sanat alanındaki ortak üretim olanaklarını değerlendirdi. M…"
https://arucad.edu.tr/arucad-doga-sporlari-kulubu-alevkayasinda-bulustu/,https://arucad.edu.tr/arucad-doga-sporlari-kulubu-alevkayasinda-bulustu/,ARUCAD Doğa Sporları Kulübü Alevkayası’nda Buluştu,TR,Haber / news,"spor, sports, doğa, sporları, kulübü, alevkayası, buluştu, doğa sporları, sporları kulübü, yürüyüş, sılpa, rotası, rota, işaretlerini, yenileyerek, temizliği, doga, sporlari, kulubu, alevkayasinda, bulustu","ARUCAD Doğa Sporları Kulübü, yeni akademik yıla Alevkayası’nda gerçekleştirilen SILPA Yürüyüş Rotası Keşfi ile başladı. Etkinlik, SILPA (Sustainable Island Life Project ARUCAD) kapsamında düzenlendi. Yürüyüş boyunca katı…"
https://arucad.edu.tr/arucad-dunya-dans-gununu-bodies-speak-ideas-move-programiyla-kutladi/,https://arucad.edu.tr/arucad-dunya-dans-gununu-bodies-speak-ideas-move-programiyla-kutladi/,ARUCAD Dünya Dans Günü’nü “Bodies Speak / Ideas Move” Programıyla Kutladı,TR,Haber / news,"dans, dance, dünya, günü, bodies, speak, ıdeas, move, programıyla, kutladı, speak ıdeas, ıdeas move, move başlıklı, akşam, tamara, dunya, gununu, ideas, programiyla, kutladi","Arkın Yaratıcı Sanatlar ve Tasarım Üniversitesi (ARUCAD), 28–29 Nisan tarihlerinde Dünya Dans Günü kapsamında düzenlediği “Bodies Speak / Ideas Move” başlıklı iki günlük programla dansın ifade gücünü ve disiplinlerarası …"
https://arucad.edu.tr/arucad-dunya-sanat-gununde-girne-ramadan-cemil-meydanindaydi/,https://arucad.edu.tr/arucad-dunya-sanat-gununde-girne-ramadan-cemil-meydanindaydi/,"ARUCAD, Dünya Sanat Günü’nde Girne Ramadan Cemil Meydanı’ndaydı",TR,Haber / news,"dünya, sanat, günü, girne, ramadan, cemil, meydanı, dünya sanat, sanat günü, cemil meydanı, ilgisini, toplumla, sanatın, sloganıyla, dunya, gununde, meydanindaydi","Arkın Yaratıcı Sanatlar ve Tasarım Üniversitesi (ARUCAD), 15 Nisan Dünya Sanat Günü'ne özel olarak Girne Ramadan Cemil Meydanı'nda anlamlı bir etkinlik gerçekleştirdi. 'Dünya Sanatla Aydınlık' sloganıyla düzenlenen etkin…"
https://arucad.edu.tr/arucad-dunya-tiyatrolar-gununu-bandabuliya-sahnesinde-duzenlenen-ozel-bir-programla-kutladi/,https://arucad.edu.tr/arucad-dunya-tiyatrolar-gununu-bandabuliya-sahnesinde-duzenlenen-ozel-bir-programla-kutladi/,ARUCAD Dünya Tiyatrolar Günü’nü Bandabuliya Sahnesi’nde Düzenlenen Özel Bir Programla Kutladı,TR,Haber / news,"tiyatro, theatre, dünya, tiyatrolar, günü, bandabuliya, sahnesi, düzenlenen, özel, programla, kutladı, dünya tiyatrolar, tiyatrolar günü, tasarımı uygulaması, uygulaması, gerçekleştirilirken, dunya, gununu, sahnesinde, duzenlenen, ozel, kutladi","Arkın Yaratıcı Sanatlar ve Tasarım Üniversitesi (ARUCAD), Dünya Tiyatrolar Günü’nü, 26 Mart Perşembe günü Bandabuliya Sahnesi’nde düzenlenen özel bir programla kutladı. Gün boyunca farklı sahneleme biçimlerini bir araya …"
https://arucad.edu.tr/arucad-endustriyel-tasarim-ogrencileri-16-ulusal-mobilya-tasarim-yarismasinda-final-etabinda-yer-aldi/,https://arucad.edu.tr/arucad-endustriyel-tasarim-ogrencileri-16-ulusal-mobilya-tasarim-yarismasinda-final-etabinda-yer-aldi/,ARUCAD Endüstriyel Tasarım Öğrencileri 16. Ulusal Mobilya Tasarım Yarışması’nda Final Etabında Yer Aldı,TR,Haber / news,"sınav takvimi, exam schedule, yarışma, competition, endüstriyel tasarım, product design, endüstriyel, tasarım, öğrencileri, ulusal, mobilya, yarışması, final, etabında, final etabına, ulusal mobilya, grup başvurusu, etabına, başvurusu, finale, endustriyel, tasarim, ogrencileri, yarismasinda, etabinda, aldi","T.C. Ticaret Bakanlığı koordinasyonunda, Türkiye İhracatçılar Meclisi (TİM) ve Orta Anadolu Mobilya, Kâğıt ve Orman Ürünleri İhracatçıları Birliği (OMKO) organizatörlüğünde düzenlenen 16. Ulusal Mobilya Tasarım Yarışması…"
https://arucad.edu.tr/arucad-erkek-masa-tenisi-takimi-avrupa-universiteler-oyunlarini-13-sirada-tamamladi/,https://arucad.edu.tr/arucad-erkek-masa-tenisi-takimi-avrupa-universiteler-oyunlarini-13-sirada-tamamladi/,ARUCAD Erkek Masa Tenisi Takımı Avrupa Üniversiteler Oyunları’nı 13. Sırada Tamamladı,TR,Haber / news,"erkek, masa, tenisi, takımı, avrupa, üniversiteler, oyunları, sırada, tamamladı, mücadele etti, college london, ımperial college, salerno, ımperial, takimi, universiteler, oyunlarini, sirada, tamamladi","Arkın Yaratıcı Sanatlar ve Tasarım Üniversitesi (ARUCAD) Erkek Masa Tenisi Takımı, İtalya'nın Salerno kentinde düzenlenen Avrupa Üniversiteler Oyunları Salerno 2026'da (European Universities Games Salerno 2026) KKTC şamp…"
https://arucad.edu.tr/arucad-erkek-masa-tenisi-takimi-turkiye-sampiyonasinda-grup-lideri-oldu/,https://arucad.edu.tr/arucad-erkek-masa-tenisi-takimi-turkiye-sampiyonasinda-grup-lideri-oldu/,ARUCAD Erkek Masa Tenisi Takımı Türkiye Şampiyonası’nda Grup Lideri Oldu,TR,Haber / news,"erkek, masa, tenisi, takımı, türkiye, şampiyonası, grup, lideri, masa tenisi, erkek masa, tenisi takımı, maçında, federasyonu, burdur, takimi, turkiye, sampiyonasinda","Arkın Yaratıcı Sanatlar ve Tasarım Üniversitesi (ARUCAD) Erkek Masa Tenisi Takımı, KKTC Üniversite Sporları Federasyonu tarafından düzenlenen 24. Spor Oyunları kapsamında elde ettiği KKTC şampiyonluğunun ardından, Türkiy…"
https://arucad.edu.tr/arucad-fyve-active-spor-giyim-tasarim-yarismasi-icin-moodboard-gelistirme-atolyesi-gerceklestirildi/,https://arucad.edu.tr/arucad-fyve-active-spor-giyim-tasarim-yarismasi-icin-moodboard-gelistirme-atolyesi-gerceklestirildi/,“ARUCAD FYVE Active Spor Giyim Tasarım Yarışması için Moodboard Geliştirme” Atölyesi Gerçekleştirildi,TR,Haber / news,"spor, sports, atölye, workshop, yarışma, competition, fyve, active, giyim, tasarım, yarışması, moodboard, geliştirme, atölyesi, gerçekleştirildi, giyim tasarım, spor giyim, active spor, adımlarından, tasarim, yarismasi, icin, gelistirme, atolyesi, gerceklestirildi","Tekstil ve Moda Tasarımı Bölümü tarafından düzenlenen bu atölyede, spor giyim tasarım sürecinin önemli adımlarından biri olan moodboard geliştirme üzerine çalışıldı. Görsel anlatım, malzeme araştırması ve konsept oluştur…"
https://arucad.edu.tr/arucad-gorsel-iletisim-tasarimi-bolumu-ogrencileri-arkin-rodin-koleksiyonunu-ziyaret-etti/,https://arucad.edu.tr/arucad-gorsel-iletisim-tasarimi-bolumu-ogrencileri-arkin-rodin-koleksiyonunu-ziyaret-etti/,ARUCAD Görsel İletişim Tasarımı Bölümü Öğrencileri Arkın Rodin Koleksiyonu’nu Ziyaret Etti,TR,Haber / news,"iletişim, contact, adres, telefon, Rodin koleksiyonu, Arkın Rodin Gallery, görsel iletişim tasarımı, graphic design, görsel, tasarımı, bölümü, öğrencileri, rodin, koleksiyonu, ziyaret, etti, rodin koleksiyonu, bölümü öğrencileri, iletişim tasarımı, ziyaretin, öğrencilerden, gorsel, iletisim, tasarimi, bolumu, ogrencileri, koleksiyonunu","ARUCAD Görsel İletişim Tasarımı Bölümü öğrencileri, 9 ve 10 Mart 2026 tarihlerinde Arkın Rodin Koleksiyonu Galerisi’ni ziyaret ederek Auguste Rodin’in eserlerini yakından inceleme fırsatı buldu. Comm204 ve İlet204 dersle…"
https://arucad.edu.tr/arucad-icqaa-2026da-yapay-zeka-yonetisimi-uzerine-akademik-calismasini-sundu/,https://arucad.edu.tr/arucad-icqaa-2026da-yapay-zeka-yonetisimi-uzerine-akademik-calismasini-sundu/,"ARUCAD, ICQAA 2026’da Yapay Zekâ Yönetişimi Üzerine Akademik Çalışmasını Sundu",TR,Haber / news,"yapay zeka, AI, ıcqaa, 2026, yapay, zekâ, yönetişimi, akademik, çalışmasını, sundu, yapay zekâ, kalite güvence, yükseköğretimde etik, adaptif, güvence, kalite, icqaa, 2026da, zeka, yonetisimi, uzerine, calismasini","Arkın Yaratıcı Sanatlar ve Tasarım Üniversitesi (ARUCAD), 14–15 Eylül 2026 tarihlerinde İstanbul’da düzenlenen 2. YÖKAK Uluslararası Kalite Güvencesi ve Akreditasyon Konferansı’nda (ICQAA 2026), yükseköğretimde etik ve a…"
https://arucad.edu.tr/arucad-iki-sanat-universitesi-ile-daha-isbirligi-anlasmasi-imzaladi/,https://arucad.edu.tr/arucad-iki-sanat-universitesi-ile-daha-isbirligi-anlasmasi-imzaladi/,ARUCAD İki Sanat Üniversitesi ile Daha İşbirliği Anlaşması İmzaladı,TR,Haber / news,"sanat, işbirliği, anlaşması, imzaladı, güzel sanatlar, işbirliği anlaşması, hareketliliğini ortak, hareketliliğini, azerbaycan, anlaşma, macaristan, değişimi, katılabilecek, akademisi, isbirligi, anlasmasi, imzaladi","Arkın Yaratıcı Sanatlar ve Tasarım Üniversitesi (ARUCAD), uluslararası işbirliği ağını genişletmeye yönelik önemli bir adım daha atarak Bakü’de iki yeni akademik anlaşmaya imza attı. ARUCAD Rektörü Prof. Dr. Asım Vehbi’n…"
https://arucad.edu.tr/arucad-ile-anatolia-bilim-akademisi-arasinda-isbirligi-protokolu-imzalandi/,https://arucad.edu.tr/arucad-ile-anatolia-bilim-akademisi-arasinda-isbirligi-protokolu-imzalandi/,ARUCAD ile Anatolia Bilim Akademisi Arasında İşbirliği Protokolü İmzalandı,TR,Haber / news,"protokol, iş birliği, cooperation, anatolia, bilim, akademisi, işbirliği, protokolü, imzalandı, anatolia bilim, bilim akademisi, akademisi genel, karataş, peyzaj, işbirliğini, mimarlığı, arasinda, isbirligi, protokolu, imzalandi",Arkın Yaratıcı Sanatlar ve Tasarım Üniversitesi (ARUCAD) ile Anatolia Bilim Akademisi arasında akademik organizasyonlarda işbirliğini kapsayan bir protokol imzalandı. Protokole ARUCAD Rektörü Prof. Dr. Asım Vehbi ile Ana…
https://arucad.edu.tr/arucad-ile-canakkale-onsekiz-mart-universitesi-arasindaki-isbirligi-protokolu-genisletildi/,https://arucad.edu.tr/arucad-ile-canakkale-onsekiz-mart-universitesi-arasindaki-isbirligi-protokolu-genisletildi/,ARUCAD ile Çanakkale Onsekiz Mart Üniversitesi Arasındaki İşbirliği Protokolü Genişletildi,TR,Haber / news,"protokol, iş birliği, cooperation, çanakkale, onsekiz, mart, arasındaki, işbirliği, protokolü, genişletildi, çanakkale onsekiz, onsekiz mart, çomü rektörü, çomü, cüneyt, erenoğlu, canakkale, arasindaki, isbirligi, protokolu, genisletildi","Arkın Yaratıcı Sanatlar ve Tasarım Üniversitesi (ARUCAD) ile Çanakkale Onsekiz Mart Üniversitesi (ÇOMÜ) arasında süregelen işbirliği, yeni bir protokol ile bilimsel, sanatsal, sosyal ve kültürel alanlarda daha kapsamlı h…"
https://arucad.edu.tr/arucad-ile-kuzey-kibris-turkcell-arasinda-is-birligi-protokolu-imzalandi/,https://arucad.edu.tr/arucad-ile-kuzey-kibris-turkcell-arasinda-is-birligi-protokolu-imzalandi/,ARUCAD ile Kuzey Kıbrıs Turkcell Arasında İş Birliği Protokolü İmzalandı,TR,Haber / news,"protokol, iş birliği, cooperation, kuzey, kıbrıs, turkcell, birliği, protokolü, imzalandı, kıbrıs turkcell, kuzey kıbrıs, turkcell genel, imza, birliğini, imzalanan, geliştirilmesi, kibris, arasinda, birligi, protokolu, imzalandi","Arkın Yaratıcı Sanatlar ve Tasarım Üniversitesi (ARUCAD) ile Kuzey Kıbrıs Turkcell (KKTCELL) arasında eğitim, teknoloji, sanat, tasarım, iletişim ve toplumsal fayda alanlarında iş birliğini güçlendirmeyi amaçlayan bir pr…"
https://arucad.edu.tr/arucad-ile-pen-research-institute-arasinda-isbirligi-protokolu-imzalandi/,https://arucad.edu.tr/arucad-ile-pen-research-institute-arasinda-isbirligi-protokolu-imzalandi/,ARUCAD ile Pen Research Institute Arasında İşbirliği Protokolü İmzalandı,TR,Haber / news,"araştırma, research, protokol, iş birliği, cooperation, pen, ınstitute, işbirliği, protokolü, imzalandı, research ınstitute, pen research, imzalanan protokol, yürütülmesi, hedefleniyor, imzalanan, bilimsel, institute, arasinda, isbirligi, protokolu, imzalandi","Arkın Yaratıcı Sanatlar ve Tasarım Üniversitesi (ARUCAD), Amerika Birleşik Devletleri merkezli Pen Research Institute ile uluslararası akademik iş birliklerini geliştirmek amacıyla bir işbirliği protokolü imzaladı."
https://arucad.edu.tr/arucad-iletisim-fakultesi-dis-paydaslariyla-bulustu/,https://arucad.edu.tr/arucad-iletisim-fakultesi-dis-paydaslariyla-bulustu/,ARUCAD İletişim Fakültesi Dış Paydaşlarıyla Buluştu,TR,Haber / news,"iletişim, contact, adres, telefon, fakültesi, dış, paydaşlarıyla, buluştu, sos çocukköyü, çocukköyü derneği, dijital oyun, çocukköyü, sos, projenin, derneği, geliştirilen, oyun, iletisim, fakultesi, dis, paydaslariyla, bulustu","ARUCAD İletişim Fakültesi tarafından düzenlenen Dış Paydaş Toplantısı kapsamında, SOS Çocukköyü Derneği, KKTCELL ve ARUCAD İletişim Fakültesi iş birliğiyle geliştirilen “GAME for Good” dijital oyun projesi sektör temsilc…"
https://arucad.edu.tr/arucad-iletisim-fakultesi-sektor-paydaslariyla-ikinci-degerlendirme-toplantisini-gerceklestirdi/,https://arucad.edu.tr/arucad-iletisim-fakultesi-sektor-paydaslariyla-ikinci-degerlendirme-toplantisini-gerceklestirdi/,"ARUCAD İletişim Fakültesi, Sektör Paydaşlarıyla İkinci Değerlendirme Toplantısını Gerçekleştirdi",TR,Haber / news,"iletişim, contact, adres, telefon, fakültesi, sektör, paydaşlarıyla, ikinci, değerlendirme, toplantısını, gerçekleştirdi, iletişim fakültesi, toplantıda, müfredat, sektöründen, planlamalar, kuruluşlardan, iletisim, fakultesi, sektor, paydaslariyla, degerlendirme, toplantisini, gerceklestirdi","Arkın Yaratıcı Sanatlar ve Tasarım Üniversitesi (ARUCAD) İletişim Fakültesi, 24 Ocak 2025’te gerçekleştirilen ilk buluşmanın ardından, iletişim sektöründen dış paydaşlarla ikinci kez bir araya geldi. Toplantıda işbirliği…"
https://arucad.edu.tr/arucad-iletisim-fakultesi-sektor-temsilcileriyle-mufredat-degerlendirme-toplantisi-gerceklestirdi/,https://arucad.edu.tr/arucad-iletisim-fakultesi-sektor-temsilcileriyle-mufredat-degerlendirme-toplantisi-gerceklestirdi/,"ARUCAD İletişim Fakültesi, Sektör Temsilcileriyle Müfredat Değerlendirme Toplantısı Gerçekleştirdi",TR,Haber / news,"iletişim, contact, adres, telefon, fakültesi, sektör, temsilcileriyle, müfredat, değerlendirme, toplantısı, gerçekleştirdi, üniversite sektör, iletişim fakültesi, reklam ajansı, toplantının, ajansı, toplantıda, iletisim, fakultesi, sektor, mufredat, degerlendirme, toplantisi, gerceklestirdi","ARUCAD İletişim Fakültesi, sektördeki önemli dış paydaşlarla bir araya gelerek, iletişim alanındaki işbirliği olanaklarını, stajyer ve mezun öğrencilerin sektörel yeterliliklerini değerlendirdi. Toplantı, üniversite ve s…"
https://arucad.edu.tr/arucad-iletisim-fakultesinden-cifte-akreditasyon-basarisi/,https://arucad.edu.tr/arucad-iletisim-fakultesinden-cifte-akreditasyon-basarisi/,ARUCAD İletişim Fakültesi’nden Çifte Akreditasyon Başarısı,TR,Haber / news,"iletişim, contact, adres, telefon, akreditasyon, accreditation, fakültesi, çifte, başarısı, başkanımız yrd, lisans programları, kalite odaklı, iledak, başkanımız, akredite, ilad, ederim, kalite, iletisim, fakultesinden, cifte, basarisi","Arkın Yaratıcı Sanatlar ve Tasarım Üniversitesi (ARUCAD), kalite odaklı eğitim vizyonu doğrultusunda önemli bir başarıya daha imza attı. ARUCAD İletişim Fakültesi bünyesinde yer alan Görsel İletişim Tasarımı ile Yeni Med…"
https://arucad.edu.tr/arucad-ingilizce-hazirlik-okulu-akademisyenleri-uluslararasi-konferansta-sunum-gerceklestirdi/,https://arucad.edu.tr/arucad-ingilizce-hazirlik-okulu-akademisyenleri-uluslararasi-konferansta-sunum-gerceklestirdi/,ARUCAD İngilizce Hazırlık Okulu Akademisyenleri Uluslararası Konferansta Sunum Gerçekleştirdi,TR,Haber / news,"uluslararası, erasmus, international, seminer, konferans, etkinlik, İngilizce hazırlık, preparatory school, ingilizce, hazırlık, okulu, akademisyenleri, konferansta, sunum, gerçekleştirdi, hazırlık okulu, ingilizce hazırlık, modelinden, hızlarında, ilerleyebilecekleri, formatına, hazirlik, uluslararasi, gerceklestirdi","Arkın Yaratıcı Sanatlar ve Tasarım Üniversitesi (ARUCAD) İngilizce Hazırlık Okulu’nu temsilen Gör. Gör. Benjamin Bailie ve Sena Tanta Gülaydın, Saydam Berberoğlu & Kardeşi Ltd. ile Pearson iş birliğinde düzenlenen Gelece…"
https://arucad.edu.tr/arucad-ingilizce-hazirlik-okulu-eaquals-uluslararasi-konferansina-katildi-2/,https://arucad.edu.tr/arucad-ingilizce-hazirlik-okulu-eaquals-uluslararasi-konferansina-katildi-2/,ARUCAD İngilizce Hazırlık Okulu EAQUALS Uluslararası Konferansı’na Katıldı,TR,Haber / news,"uluslararası, erasmus, international, seminer, konferans, etkinlik, İngilizce hazırlık, preparatory school, ingilizce, hazırlık, okulu, eaquals, konferansı, katıldı, hazırlık okulu, ingilizce hazırlık, direktörü inanç, konferansa, direktörü, kurumlarında, sürekli, hazirlik, uluslararasi, konferansina, katildi","Arkın Yaratıcı Sanatlar ve Tasarım Üniversitesi (ARUCAD) İngilizce Hazırlık Okulu, dil eğitimi alanında uluslararası ölçekte önemli bir platform olan EAQUALS Yıllık Uluslararası Konferansı’nda temsil edildi. Almanya’nın …"
https://arucad.edu.tr/arucad-ingilizce-hazirlik-okulu-eaquals-uluslararasi-konferansina-katildi/,https://arucad.edu.tr/arucad-ingilizce-hazirlik-okulu-eaquals-uluslararasi-konferansina-katildi/,"ARUCAD İngilizce Hazırlık Okulu, EAQUALS Uluslararası Konferansı’na Katıldı",TR,Haber / news,"uluslararası, erasmus, international, seminer, konferans, etkinlik, İngilizce hazırlık, preparatory school, ingilizce, hazırlık, okulu, eaquals, konferansı, katıldı, hazırlık okulu, ingilizce hazırlık, eaquals uluslararası, yanından, yönetim, liderlik, uçaröz, hazirlik, uluslararasi, konferansina, katildi","Arkın Yaratıcı Sanatlar ve Tasarım Üniversitesi (ARUCAD) İngilizce Hazırlık Okulu, Malta’da düzenlenen 2025 EAQUALS Uluslararası Konferansı’nda yer aldı. ARUCAD’ı temsilen İngilizce Hazırlık Okulu Müdürü İnanç Uçaröz ve …"
https://arucad.edu.tr/arucad-ingilizce-hazirlik-okulu-ogrencileri-cocuklara-sanat-ve-kalple-dokunan-bir-etkinlik-duzenledi/,https://arucad.edu.tr/arucad-ingilizce-hazirlik-okulu-ogrencileri-cocuklara-sanat-ve-kalple-dokunan-bir-etkinlik-duzenledi/,"ARUCAD İngilizce Hazırlık Okulu Öğrencileri, Çocuklara Sanat ve Kalple Dokunan Bir Etkinlik Düzenledi",TR,Haber / news,"İngilizce hazırlık, preparatory school, ingilizce, hazırlık, okulu, öğrencileri, çocuklara, sanat, kalple, dokunan, etkinlik, düzenledi, lefkoşa çocuk, çocuk merkezi, hazırlık okulu, eğlenceli, hazirlik, ogrencileri, cocuklara, duzenledi","Arkın Yaratıcı Sanatlar ve Tasarım Üniversitesi (ARUCAD) İngilizce Hazırlık Okulu öğrencileri ve öğretim kadrosu, Lefkoşa Türk Belediyesi iş birliğiyle 25 Nisan Cuma günü Lefkoşa Çocuk Merkezi’nden hizmet alan çocuklara …"
https://arucad.edu.tr/arucad-ingilizce-hazirlik-okulundan-kapsayici-egitim-odakli-konferans/,https://arucad.edu.tr/arucad-ingilizce-hazirlik-okulundan-kapsayici-egitim-odakli-konferans/,ARUCAD İngilizce Hazırlık Okulu’ndan Kapsayıcı Eğitim Odaklı Konferans,TR,Haber / news,"seminer, konferans, etkinlik, İngilizce hazırlık, preparatory school, ingilizce, hazırlık, okulu, kapsayıcı, eğitim, odaklı, ingilizce hazırlık, okulu düzenlenen, hazırlık okulu, güvende, eğitiminde, şefkat, ortamlarının, hazirlik, okulundan, kapsayici, egitim, odakli","Arkın Yaratıcı Sanatlar ve Tasarım Üniversitesi (ARUCAD) İngilizce Hazırlık Okulu tarafından düzenlenen “Her Ses Değerlidir: Kapsayıcı İngilizce Eğitiminde Yaratıcılık, Şefkat ve Güven” başlıklı konferans, akademisyenler…"
https://arucad.edu.tr/arucad-ingilizce-hazirlik-okulundan-surdurulebilir-ve-yenilikci-egitime-odaklanan-uluslararasi-konferans/,https://arucad.edu.tr/arucad-ingilizce-hazirlik-okulundan-surdurulebilir-ve-yenilikci-egitime-odaklanan-uluslararasi-konferans/,ARUCAD İngilizce Hazırlık Okulu’ndan Sürdürülebilir ve Yenilikçi Eğitime Odaklanan Uluslararası Konferans,TR,Haber / news,"uluslararası, erasmus, international, seminer, konferans, etkinlik, İngilizce hazırlık, preparatory school, sürdürülebilirlik, SDG, ingilizce, hazırlık, okulu, sürdürülebilir, yenilikçi, eğitime, odaklanan, sürdürülebilir eğitim, büyüme odaklı, sürdürülebilir eğitimin, koşar, konferansın, hazirlik, okulundan, surdurulebilir, yenilikci, egitime, uluslararasi","Arkın Yaratıcı Sanatlar ve Tasarım Üniversitesi (ARUCAD) İngilizce Hazırlık Okulu tarafından düzenlenen ""Innovating Education Through Sustainability"" başlıklı uluslararası konferans, eğitim alanında sürdürülebilirlik ve …"
https://arucad.edu.tr/arucad-italyada-duzenlenen-avrupa-universiteler-oyunlarina-imperial-college-londoni-3-2-yenerek-galibiyetle-basladi/,https://arucad.edu.tr/arucad-italyada-duzenlenen-avrupa-universiteler-oyunlarina-imperial-college-londoni-3-2-yenerek-galibiyetle-basladi/,"ARUCAD, İtalya’da Düzenlenen Avrupa Üniversiteler Oyunları’na Imperial College London’ı 3-2 Yenerek Galibiyetle Başladı",TR,Haber / news,"italya, düzenlenen, avrupa, üniversiteler, oyunları, ımperial, college, london, yenerek, galibiyetle, başladı, avrupa üniversiteler, üniversiteler oyunları, ımperial college, italyada, duzenlenen, universiteler, oyunlarina, imperial, londoni, basladi","Arkın Yaratıcı Sanatlar ve Tasarım Üniversitesi (ARUCAD) Erkek Masa Tenisi Takımı, İtalya’nın Salerno kentinde düzenlenen Avrupa Üniversiteler Oyunları Salerno 2026 (European Universities Games Salerno 2026) kapsamındaki…"
https://arucad.edu.tr/arucad-kampusunde-arkeoloji-ogrencilerine-uygulamali-egitim/,https://arucad.edu.tr/arucad-kampusunde-arkeoloji-ogrencilerine-uygulamali-egitim/,ARUCAD Kampüsünde Arkeoloji Öğrencilerine Uygulamalı Eğitim,TR,Haber / news,"kampüs, campus life, kampüsünde, arkeoloji, öğrencilerine, uygulamalı, eğitim, uygulamalı eğitim, kazı, ölçüm, arkeolojik, yöntemlere, artırırken, desteklendiği, excavation, kuru, kampusunde, ogrencilerine, uygulamali, egitim","Arkın Yaratıcı Sanatlar ve Tasarım Üniversitesi (ARUCAD) Arkeoloji Bölümü kapsamında, ARHA 102 – Methods and Theories in Archaeology dersi çerçevesinde kampüs içerisinde uygulamalı bir eğitim gerçekleştirildi."
https://arucad.edu.tr/arucad-kariyer-gunleri-rasih-resatin-dijital-cagda-gazeteciligin-degisen-rolu-baslikli-semineri-ile-basladi/,https://arucad.edu.tr/arucad-kariyer-gunleri-rasih-resatin-dijital-cagda-gazeteciligin-degisen-rolu-baslikli-semineri-ile-basladi/,"ARUCAD Kariyer Günleri, Rasıh Reşat’ın “Dijital Çağda Gazeteciliğin Değişen Rolü” Başlıklı Semineri ile Başladı",TR,Haber / news,"kariyer, mezunlar, career, alumni, seminer, konferans, etkinlik, günleri, rasıh, reşat, dijital, çağda, gazeteciliğin, değişen, rolü, başlıklı, semineri, başladı, kariyer günleri, rasıh reşat, reşat dijital, gunleri, rasih, resatin, cagda, gazeteciligin, degisen, rolu, baslikli, basladi","Arkın Yaratıcı Sanatlar ve Tasarım Üniversitesi (ARUCAD), Kariyer Günleri’ne Kanal T Genel Yayın Yönetmeni Rasıh Reşat’ın katılımıyla başladı. Gazeteci Reşat, “Dijital Çağda Gazeteciliğin Değişen Rolü” başlıklı seminerin…"
https://arucad.edu.tr/arucad-kibris-turk-tabipleri-birligi-ile-isbirligi-protokolu-imzaladi/,https://arucad.edu.tr/arucad-kibris-turk-tabipleri-birligi-ile-isbirligi-protokolu-imzaladi/,"ARUCAD, Kıbrıs Türk Tabipleri Birliği ile İşbirliği Protokolü İmzaladı",TR,Haber / news,"protokol, iş birliği, cooperation, kıbrıs, türk, tabipleri, birliği, işbirliği, protokolü, imzaladı, türk tabipleri, tabipleri birliği, kıbrıs türk, kttb, tıp, dostlarımızın, kibris, turk, birligi, isbirligi, protokolu, imzaladi","Arkın Yaratıcı Sanatlar ve Tasarım Üniversitesi (ARUCAD) ile Kıbrıs Türk Tabipleri Birliği (KTTB) arasında eğitim, araştırma ve topluma hizmet alanlarında işbirliğini artırmak ve genişletmek amacıyla kapsamlı bir protoko…"
https://arucad.edu.tr/arucad-ktmmob-peyzaj-mimarlari-odasi-ve-ic-mimarlar-odasi-ile-isbirligi-protokolu-imzaladi/,https://arucad.edu.tr/arucad-ktmmob-peyzaj-mimarlari-odasi-ve-ic-mimarlar-odasi-ile-isbirligi-protokolu-imzaladi/,"ARUCAD, KTMMOB Peyzaj Mimarları Odası ve İç Mimarlar Odası ile İşbirliği Protokolü İmzaladı",TR,Haber / news,"protokol, iş birliği, cooperation, iç mimarlık, interior architecture, mimarlık, architecture, ktmmob, peyzaj, mimarları, odası, mimarlar, işbirliği, protokolü, imzaladı, mimarları odası, peyzaj mimarları, odası başkanı, protokoller, meslek, odaları, mimarlari, odasi, isbirligi, protokolu, imzaladi","Arkın Yaratıcı Sanatlar ve Tasarım Üniversitesi (ARUCAD), Kıbrıs Türk Mühendis ve Mimar Odaları Birliği (KTMMOB) bünyesinde faaliyet gösteren Peyzaj Mimarları Odası ve İç Mimarlar Odası ile akademik ve mesleki işbirlikle…"
https://arucad.edu.tr/arucad-kurumsal-iletisim-ofisi-yeni-medya-ve-iletisim-bolumune-konuk-oldu/,https://arucad.edu.tr/arucad-kurumsal-iletisim-ofisi-yeni-medya-ve-iletisim-bolumune-konuk-oldu/,"ARUCAD Kurumsal İletişim Ofisi, Yeni Medya ve İletişim Bölümü’ne konuk oldu",TR,Haber / news,"iletişim, contact, adres, telefon, yeni medya, journalism, kurumsal, ofisi, medya, bölümü, konuk, kurumsal iletişim, grafik tasarım, iletişim ofisi, grafik, departmanlarının, yanıtladı, melis, dağgül, iletisim, bolumune","Yeni Medya ve İletişim Bölümü öğretim üyesi Yrd. Doç. Dr. Huri Yontucu tarafından verilen Yenilikçi Uygulamalar dersine konuk olan Kurumsal İletişim Ofisi, bünyesindeki Kurumsal İletişim ve Grafik Tasarım Departmanlarını…"
https://arucad.edu.tr/arucad-lise-ogrencilerine-yonelik-atolyeler-haftasini-gerceklestirdi/,https://arucad.edu.tr/arucad-lise-ogrencilerine-yonelik-atolyeler-haftasini-gerceklestirdi/,ARUCAD Lise Öğrencilerine Yönelik Atölyeler Haftasını Gerçekleştirdi,TR,Haber / news,"atölye, workshop, lise öğrencileri, high school, lise, öğrencilerine, atölyeler, haftasını, gerçekleştirdi, lise öğrencilerine, atölyeler haftasını, öğrencilerine düzenlediği, kurs, gençlerin, düzenlediği, sömestr, tatilinde, keşfedip, ogrencilerine, yonelik, atolyeler, haftasini, gerceklestirdi","Arkın Yaratıcı Sanatlar ve Tasarım Üniversitesi (ARUCAD), lise öğrencilerine yönelik düzenlediği üç günlük Atölyeler Haftasını bu yıl da lise öğrencilerinin yoğun katılımıyla gerçekleştirdi. Sömestr tatilinde geleneksell…"
https://arucad.edu.tr/arucad-lise-ogrencilerine-yonelik-atolyeler-haftasini-tamamladi/,https://arucad.edu.tr/arucad-lise-ogrencilerine-yonelik-atolyeler-haftasini-tamamladi/,ARUCAD Lise Öğrencilerine Yönelik Atölyeler Haftasını Tamamladı,TR,Haber / news,"atölye, workshop, lise öğrencileri, high school, lise, öğrencilerine, atölyeler, haftasını, tamamladı, atölyeler haftası, kurs atölye, atölye çalışmalarında, kurs, beşincisini, haftası, süren, çalışmalarında, ogrencilerine, yonelik, atolyeler, haftasini, tamamladi","Arkın Yaratıcı Sanatlar ve Tasarım Üniversitesi (ARUCAD), lise öğrencilerine yönelik olarak düzenlediği ve üç gün süren Atölyeler Haftası'nın beşincisini bu yıl başarıyla gerçekleştirdi. Yoğun katılımın olduğu etkinlikte…"
https://arucad.edu.tr/arucad-mezunlarinin-roots-and-routes-sergisi-art-roomsda/,https://arucad.edu.tr/arucad-mezunlarinin-roots-and-routes-sergisi-art-roomsda/,ARUCAD Mezunlarının “Roots and Routes” Sergisi Art Rooms’da,TR,Haber / news,"kariyer, mezunlar, career, alumni, sergi, exhibition, mezunlarının, roots, routes, sergisi, art, rooms, rooms galeri, bölümü mezunlarının, roots routes, sanatçıların, buse, çeft, galeri, sanatseverlerle, mezunlarinin, roomsda","Arkın Yaratıcı Sanatlar ve Tasarım Üniversitesi (ARUCAD) Plastik Sanatlar Bölümü mezunlarının eserlerinden oluşan “Roots and Routes” seçkisi, 21 Ekim Salı akşamı Girne’de bulunan Art Rooms Galeri’de düzenlenen açılış kok…"
https://arucad.edu.tr/arucad-mezunu-asu-bagsevenin-biomorphs-sergisi-girnede-acildi/,https://arucad.edu.tr/arucad-mezunu-asu-bagsevenin-biomorphs-sergisi-girnede-acildi/,ARUCAD Mezunu Asu Bağseven’in BIOMORPHS Sergisi Girne’de Açıldı,TR,Haber / news,"kariyer, mezunlar, career, alumni, sergi, exhibition, mezunu, asu, bağseven, bıomorphs, sergisi, girne, açıldı, bağseven mezuniyet, kütüphanesi ziya, rızkı sergi, ziya, rızkı, kütüphanesi, halk, bagsevenin, biomorphs, girnede, acildi",Arkın Yaratıcı Sanatlar ve Tasarım Üniversitesi (ARUCAD) 2025–2026 Akademik Yılı Güz Dönemi Plastik Sanatlar Bölümü mezunlarından Asu Bağseven’in mezuniyet projesi kapsamında hazırladığı BIOMORPHS başlıklı kişisel sergis…
https://arucad.edu.tr/arucad-modern-dans-atolyesi-melih-kirac-ile-dance-installation/,https://arucad.edu.tr/arucad-modern-dans-atolyesi-melih-kirac-ile-dance-installation/,ARUCAD Modern Dans Atölyesi: Melih Kıraç ile “Dance Installation”,TR,Haber / news,"atölye, workshop, dans, dance, modern, atölyesi, melih, kıraç, ınstallation, kıraç dance, dance ınstallation, melih kıraç, kumpanyası, koreografiye, fikrine, dayanıyor, atolyesi, kirac, installation","Arkın Yaratıcı Sanatlar ve Tasarım Üniversitesi (ARUCAD) Modern Dans Bölümü, dansçı, koreograf ve akademisyen Melih Kıraç’ı ağırladı. Kıraç, “Dance Installation” başlıklı atölye kapsamında son dönem çalışmalarına dair pa…"
https://arucad.edu.tr/arucad-modern-dans-bolumunden-dunya-dans-gunune-ozel-program/,https://arucad.edu.tr/arucad-modern-dans-bolumunden-dunya-dans-gunune-ozel-program/,ARUCAD Modern Dans Bölümünden Dünya Dans Gününe Özel Program,TR,Haber / news,"dans, dance, modern, bölümünden, dünya, gününe, özel, program, dünya dans, dans günü, modern dans, dansın, teker, 00, ergiydiren, bolumunden, dunya, gunune, ozel","Arkın Yaratıcı Sanatlar ve Tasarım Üniversitesi (ARUCAD) Modern Dans Bölümü, dansın ifade gücünü ve insanla kurduğu derin bağı kutlamak amacıyla 29 Nisan Salı günü Üniversite kampüsünde Dünya Dans Günü’ne özel bir progra…"
https://arucad.edu.tr/arucad-muzik-ve-sahne-sanatlari-fakultesi-dekani-prof-dr-kerem-karaboganin-editorlugunu-yaptigi-reconsidering-turkish-theatre-in-the-republics-centenary-kitabi/,https://arucad.edu.tr/arucad-muzik-ve-sahne-sanatlari-fakultesi-dekani-prof-dr-kerem-karaboganin-editorlugunu-yaptigi-reconsidering-turkish-theatre-in-the-republics-centenary-kitabi/,ARUCAD Müzik ve Sahne Sanatları Fakültesi Dekanı Prof. Dr. Kerem Karaboğa’nın Editörlüğünü Yaptığı “(Re)considering Turkish Theatre in the Republic’s Centenary” Kitabı Yayımlandı,TR,Haber / news,"tiyatro, theatre, müzik, ses sanatları, music, sahne, sanatları, fakültesi, dekanı, kerem, karaboğa, editörlüğünü, yaptığı, considering, turkish, republic, centenary, kitabı, yayımlandı, considering turkish, theatre republic, republic centenary, muzik, sanatlari, fakultesi, dekani, karaboganin, editorlugunu, yaptigi, reconsidering, republics, kitabi","Arkın Yaratıcı Sanatlar ve Tasarım Üniversitesi (ARUCAD) Müzik ve Sahne Sanatları Fakültesi Dekanı Prof. Dr. Kerem Karaboğa’nın editörlüğünü üstlendiği ve önsözünü kaleme aldığı, Türkiye Cumhuriyeti’nin 100. yılına özel …"
https://arucad.edu.tr/arucad-muzik-ve-sahne-sanatlari-fakultesinden-yeni-yil-galasi/,https://arucad.edu.tr/arucad-muzik-ve-sahne-sanatlari-fakultesinden-yeni-yil-galasi/,ARUCAD Müzik ve Sahne Sanatları Fakültesi’nden Yeni Yıl Galası,TR,Haber / news,"müzik, ses sanatları, music, sahne, sanatları, fakültesi, galası, alanındaki performans, aralık perşembe, dönem boyunca, gala, yürütücülüğünde, uluçlar, taşıdı, kınış, aat, muzik, sanatlari, fakultesinden, yil, galasi","Arkın Yaratıcı Sanatlar ve Tasarım Üniversitesi (ARUCAD) Müzik ve Sahne Sanatları Fakültesi tarafından, öğrencilerle birlikte hazırlanan Yeni Yıl Galası, 25 Aralık 2025 Perşembe günü Bandabuliya Sahnesi’nde gerçekleştiri…"
https://arucad.edu.tr/arucad-ogrencileri-4-cocuk-haklari-festivalinde-cocuklarla-bulustu/,https://arucad.edu.tr/arucad-ogrencileri-4-cocuk-haklari-festivalinde-cocuklarla-bulustu/,ARUCAD Öğrencileri 4. Çocuk Hakları Festivali’nde Çocuklarla Buluştu,TR,Haber / news,"festival, öğrencileri, çocuk, hakları, festivali, çocuklarla, buluştu, hakları festivali, çocuk hakları, katkı sundu, çocuklara, sahada, etkinliğe, dördüncüsü, kızılbaş, ogrencileri, cocuk, haklari, festivalinde, cocuklarla, bulustu","Arkın Yaratıcı Sanatlar ve Tasarım Üniversitesi (ARUCAD), toplumsal sorumluluk çalışmaları kapsamında 22 Kasım Cumartesi günü bu yıl dördüncüsü düzenlenen Çocuk Hakları Festivali’nde yer alarak etkinliğe yaratıcı bir kat…"
https://arucad.edu.tr/arucad-ogrencileri-armando-milani-sergisini-arucad-artspacete-ziyaret-etti/,https://arucad.edu.tr/arucad-ogrencileri-armando-milani-sergisini-arucad-artspacete-ziyaret-etti/,ARUCAD Öğrencileri Armando Milani Sergisini ARUCAD ArtSpace’te Ziyaret Etti,TR,Haber / news,"iş ilanı, job vacancy, sergi, exhibition, öğrencileri, armando, milani, sergisini, artspace, ziyaret, etti, artspace ziyaret, gerçekleştirilen eğitim, ziyaret etti, tanınan, gezisinde, illüstre, posterlerini, ogrencileri, artspacete","ARUCAD öğrencileri, Lefkoşa Bienali kapsamında, dünyaca tanınan tasarımcı Armando Milani’nin eserlerini görmek üzere ARUCAD ArtSpace’i ziyaret etti. 21 Kasım 2025 Cuma günü gerçekleştirilen eğitim gezisinde öğrenciler, M…"
https://arucad.edu.tr/arucad-ogrencileri-domus-academy-akademisyenleriyle-cevrimici-konferansta-bulustu/,https://arucad.edu.tr/arucad-ogrencileri-domus-academy-akademisyenleriyle-cevrimici-konferansta-bulustu/,"ARUCAD Öğrencileri, Domus Academy Akademisyenleriyle Çevrimiçi Konferansta Buluştu",TR,Haber / news,"seminer, konferans, etkinlik, öğrencileri, domus, academy, akademisyenleriyle, çevrimiçi, konferansta, buluştu, domus academy, etkinlikte domus, tasarımı bölümünden, bölümünden, okullarından, imkanlarına, yanıtlandı, ogrencileri, cevrimici, bulustu","Arkın Yaratıcı Sanatlar ve Tasarım Üniversitesi (ARUCAD), İtalya’nın önde gelen tasarım yüksek lisans okullarından Domus Academy ile yürüttüğü akademik işbirliği kapsamında 29 Nisan 2025 Salı günü çevrimiçi bir konferans…"
https://arucad.edu.tr/arucad-ogrencileri-uluslararasi-muzeler-gunu-acilis-kortejinde-yer-aldi/,https://arucad.edu.tr/arucad-ogrencileri-uluslararasi-muzeler-gunu-acilis-kortejinde-yer-aldi/,ARUCAD Öğrencileri Uluslararası Müzeler Günü Açılış Kortejinde Yer Aldı,TR,Haber / news,"uluslararası, erasmus, international, öğrencileri, müzeler, günü, açılış, kortejinde, uluslararası müzeler, müzeler günü, günü açılış, başbakan, kapısı, kostümlerle, korteje, etkinliğine, ogrencileri, uluslararasi, muzeler, gunu, acilis, aldi","Arkın Yaratıcı Sanatlar ve Tasarım Üniversitesi (ARUCAD) Müzik ve Sahne Sanatları Fakültesi öğrencileri, Başbakan Yardımcılığı, Turizm, Kültür, Gençlik ve Çevre Bakanlığı’na bağlı Eski Eserler ve Müzeler Dairesi tarafınd…"
https://arucad.edu.tr/arucad-ogrencileri-ve-akademisyenleri-ilk-kez-duzenlenen-lefkosa-bienalinde-yer-aldi/,https://arucad.edu.tr/arucad-ogrencileri-ve-akademisyenleri-ilk-kez-duzenlenen-lefkosa-bienalinde-yer-aldi/,ARUCAD Öğrencileri ve Akademisyenleri İlk Kez Düzenlenen Lefkoşa Bienali’nde Yer Aldı,TR,Haber / news,"öğrencileri, akademisyenleri, ilk, düzenlenen, lefkoşa, bienali, lefkoşa bienali, ilk düzenlenen, düzenlenen lefkoşa, bienalin, izleyiciden, kozal, sahnelediği, özdağ, ogrencileri, duzenlenen, lefkosa, bienalinde, aldi","Arkın Yaratıcı Sanatlar ve Tasarım Üniversitesi (ARUCAD), 7 Kasım – 6 Aralık 2025 tarihleri arasında gerçekleştirilen ve bu yıl ilk kez düzenlenen Lefkoşa Bienali’ne öğrencileri, akademisyenleri ve sanat mekânlarıyla kat…"
https://arucad.edu.tr/arucad-ogrencilerinden-ornek-proje-cocuklar-icin-eglence-yetiskinler-icin-iyilik-zamani/,https://arucad.edu.tr/arucad-ogrencilerinden-ornek-proje-cocuklar-icin-eglence-yetiskinler-icin-iyilik-zamani/,"ARUCAD Öğrencilerinden Örnek Proje: Çocuklar için Eğlence, Yetişkinler için İyilik Zamanı",TR,Haber / news,"öğrencilerinden, örnek, proje, çocuklar, eğlence, yetişkinler, iyilik, zamanı, çocuk köyü, sos çocuk, kartopu iyilik, köyü, kartopu, bilet, ogrencilerinden, ornek, cocuklar, icin, eglence, yetiskinler, zamani","Arkın Yaratıcı Sanatlar ve Tasarım Üniversitesi (ARUCAD) İLET403 Yaratıcı Sunum dersi öğrencilerinin, SOS Çocuk Köyü Derneği ile birlikte geliştirdiği “Kartopu Kadar İyilik Projesi”nin ilk etkinliği, 11 Ocak’ta Lapta Als…"
https://arucad.edu.tr/arucad-ogrencilerinin-eserleri-bakude-sergilendi/,https://arucad.edu.tr/arucad-ogrencilerinin-eserleri-bakude-sergilendi/,ARUCAD Öğrencilerinin Eserleri Bakü’de Sergilendi,TR,Haber / news,"sergi, exhibition, öğrencilerinin, eserleri, bakü, sergilendi, inc, sergide, azerbaycan, çalışması, genç, sınır, tanımayan, kazanmasından, uluslu, kültürlerle, ogrencilerinin, bakude","Arkın Yaratıcı Sanatlar ve Tasarım Üniversitesi’nden (ARUCAD) beş öğrencinin eserleri, 9 farklı ülkeden 11 üniversitenin katılımıyla Azerbaycan Milli İncəsənət Müzesi’nde düzenlenen “Sərhədsiz İncəsənət” (Sınır Tanımayan…"
https://arucad.edu.tr/arucad-ogrencisinden-sos-cocukkoyu-dernegi-ile-anlamli-mezuniyet-projesi/,https://arucad.edu.tr/arucad-ogrencisinden-sos-cocukkoyu-dernegi-ile-anlamli-mezuniyet-projesi/,ARUCAD Öğrencisinden SOS Çocukköyü Derneği ile Anlamlı Mezuniyet Projesi,TR,Haber / news,"kariyer, mezunlar, career, alumni, mezuniyet, graduation, öğrencisinden, sos, çocukköyü, derneği, anlamlı, projesi, cuma çetin, rüyalar kasabası, sos çocukköyü, çocukların, rüyalar, kasabası, çetin, ogrencisinden, cocukkoyu, dernegi, anlamli","Arkın Yaratıcı Sanatlar ve Tasarım Üniversitesi (ARUCAD) Görsel İletişim Tasarımı Bölümü öğrencisi Cuma Çetin, mezuniyet projesi kapsamında SOS Çocukköyü Derneği ile iş birliği yaparak çocukların hayallerinden yola çıkan…"
https://arucad.edu.tr/arucad-ogretim-uyesi-yrd-doc-dr-ozgun-can-karaburun-4-%e2%81%a0-%e2%81%a0borcka-uluslararasi-tiyatro-festivalinde-sahne-aldi/,https://arucad.edu.tr/arucad-ogretim-uyesi-yrd-doc-dr-ozgun-can-karaburun-4-⁠-⁠borcka-uluslararasi-tiyatro-festivalinde-sahne-aldi/,ARUCAD Öğretim Üyesi Yrd. Doç. Dr. Özgün Can Karaburun 4.⁠ ⁠Borçka Uluslararası Tiyatro Festivali’nde Sahne Aldı,TR,Haber / news,"uluslararası, erasmus, international, festival, tiyatro, theatre, öğretim, üyesi, yrd, özgün, karaburun, borçka, festivali, sahne, borçka uluslararası, tiyatro festivali, uluslararası tiyatro, pazvantoğlu, ogretim, uyesi, doc, ozgun, borcka, uluslararasi, festivalinde, aldi","Arkın Yaratıcı Sanatlar ve Tasarım Üniversitesi (ARUCAD) Oyunculuk Bölümü öğretim üyesi Yrd. Doç. Dr. Özgün Can Karaburun, Cansu Atılgan Pazvantoğlu’nun yazdığı “Kimsin ve Neredesin Ulan Bay Hilmi” adlı tek kişilik oyunl…"
https://arucad.edu.tr/arucad-ogretim-uyesi-yrd-doc-dr-ozgun-can-karaburunun-oyunu-eskisehirde-sahnelendi/,https://arucad.edu.tr/arucad-ogretim-uyesi-yrd-doc-dr-ozgun-can-karaburunun-oyunu-eskisehirde-sahnelendi/,ARUCAD Öğretim Üyesi Yrd. Doç. Dr. Özgün Can Karaburun’un Oyunu Eskişehir’de Sahnelendi,TR,Haber / news,"öğretim, üyesi, yrd, özgün, karaburun, oyunu, eskişehir, sahnelendi, yrd özgün, yedi sekiz, özgün karaburun, sekiz, yedi, kimsin, ogretim, uyesi, doc, ozgun, karaburunun, eskisehirde",Arkın Yaratıcı Sanatlar ve Tasarım Üniversitesi (ARUCAD) Oyunculuk Bölümü öğretim üyesi Yrd. Doç. Dr. Özgün Can Karaburun’un ortak yazarları arasında yer aldığı ve yönetmenliğini üstlendiği “Yedi Sekiz Kişi Hakkında” adl…
https://arucad.edu.tr/arucad-oyunculuk-bolumu-bilkent-uluslararasi-tiyatro-festivalinde-sahne-alacak/,https://arucad.edu.tr/arucad-oyunculuk-bolumu-bilkent-uluslararasi-tiyatro-festivalinde-sahne-alacak/,ARUCAD Oyunculuk Bölümü Bilkent Uluslararası Tiyatro Festivali’nde Sahne Alacak,TR,Haber / news,"uluslararası, erasmus, international, festival, tiyatro, theatre, oyunculuk, bölümü, bilkent, festivali, sahne, alacak, bilkent tiyatro, tiyatro festivali, serçe parmağını, oyunun, serçe, parmağını, bolumu, uluslararasi, festivalinde","Arkın Yaratıcı Sanatlar ve Tasarım Üniversitesi (ARUCAD) Müzik ve Sahne Sanatları Fakültesi Oyunculuk Bölümü, 22–26 Haziran 2026 tarihleri arasında düzenlenecek 12. Bilkent Tiyatro Günleri Uluslararası Tiyatro Festivali'…"
https://arucad.edu.tr/arucad-oyunculuk-bolumu-ilk-mezunlarini-sahneye-tasidi/,https://arucad.edu.tr/arucad-oyunculuk-bolumu-ilk-mezunlarini-sahneye-tasidi/,ARUCAD Oyunculuk Bölümü İlk Mezunlarını Sahneye Taşıdı,TR,Haber / news,"kariyer, mezunlar, career, alumni, oyunculuk, bölümü, ilk, mezunlarını, sahneye, taşıdı, bölümü ilk, oyunculuk bölümü, boyunca geliştirdikleri, alırken, sahnelenen, merkezine, kişilik, yapım, bolumu, mezunlarini, tasidi","Arkın Yaratıcı Sanatlar ve Tasarım Üniversitesi (ARUCAD) Oyunculuk Bölümü’nün ilk mezunları, OYNC402 Mezuniyet Projesi ve Portfolyo dersi kapsamında hazırladıkları performanslarla Bandabuliya Sahnesi’nde seyirciyle buluş…"
https://arucad.edu.tr/arucad-oyunculuk-bolumu-mezuniyet-projesi-yastik-adam-bandabuliya-sahnesinde-seyirciyle-bulustu/,https://arucad.edu.tr/arucad-oyunculuk-bolumu-mezuniyet-projesi-yastik-adam-bandabuliya-sahnesinde-seyirciyle-bulustu/,ARUCAD Oyunculuk Bölümü Mezuniyet Projesi “Yastık Adam” Bandabuliya Sahnesi’nde Seyirciyle Buluştu,TR,Haber / news,"kariyer, mezunlar, career, alumni, mezuniyet, graduation, oyunculuk, bölümü, projesi, yastık, adam, bandabuliya, sahnesi, seyirciyle, buluştu, yalın doğasal, yastık adam, kapsamında hazırladığı, realizasyonu, bolumu, yastik, sahnesinde, bulustu","Arkın Yaratıcı Sanatlar ve Tasarım Üniversitesi (ARUCAD) Oyunculuk Bölümü öğrencisi Yalın Doğasal’ın OYNC402 Mezuniyet Projesi ve Portfolyo dersi kapsamında hazırladığı “Yastık Adam” adlı performans, 21 Mayıs 2026 tarihi…"
https://arucad.edu.tr/arucad-oyunculuk-bolumu-web-semineri-kacak-cay-saati-uzerine/,https://arucad.edu.tr/arucad-oyunculuk-bolumu-web-semineri-kacak-cay-saati-uzerine/,ARUCAD Oyunculuk Bölümü Web Semineri: “Kaçak Çay Saati” Üzerine,TR,Haber / news,"seminer, konferans, etkinlik, oyunculuk, bölümü, web, semineri, kaçak, çay, saati, kaçak çay, çay saati, istanbul izmir, gençkal, diyarbakır, brüksel, performansın, bolumu, kacak, cay, uzerine","Arkın Yaratıcı Sanatlar ve Tasarım Üniversitesi (ARUCAD) Oyunculuk Bölümü tarafından düzenlenen web semineri kapsamında, tiyatro sanatçısı ve küratör Fatih Gençkal, Kaçak Çay Saati (Smuggled Tea Time) adlı performansında…"
https://arucad.edu.tr/arucad-oyunculuk-bolumunde-gizem-aksu-ile-hepimiz-icin-9-8lik-bir-dovus-web-semineri/,https://arucad.edu.tr/arucad-oyunculuk-bolumunde-gizem-aksu-ile-hepimiz-icin-9-8lik-bir-dovus-web-semineri/,ARUCAD Oyunculuk Bölümü’nde Gizem Aksu ile “Hepimiz İçin 9/8’lik Bir Dövüş” Web Semineri,TR,Haber / news,"seminer, konferans, etkinlik, oyunculuk, bölümü, gizem, aksu, hepimiz, 8, dövüş, web, semineri, aksu hepimiz, hepimiz 8, 8 dövüş, bedensel, aldığını, bolumunde, icin, 8lik, dovus","Arkın Yaratıcı Sanatlar ve Tasarım Üniversitesi (ARUCAD) Oyunculuk Bölümü, Deneyimlerin Paylaşımı dersi kapsamında koreograf, dansçı ve eğitmen Gizem Aksu’yu web semineri çerçevesinde ağırladı. 27 Kasım 2025 Perşembe gün…"
https://arucad.edu.tr/arucad-oyunculuk-bolumunde-koreografide-teatralite-web-semineri-gerceklestirildi/,https://arucad.edu.tr/arucad-oyunculuk-bolumunde-koreografide-teatralite-web-semineri-gerceklestirildi/,ARUCAD Oyunculuk Bölümü’nde “Koreografide Teatralite” Web Semineri Gerçekleştirildi,TR,Haber / news,"seminer, konferans, etkinlik, oyunculuk, bölümü, koreografide, teatralite, web, semineri, gerçekleştirildi, koreografide teatralite, cansu ergin, web semineri, teatral, bazen, ergin, hâlinden, bolumunde, gerceklestirildi","ARUCAD Oyunculuk Bölümü tarafından düzenlenen “Koreografide Teatralite” başlıklı web semineri, 20 Kasım 2025 Perşembe günü gerçekleştirildi. Bağımsız çağdaş dans sanatçısı Cansu Ergin’in konuk olduğu etkinlikte, dansın s…"
https://arucad.edu.tr/arucad-oyunculuk-bolumunde-sahne-sanatlarinda-disiplinlerarasi-uretim-deneyimi-baslikli-web-semineri-gerceklestirildi/,https://arucad.edu.tr/arucad-oyunculuk-bolumunde-sahne-sanatlarinda-disiplinlerarasi-uretim-deneyimi-baslikli-web-semineri-gerceklestirildi/,ARUCAD Oyunculuk Bölümü’nde “Sahne Sanatlarında Disiplinlerarası Üretim Deneyimi” Başlıklı Web Semineri Gerçekleştirildi,TR,Haber / news,"seminer, konferans, etkinlik, oyunculuk, bölümü, sahne, sanatlarında, disiplinlerarası, üretim, deneyimi, başlıklı, web, semineri, gerçekleştirildi, deneyimi başlıklı, türe sahne, sanatlarında disiplinlerarası, bolumunde, sanatlarinda, disiplinlerarasi, uretim, baslikli, gerceklestirildi","Arkın Yaratıcı Sanatlar ve Tasarım Üniversitesi (ARUCAD) Oyunculuk Bölümü tarafından, Deneyimlerin Paylaşımı dersi kapsamında düzenlenen web seminerlerinin konuğu oyuncu, yönetmen ve yazar Zinnure Türe oldu. “Sahne Sanat…"
https://arucad.edu.tr/arucad-oyunculuk-bolumunde-tiyatroda-kulturel-karsilasmalar-ve-otesi-web-semineri-gerceklestirildi/,https://arucad.edu.tr/arucad-oyunculuk-bolumunde-tiyatroda-kulturel-karsilasmalar-ve-otesi-web-semineri-gerceklestirildi/,ARUCAD Oyunculuk Bölümü’nde “Tiyatroda Kültürel Karşılaşmalar ve Ötesi” Web Semineri Gerçekleştirildi,TR,Haber / news,"seminer, konferans, etkinlik, tiyatro, theatre, oyunculuk, bölümü, tiyatroda, kültürel, karşılaşmalar, ötesi, web, semineri, gerçekleştirildi, tiyatroda kültürel, kültürel karşılaşmalar, karşılaşmalar ötesi, albak, frankfurt, bolumunde, kulturel, karsilasmalar, otesi, gerceklestirildi","Arkın Yaratıcı Sanatlar ve Tasarım Üniversitesi (ARUCAD) Oyunculuk Bölümü tarafından Deneyimlerin Paylaşımıdersi kapsamında düzenlenen “Tiyatroda Kültürel Karşılaşmalar ve Ötesi” başlıklı web semineri, tiyatro sanatçısı …"
https://arucad.edu.tr/arucad-oyunculuk-bolumunden-dunya-tiyatro-gunune-ozel-program/,https://arucad.edu.tr/arucad-oyunculuk-bolumunden-dunya-tiyatro-gunune-ozel-program/,ARUCAD Oyunculuk Bölümünden Dünya Tiyatro Gününe Özel Program,TR,Haber / news,"tiyatro, theatre, oyunculuk, bölümünden, dünya, gününe, özel, program, oyunculuk bölümü, tiyatronun evrensel, akademisyenler tiyatro, tiyatronun, etkileyici, evrensel, sahnelendi, bolumunden, dunya, gunune, ozel","Arkın Yaratıcı Sanatlar ve Tasarım Üniversitesi (ARUCAD) Oyunculuk Bölümü, tiyatronun evrensel dili ve dönüştürücü gücünü kutlamak amacıyla 27 Mart Perşembe günü Üniversite kampüsünde Dünya Tiyatro Günü’ne özel bir progr…"
https://arucad.edu.tr/arucad-ozel-yetenek-ve-giris-sinavi-ile-mulakatlari-9-mayista/,https://arucad.edu.tr/arucad-ozel-yetenek-ve-giris-sinavi-ile-mulakatlari-9-mayista/,ARUCAD Özel Yetenek Ve Giriş Sinavi İle Mülakatlari 9 Mayis’ta,TR,Haber / news,"sınav takvimi, exam schedule, özel, yetenek, sinavi, mülakatlari, mayis, özel yetenek, adaylar mayıs, isteyen adaylar, mülakatlara, adaylar, burs, gerçekleştirilecek, kktc, vatandaşları, ozel, giris, mulakatlari, mayista","Arkın Yaratıcı Sanatlar ve Tasarım Üniversitesi (ARUCAD), sanat, tasarım ve iletişim alanlarında eğitim almak isteyen adaylar için 9 Mayıs 2026 Cumartesi günü Özel Yetenek Sınavı ve Mülakat düzenliyor. Adaylar, yaratıcı …"
https://arucad.edu.tr/arucad-rektor-yardimcisi-arucad-admiu-ogrenci-degisim-programi-kapsaminda-ogrencilerle-gorustu/,https://arucad.edu.tr/arucad-rektor-yardimcisi-arucad-admiu-ogrenci-degisim-programi-kapsaminda-ogrencilerle-gorustu/,"ARUCAD Rektör Yardımcısı, ARUCAD–ADMIU Öğrenci Değişim Programı Kapsamında Öğrencilerle Görüştü",TR,Haber / news,"yönetim, administration, rektörlük, uluslararası, erasmus, international, rektör, yardımcısı, admıu, değişim, programı, kapsamında, öğrencilerle, görüştü, yöneticileri, azerbaycan, yılını, programa, yardımcımız, incesanat, rektor, yardimcisi, admiu, ogrenci, degisim, programi, kapsaminda, ogrencilerle, gorustu","Rektör Yardımcımız Yrd. Doç. Dr. İbrahim Dalkılıç, Azerbaycan Devlet Medeniyet ve İncesanat Üniversitesi (ADMIU) ile yürütülen işbirliği çerçevesinde resmi bir ziyaret gerçekleştirerek üniversite yöneticileri ve öğrencil…"
https://arucad.edu.tr/arucad-rektoru-prof-dr-asim-vehbi-bakude-turkce-konusan-ulkeler-uygulamali-sanatlar-rektorler-birliginin-kurulus-bildirgesini-imzaladi/,https://arucad.edu.tr/arucad-rektoru-prof-dr-asim-vehbi-bakude-turkce-konusan-ulkeler-uygulamali-sanatlar-rektorler-birliginin-kurulus-bildirgesini-imzaladi/,"ARUCAD Rektörü Prof. Dr. Asım Vehbi, Bakü’de Türkçe Konuşan Ülkeler Uygulamalı Sanatlar Rektörler Birliği’nin Kuruluş Bildirgesini İmzaladı",TR,Haber / news,"yönetim, administration, rektörlük, rektörü, asım, vehbi, bakü, türkçe, konuşan, ülkeler, uygulamalı, sanatlar, rektörler, birliği, kuruluş, bildirgesini, imzaladı, güzel sanatlar, sanatlar akademisi, rektörler birliği, rektoru, asim, bakude, turkce, konusan, ulkeler, uygulamali, rektorler, birliginin, kurulus, imzaladi","Arkın Yaratıcı Sanatlar ve Tasarım Üniversitesi (ARUCAD) Rektörü Prof. Dr. Asım Vehbi, 18–20 Kasım tarihleri arasında gerçekleştirdiği Azerbaycan ziyaretinde, Bakü’de düzenlenen ve “Uygulamalı Sanatlar Alanında Faaliyet …"
https://arucad.edu.tr/arucad-rektoru-prof-dr-asim-vehbi-mezuniyet-sergilerini-ziyaret-etti/,https://arucad.edu.tr/arucad-rektoru-prof-dr-asim-vehbi-mezuniyet-sergilerini-ziyaret-etti/,"ARUCAD Rektörü Prof. Dr. Asım Vehbi, Mezuniyet Sergilerini Ziyaret Etti",TR,Haber / news,"yönetim, administration, rektörlük, kariyer, mezunlar, career, alumni, sergi, exhibition, mezuniyet, graduation, rektörü, asım, vehbi, sergilerini, ziyaret, etti, asım vehbi, rektörü asım, mezunlarımızın, sergileri, gurur, yolculuklarındaki, adımlarını, rektoru, asim","Arkın Yaratıcı Sanatlar ve Tasarım Üniversitesi (ARUCAD) 2024-2025 Akademik Yılı Güz Dönemi Plastik Sanatlar Bölümü mezunları, mezuniyet projeleri kapsamında hazırladıkları kişisel sergilerini Lefkoşa ve Girne’de sanatse…"
https://arucad.edu.tr/arucad-rektoru-prof-dr-asim-vehbiden-dunya-sanat-gunu-mesaji/,https://arucad.edu.tr/arucad-rektoru-prof-dr-asim-vehbiden-dunya-sanat-gunu-mesaji/,ARUCAD Rektörü Prof. Dr. Asım Vehbi’den “Dünya Sanat Günü” Mesajı,TR,Haber / news,"yönetim, administration, rektörlük, rektörü, asım, vehbi, dünya, sanat, günü, mesajı, dünya sanat, sanat günü, nisan dünya, aksine, onu, sanatın, geleceği, rektoru, asim, vehbiden, dunya, gunu, mesaji","Arkın Yaratıcı Sanatlar ve Tasarım Üniversitesi (ARUCAD) Rektörü Prof. Dr. Asım Vehbi, 15 Nisan Dünya Sanat Günü dolayısıyla bir mesaj yayımladı."
https://arucad.edu.tr/arucad-seramik-bolumu-ogrencileri-kibris-seramikleri-egitim-gezisine-katildi/,https://arucad.edu.tr/arucad-seramik-bolumu-ogrencileri-kibris-seramikleri-egitim-gezisine-katildi/,ARUCAD Seramik Bölümü Öğrencileri Kıbrıs Seramikleri Eğitim Gezisine Katıldı,TR,Haber / news,"seramik, cam, ceramics, glass, bölümü, öğrencileri, kıbrıs, seramikleri, eğitim, gezisine, katıldı, seramik bölümü, öğrencileri kıbrıs, eğitim gezisine, iskele, müzesi, arkeoloji, bolumu, ogrencileri, kibris, egitim, katildi","Arkın Yaratıcı Sanatlar ve Tasarım Üniversitesi Seramik Bölümü ile Plastik Sanatlar Bölümü öğrencileri, Kıbrıs seramik sanatını yerinde incelemek amacıyla  23 Aralık 2025 Salı günü  İskele’ye düzenlenen eğitim gezisine k…"
https://arucad.edu.tr/arucad-seramik-bolumu-ve-plastik-sanatlar-bolumunden-antik-izler-cyprus-bronze-age-art-teknik-gezisi/,https://arucad.edu.tr/arucad-seramik-bolumu-ve-plastik-sanatlar-bolumunden-antik-izler-cyprus-bronze-age-art-teknik-gezisi/,ARUCAD Seramik Bölümü ve Plastik Sanatlar Bölümü’nden “Antik İzler: Cyprus Bronze Age Art” Teknik Gezisi,TR,Haber / news,"seramik, cam, ceramics, glass, resim, heykel, güzel sanatlar, bölümü, plastik, sanatlar, antik, izler, cyprus, bronze, age, art, teknik, gezisi, age art, cyprus bronze, bronze age, bolumu, bolumunden","Arkın Yaratıcı Sanatlar ve Tasarım Üniversitesi (ARUCAD) Seramik Bölümü ve Plastik Sanatlar Bölümü tarafından, 7 Mayıs 2026 tarihinde “Antik İzler: Cyprus Bronze Age Art” başlıklı teknik gezi gerçekleştirildi. Etkinliğe …"
https://arucad.edu.tr/arucad-ses-sanatlari-ve-tasarimi-bolumunde-makam-ve-mikrotonalite-uzerine-seminer-gerceklestirildi/,https://arucad.edu.tr/arucad-ses-sanatlari-ve-tasarimi-bolumunde-makam-ve-mikrotonalite-uzerine-seminer-gerceklestirildi/,ARUCAD Ses Sanatları ve Tasarımı Bölümü’nde Makam ve Mikrotonalite Üzerine Seminer Gerçekleştirildi,TR,Haber / news,"seminer, konferans, etkinlik, müzik, ses sanatları, music, ses, sanatları, tasarımı, bölümü, makam, mikrotonalite, gerçekleştirildi, çağdaş kompozisyon, geleneksel müzik, süreçleriyle, kompozisyon, geleneksel, sanatlari, tasarimi, bolumunde, uzerine, gerceklestirildi","Arkın Yaratıcı Sanatlar ve Tasarım Üniversitesi (ARUCAD) Ses Sanatları ve Tasarımı Bölümü seminerleri kapsamında, Öğr. Gör. Ataman Kınış tarafından “Geleneksel İlkelerle Dijital Konuşmalar: Makamlar ve Mikrotonalite ile …"
https://arucad.edu.tr/arucad-tekstil-ve-moda-tasarimi-bolum-baskani-doc-dr-elham-etemadi-uluslararasi-calistaya-katildi/,https://arucad.edu.tr/arucad-tekstil-ve-moda-tasarimi-bolum-baskani-doc-dr-elham-etemadi-uluslararasi-calistaya-katildi/,ARUCAD Tekstil ve Moda Tasarımı Bölüm Başkanı Doç. Dr. Elham Etemadi Uluslararası Çalıştaya Katıldı,TR,Haber / news,"uluslararası, erasmus, international, tekstil ve moda tasarımı, fashion, tekstil, moda, tasarımı, bölüm, başkanı, elham, etemadi, çalıştaya, katıldı, iran sanatı, sanat tarihi, başkanı elham, iran, tasarimi, bolum, baskani, doc, uluslararasi, calistaya, katildi","ARUCAD Tekstil ve Moda Tasarımı Bölüm Başkanı Doç. Dr. Elham Etemadi, Toronto Üniversitesi İran Sanatı Serisi’nde Konuşma Gerçekleştirdi Arkın Yaratıcı Sanatlar ve Tasarım Üniversitesi (ARUCAD) Tekstil ve Moda Tasarımı B…"
https://arucad.edu.tr/arucad-the-impact-rankings-2026da-surdurulebilir-sehirler-ve-topluluklar-alaninda-dunyanin-ilk-400-universitesi-arasinda-yer-aldi/,https://arucad.edu.tr/arucad-the-impact-rankings-2026da-surdurulebilir-sehirler-ve-topluluklar-alaninda-dunyanin-ilk-400-universitesi-arasinda-yer-aldi/,"ARUCAD, THE Impact Rankings 2026’da Sürdürülebilir Şehirler ve Topluluklar Alanında Dünyanın İlk 400 Üniversitesi Arasında Yer Aldı",TR,Haber / news,"sürdürülebilirlik, SDG, ımpact, rankings, 2026, sürdürülebilir, şehirler, topluluklar, alanında, dünyanın, ilk, ımpact rankings, dünyanın ilk, topluluklar alanında, yakışır, eşitsizliklerin, impact, 2026da, surdurulebilir, sehirler, alaninda, dunyanin, arasinda, aldi","Arkın Yaratıcı Sanatlar ve Tasarım Üniversitesi (ARUCAD), Times Higher Education Impact Rankings 2026 sonuçlarında Sürdürülebilir Şehirler ve Topluluklar alanında dünyanın ilk 400 üniversitesi arasına girerken; Toplumsal…"
https://arucad.edu.tr/arucad-tibbin-ve-sanatin-kesistigi-ilham-verici-bir-bulusmaya-ev-sahipligi-yapmaya-hazirlaniyor/,https://arucad.edu.tr/arucad-tibbin-ve-sanatin-kesistigi-ilham-verici-bir-bulusmaya-ev-sahipligi-yapmaya-hazirlaniyor/,ARUCAD Tıbbın ve Sanatın Kesiştiği İlham Verici Bir Buluşmaya Ev Sahipliği Yapmaya Hazırlanıyor,TR,Haber / news,"tıbbın, sanatın, kesiştiği, ilham, verici, buluşmaya, sahipliği, yapmaya, hazırlanıyor, fazıl küçük, vatanoğlu lutz, kıbrıs türk, tıp, fazıl, tibbin, sanatin, kesistigi, bulusmaya, sahipligi, hazirlaniyor","Arkın Yaratıcı Sanatlar ve Tasarım Üniversitesi (ARUCAD), sanat ve tıbbın buluştuğu anlamlı bir etkinliğe ev sahipliği yapmaya hazırlanıyor. 28 Mart Cuma günü saat 14:30’da ARUCAD Konferans Salonu’nda halka açık olarak d…"
https://arucad.edu.tr/arucad-tirmanis-kulubu-bouldering-etkinliklerine-devam-ediyor/,https://arucad.edu.tr/arucad-tirmanis-kulubu-bouldering-etkinliklerine-devam-ediyor/,ARUCAD Tırmanış Kulübü Bouldering Etkinliklerine Devam Ediyor,TR,Haber / news,"tırmanış, kulübü, bouldering, etkinliklerine, devam, ediyor, tırmanış kulübü, devam ediyor, kulüp, ınn, düzenleyen, antrenmanlarda, konsantrasyonlarını, sharpa, tirmanis, kulubu","ARUCAD Tırmanış Kulübü, Sharpa Climb Inn’de düzenlenen bouldering çalışmalarıyla dönem boyunca etkinliklerini sürdürüyor. Kulüp kapsamında gerçekleştirilen etkinlikler, 22 Kasım ve 21 Aralık tarihlerinde öğrencilerin kat…"
https://arucad.edu.tr/arucad-tirmanis-kulubu-etkinliklerine-devam-ediyor/,https://arucad.edu.tr/arucad-tirmanis-kulubu-etkinliklerine-devam-ediyor/,ARUCAD Tırmanış Kulübü Etkinliklerine Devam Ediyor,TR,Haber / news,"tırmanış, kulübü, etkinliklerine, devam, ediyor, tırmanış kulübü, devam ediyor, etkinliklerle, kulüp, doğa, buluşturmaya, zorluk, atmasına, düzenleyeceği, tirmanis, kulubu","Arkın Yaratıcı Sanatlar ve Tasarım Üniversitesi Tırmanış Kulübü, dönem boyunca düzenlediği etkinliklerle öğrencileri doğa ve sporla buluşturmaya devam ediyor. Kulüp tarafından gerçekleştirilen tırmanış ve doğa yürüyüşü e…"
https://arucad.edu.tr/arucad-tiyatro-kulubu-sevgili-doktor-oyununu-sahneledi/,https://arucad.edu.tr/arucad-tiyatro-kulubu-sevgili-doktor-oyununu-sahneledi/,ARUCAD Tiyatro Kulübü “Sevgili Doktor” Oyununu Sahneledi,TR,Haber / news,"tiyatro, theatre, kulübü, sevgili, doktor, oyununu, sahneledi, sevgili doktor, tiyatro kulübü, ekin duruk, hikâyeler, oyunu, ekin, oyunun, duruk, kulubu","Arkın Yaratıcı Sanatlar ve Tasarım Üniversitesi Tiyatro Kulübü, Anton Çehov’un hikâyelerinden ilhamla Neil Simon tarafından uyarlanan “Sevgili Doktor” adlı oyunu sahneleyerek izleyicilerle buluştu. Tek perde olarak sahne…"
https://arucad.edu.tr/arucad-turk-universiteler-birligi-uyeligine-kabul-edildi/,https://arucad.edu.tr/arucad-turk-universiteler-birligi-uyeligine-kabul-edildi/,"ARUCAD, Türk Üniversiteler Birliği Üyeliğine Kabul Edildi",TR,Haber / news,"başvuru, application, kayıt, türk, üniversiteler, birliği, üyeliğine, kabul, türk üniversiteler, üniversiteler birliği, türk devletleri, teşkilatı, taşkent, üye, devletleri, dünyasındaki, türkünib, turk, universiteler, birligi, uyeligine","Arkın Yaratıcı Sanatlar ve Tasarım Üniversitesi (ARUCAD), Özbekistan’ın Taşkent şehrinde düzenlenen Türk Üniversiteler Birliği (TÜRKÜNİB) 8. Genel Kurul Toplantısı kapsamında, resmî üye olarak kabul edildi. Bu gelişme, A…"
https://arucad.edu.tr/arucad-turkiye-universiteler-arasi-masa-tenisi-1-lig-musabakalarinda-3-oldu/,https://arucad.edu.tr/arucad-turkiye-universiteler-arasi-masa-tenisi-1-lig-musabakalarinda-3-oldu/,ARUCAD Türkiye Üniversiteler Arası Masa Tenisi 1. Lig Müsabakalarında 3. Oldu,TR,Haber / news,"türkiye, üniversiteler, arası, masa, tenisi, lig, müsabakalarında, masa tenisi, türkiye üniversiteler, erkek masa, erkek, burdur, akif, takımı, turkiye, universiteler, arasi, musabakalarinda","KKTC'de 23. Üniversite Spor Oyunları'nda erkekler kategorisinde şampiyon olan ARUCAD Erkek Masa Tenisi Takımı, Türkiye Üniversite Sporları Federasyonu (TÜSF) tarafından 25-28 Şubat 2025 tarihleri arasında Burdur Mehmet A…"
https://arucad.edu.tr/arucad-uluslararasi-universiteler-birligi-uyeligine-kabul-edildi/,https://arucad.edu.tr/arucad-uluslararasi-universiteler-birligi-uyeligine-kabul-edildi/,"ARUCAD, Uluslararası Üniversiteler Birliği Üyeliğine Kabul Edildi",TR,Haber / news,"başvuru, application, kayıt, uluslararası, erasmus, international, üniversiteler, birliği, üyeliğine, kabul, uluslararası üniversiteler, üniversiteler birliği, birlik, yükseköğretimin, whed, üyeliği, unesco, yükseköğretim, erişim, uluslararasi, universiteler, birligi, uyeligine","Arkın Yaratıcı Sanatlar ve Tasarım Üniversitesi (ARUCAD), dünya genelinde yükseköğretim alanında en köklü ve saygın ağlardan biri olan Uluslararası Üniversiteler Birliği (International Association of Universities – IAU) …"
https://arucad.edu.tr/arucad-ve-besign-arasinda-surdurulebilir-tasarim-odakli-akademik-isbirligi-anlasmasi-imzalandi/,https://arucad.edu.tr/arucad-ve-besign-arasinda-surdurulebilir-tasarim-odakli-akademik-isbirligi-anlasmasi-imzalandi/,ARUCAD ve BESIGN Arasında Sürdürülebilir Tasarım Odaklı Akademik İşbirliği Anlaşması İmzalandı,TR,Haber / news,"sürdürülebilirlik, SDG, besıgn, sürdürülebilir, tasarım, odaklı, akademik, işbirliği, anlaşması, imzalandı, sürdürülebilirlik odaklı, kapsayan akademik, anlaşma özellikle, anlaşma, katılabilecek, fransa, besign, arasinda, surdurulebilir, tasarim, odakli, isbirligi, anlasmasi, imzalandi","Arkın Yaratıcı Sanatlar ve Tasarım Üniversitesi (ARUCAD), uluslararası akademik işbirlikleri ağını güçlendirmeye devam ediyor. Üniversite, Fransa’nın Nice kentinde bulunan BESIGN The Sustainable Design School ile öğrenci…"
https://arucad.edu.tr/arucad-ve-kayadtan-toplumsal-cinsiyet-esitligi-ve-kapsayicilik-icin-guclu-isbirligi/,https://arucad.edu.tr/arucad-ve-kayadtan-toplumsal-cinsiyet-esitligi-ve-kapsayicilik-icin-guclu-isbirligi/,ARUCAD ve KAYAD’tan Toplumsal Cinsiyet Eşitliği ve Kapsayıcılık İçin Güçlü İşbirliği,TR,Haber / news,"kayad, toplumsal, cinsiyet, eşitliği, kapsayıcılık, güçlü, işbirliği, çeşitlilik kapsayıcılık, cinsiyet eşitliği, toplumsal cinsiyet, sahadaki, projelerle, geliştirilecek, gönüllülük, kayadtan, esitligi, kapsayicilik, icin, guclu, isbirligi","Arkın Yaratıcı Sanatlar ve Tasarım Üniversitesi (ARUCAD) ile Kadından Yaşama Destek Derneği (KAYAD), toplumsal cinsiyet eşitliği, çeşitlilik ve kapsayıcılık alanlarında ortak projeler geliştirmek amacıyla bir mutabakat a…"
https://arucad.edu.tr/arucad-ve-sos-cocukkoyu-dernegi-arasindaki-protokol-yenilendi/,https://arucad.edu.tr/arucad-ve-sos-cocukkoyu-dernegi-arasindaki-protokol-yenilendi/,ARUCAD ve SOS Çocukköyü Derneği Arasındaki Protokol Yenilendi,TR,Haber / news,"protokol, iş birliği, cooperation, sos, çocukköyü, derneği, arasındaki, yenilendi, sos çocukköyü, çocukköyü derneği, derneği yönetim, topu, iyilik, diliyoruz, demek, kar, cocukkoyu, dernegi, arasindaki","Arkın Yaratıcı Sanatlar ve Tasarım Üniversitesi (ARUCAD) ile SOS Çocukköyü Derneği arasında uzun yıllardır süregelen işbirliği protokolü yenilendi. Protokol, ARUCAD Rektörü Prof. Dr. Asım Vehbi, SOS Çocukköyü Derneği Yön…"
https://arucad.edu.tr/arucad-x-fyve-active-moda-tasarim-yarismasi-kazananlari-aciklandi/,https://arucad.edu.tr/arucad-x-fyve-active-moda-tasarim-yarismasi-kazananlari-aciklandi/,ARUCAD x FYVE ACTIVE Moda Tasarım Yarışması Kazananları Açıklandı,TR,Haber / news,"yarışma, competition, tekstil ve moda tasarımı, fashion, fyve, actıve, moda, tasarım, yarışması, kazananları, açıklandı, tekstil moda, moda tasarımı, moda tasarımcısı, giyim, tasarımcısı, tekstil, kazanan, active, tasarim, yarismasi, kazananlari, aciklandi","ARUCAD Tekstil ve Moda Tasarımı Bölümü ile spor giyim markası FYVE ACTIVE tarafından düzenlenen Moda Tasarım Yarışması başarıyla tamamlandı. ""Playful Paradox: Active Duality"" teması etrafında şekillenen yarışma, öğrencil…"
https://arucad.edu.tr/arucad-yapimi-parallel-poles-lefkosada-izleyiciyle-bulusuyor/,https://arucad.edu.tr/arucad-yapimi-parallel-poles-lefkosada-izleyiciyle-bulusuyor/,ARUCAD Yapımı “Parallel Poles” Lefkoşa’da İzleyiciyle Buluşuyor,TR,Haber / news,"yapımı, parallel, poles, lefkoşa, izleyiciyle, buluşuyor, parallel poles, şubat perşembe, arabahmet kültür, evi, arabahmet, akşam, şubat, oturumu, yapimi, lefkosada, bulusuyor",Arkın Yaratıcı Sanatlar ve Tasarım Üniversitesi’nin (ARUCAD) yapımcılığını üstlendiği ve yönetmenliğini ARUCAD Rektör Yardımcısı ve Film Tasarımı ve Yönetimi Bölümü öğretim üyesi Yrd. Doç. Dr. İbrahim Dalkılıç’ın yaptığı…
https://arucad.edu.tr/arucad-yeni-medya-ve-iletisim-bolumu-ogrencilerinden-iletisim-sektorune-ziyaret/,https://arucad.edu.tr/arucad-yeni-medya-ve-iletisim-bolumu-ogrencilerinden-iletisim-sektorune-ziyaret/,ARUCAD Yeni Medya ve İletişim Bölümü Öğrencilerinden İletişim Sektörüne Ziyaret,TR,Haber / news,"iletişim, contact, adres, telefon, yeni medya, journalism, medya, bölümü, öğrencilerinden, sektörüne, ziyaret, görüşmede dijital, iletişim bölümü, medya iletişim, görüşmede, tak, işleyişi, gazetecilik, reklam, iletisim, bolumu, ogrencilerinden, sektorune","Arkın Yaratıcı Sanatlar ve Tasarım Üniversitesi (ARUCAD) Yeni Medya ve İletişim Bölümü öğrencileri, Yrd. Doç. Dr. Huri Yontucu'nun verdiği Yazım Teknikleri dersi kapsamında Kuzey Kıbrıs'ın iletişim alanındaki önemli kuru…"
https://arucad.edu.tr/arucad-yeni-medya-ve-iletisim-bolumunde-dijital-pazarlamada-veri-analizi-semineri-gerceklestirildi/,https://arucad.edu.tr/arucad-yeni-medya-ve-iletisim-bolumunde-dijital-pazarlamada-veri-analizi-semineri-gerceklestirildi/,ARUCAD Yeni Medya ve İletişim Bölümü’nde “Dijital Pazarlamada Veri Analizi” Semineri Gerçekleştirildi,TR,Haber / news,"iletişim, contact, adres, telefon, seminer, konferans, etkinlik, yeni medya, journalism, medya, bölümü, dijital, pazarlamada, veri, analizi, semineri, gerçekleştirildi, pazarlamada veri, dijital pazarlamada, veri analizi, ölçümleme, analitiği, iletisim, bolumunde, gerceklestirildi","Arkın Yaratıcı Sanatlar ve Tasarım Üniversitesi (ARUCAD) Yeni Medya ve İletişim Bölümü tarafından, YMED203 – Dijital Medya Pazarlama dersi kapsamında düzenlenen “Dijital Pazarlamada Veri Analizi” başlıklı seminer; ARUCAD…"
https://arucad.edu.tr/arucad-yeni-medya-ve-plastik-sanatlar-ogrencileri-lefkosa-bienaline-ortak-gezi-duzenledi/,https://arucad.edu.tr/arucad-yeni-medya-ve-plastik-sanatlar-ogrencileri-lefkosa-bienaline-ortak-gezi-duzenledi/,ARUCAD Yeni Medya ve Plastik Sanatlar Öğrencileri Lefkoşa Bienali’ne Ortak Gezi Düzenledi,TR,Haber / news,"resim, heykel, güzel sanatlar, yeni medya, iletişim, journalism, medya, plastik, sanatlar, öğrencileri, lefkoşa, bienali, ortak, gezi, düzenledi, bienali ortak, ortak gezi, gezi düzenledi, bienal, mekanlarını, ogrencileri, lefkosa, bienaline, duzenledi","Arkın Yaratıcı Sanatlar ve Tasarım Üniversitesi (ARUCAD) Yeni Medya ve İletişim Bölümü ile Plastik Sanatlar Bölümü öğrencileri ve akademisyenleri, 27 Kasım 2025 tarihinde Lefkoşa Bienali'ne ortak bir gezi düzenledi."
https://arucad.edu.tr/arucad-yokak-ve-yodak-is-birligiyle-gerceklestirilen-2025-akreditasyon-egitim-programina-katildi/,https://arucad.edu.tr/arucad-yokak-ve-yodak-is-birligiyle-gerceklestirilen-2025-akreditasyon-egitim-programina-katildi/,ARUCAD YÖKAK ve YÖDAK İş Birliğiyle Gerçekleştirilen 2025 Akreditasyon Eğitim Programına Katıldı,TR,Haber / news,"akreditasyon, accreditation, protokol, iş birliği, cooperation, yökak, yödak, birliğiyle, gerçekleştirilen, eğitim, programına, katıldı, sorumlu rektör, yükseköğretimde kalite, işlerden sorumlu, kalite, sorumlu, güvence, yokak, yodak, birligiyle, gerceklestirilen, egitim, programina, katildi","Yükseköğretimde kalite güvencesi, akreditasyon süreçleri ve kurumsal değerlendirme mekanizmaları üzerine odaklanan toplantıda, kalite standartlarının geliştirilmesine yönelik önemli başlıklar ele alındı. Program kapsamın…"
https://arucad.edu.tr/arucadda-anlatisal-enstrumantal-muzigin-zanaati-semineri-gerceklestirildi/,https://arucad.edu.tr/arucadda-anlatisal-enstrumantal-muzigin-zanaati-semineri-gerceklestirildi/,ARUCAD’da “ – Anlatısal Enstrümantal Müziğin Zanaatı” Semineri Gerçekleştirildi,TR,Haber / news,"seminer, konferans, etkinlik, anlatısal, enstrümantal, müziğin, zanaatı, semineri, gerçekleştirildi, anlatısal enstrümantal, enstrümantal müziğin, müziğin zanaatı, ses, bilsel, bellek, evrenini, söze, arucadda, anlatisal, enstrumantal, muzigin, zanaati, gerceklestirildi","Arkın Yaratıcı Sanatlar ve Tasarım Üniversitesi (ARUCAD) Ses Sanatları ve Tasarımı Bölümü tarafından düzenlenen “Küçük Dünyalar Yaratmak – Anlatısal Enstrümantal Müziğin Zanaatı” başlıklı seminer, 13 Ocak 2026 Salı günü …"
https://arucad.edu.tr/arucadda-basin-ve-ifade-ozgurlugunun-demokratik-toplumdaki-rolu-semineri-gerceklestirildi/,https://arucad.edu.tr/arucadda-basin-ve-ifade-ozgurlugunun-demokratik-toplumdaki-rolu-semineri-gerceklestirildi/,ARUCAD’da “Basın ve İfade Özgürlüğünün Demokratik Toplumdaki Rolü” Semineri Gerçekleştirildi,TR,Haber / news,"seminer, konferans, etkinlik, basın, ifade, özgürlüğünün, demokratik, toplumdaki, rolü, semineri, gerçekleştirildi, ifade özgürlüğünün, özgürlüğünün yalnızca, özgürlüğünün demokratik, özgürlüğü, olmadığı, hukuk, arucadda, basin, ozgurlugunun, rolu, gerceklestirildi","ARUCAD Yeni Medya Bölümü tarafından düzenlenen “Basın ve İfade Özgürlüğünün Demokratik Toplumdaki Rolü” başlıklı seminerde, ifade ve basın özgürlüğü hukuk perspektifinden ele alınarak demokratik toplumlar açısından taşıd…"
https://arucad.edu.tr/arucadda-bir-toplumun-sifasi-olan-dr-fazil-kucuke-adanmis-sifa-taslari-baslikli-seminer-gerceklestirildi/,https://arucad.edu.tr/arucadda-bir-toplumun-sifasi-olan-dr-fazil-kucuke-adanmis-sifa-taslari-baslikli-seminer-gerceklestirildi/,ARUCAD’da “Bir Toplumun Şifası Olan Dr. Fazıl Küçük’e Adanmış Şifa Tasları” Başlıklı Seminer Gerçekleştirildi,TR,Haber / news,"seminer, konferans, etkinlik, toplumun, şifası, fazıl, küçük, adanmış, şifa, tasları, başlıklı, gerçekleştirildi, fazıl küçük, kıbrıs türk, oksitosin tıp, tıp, arucadda, sifasi, fazil, kucuke, adanmis, sifa, taslari, baslikli, gerceklestirildi","Arkın Yaratıcı Sanatlar ve Tasarım Üniversitesi (ARUCAD), sanat ve tıbbı bir araya getiren anlamlı bir seminere ev sahipliği yaptı. 28 Mart 2025 Cuma günü Konferans Salonunda gerçekleşen ""Bir Toplumun Şifası Olan Dr. Faz…"
https://arucad.edu.tr/arucadda-birlesmis-milletler-surdurulebilir-kalkinma-amaclarini-anlamak-ve-uygulamak-egitimi-gerceklestirildi/,https://arucad.edu.tr/arucadda-birlesmis-milletler-surdurulebilir-kalkinma-amaclarini-anlamak-ve-uygulamak-egitimi-gerceklestirildi/,ARUCAD’da “Birleşmiş Milletler Sürdürülebilir Kalkınma Amaçlarını Anlamak ve Uygulamak” Eğitimi Gerçekleştirildi,TR,Haber / news,"sürdürülebilirlik, SDG, birleşmiş, milletler, sürdürülebilir, kalkınma, amaçlarını, anlamak, uygulamak, eğitimi, gerçekleştirildi, sürdürülebilir kalkınma, milletler sürdürülebilir, birleşmiş milletler, ska, hedeflerinin, arucadda, birlesmis, surdurulebilir, kalkinma, amaclarini, egitimi, gerceklestirildi","Arkın Yaratıcı Sanatlar ve Tasarım Üniversitesi (ARUCAD) Sürdürülebilirlik Merkezi tarafından düzenlenen “Birleşmiş Milletler Sürdürülebilir Kalkınma Amaçlarını (SKA) Anlamak ve Uygulamak” başlıklı eğitim etkinliği, 22 M…"
https://arucad.edu.tr/arucadda-cadilar-bayrami-coskusu-trick-or-art/,https://arucad.edu.tr/arucadda-cadilar-bayrami-coskusu-trick-or-art/,ARUCAD’da Cadılar Bayramı Coşkusu: Trick or Art,TR,Haber / news,"cadılar, bayramı, coşkusu, trick, art, cadılar bayramı, trick art, performansı, atmosferine, standı, hafızalarda, partiyle, enerjisini, osen, arucadda, cadilar, bayrami, coskusu","31 Ekim Cuma günü Arkın Yaratıcı Sanatlar ve Tasarım Üniversitesi (ARUCAD), Cadılar Bayramı’nı “Trick or Art” temasıyla düzenlenen özel bir partiyle kampüste kutladı. Sanat, müzik ve performansın bir araya geldiği etkinl…"
https://arucad.edu.tr/arucadda-cam-atolyesi-gerceklestirildi/,https://arucad.edu.tr/arucadda-cam-atolyesi-gerceklestirildi/,ARUCAD’da Cam Atölyesi Gerçekleştirildi,TR,Haber / news,"atölye, workshop, seramik, cam, ceramics, glass, atölyesi, gerçekleştirildi, cam atölyesi, camın, bahtiyar, mete, karataş, eğitmeni, keşfetme, paylaşımlar, oturum, aracı, olanaklarını, arucadda, atolyesi, gerceklestirildi","Plastik Sanatlar Bölümü tarafından düzenlenen “Cam Atölyesi”, ARUCAD Cam Eğitmeni Mete Bahtiyar Karataş’ın katılımıyla gerçekleştirildi."
https://arucad.edu.tr/arucadda-davulun-kulturu-sekillendirme-gucu-semineri-gerceklestirildi/,https://arucad.edu.tr/arucadda-davulun-kulturu-sekillendirme-gucu-semineri-gerceklestirildi/,ARUCAD’da “Davulun Kültürü Şekillendirme Gücü” Semineri Gerçekleştirildi,TR,Haber / news,"seminer, konferans, etkinlik, davulun, kültürü, şekillendirme, gücü, semineri, gerçekleştirildi, davulun kültürü, kültürü şekillendirme, şekillendirme gücü, ritmin, adams, ritim, geleneğinden, müziğe, arucadda, kulturu, sekillendirme, gucu, gerceklestirildi","Afrika ritim geleneğinden modern müziğe uzanan çalışmalarıyla tanınan Gabriel Adams, “Davulun Kültürü Şekillendirme Gücü” başlıklı seminer kapsamında ARUCAD’da öğrencilerle bir araya geldi. 16 Aralık 2025 tarihinde BA SI…"
https://arucad.edu.tr/arucadda-dijital-cag-ve-surdurulebilir-markalar-semineri-gerceklesti/,https://arucad.edu.tr/arucadda-dijital-cag-ve-surdurulebilir-markalar-semineri-gerceklesti/,ARUCAD’da Dijital Çağ ve Sürdürülebilir Markalar Semineri Gerçekleşti,TR,Haber / news,"seminer, konferans, etkinlik, sürdürülebilirlik, SDG, dijital, çağ, sürdürülebilir, markalar, semineri, gerçekleşti, oturumu mart, aysun şabanlı, değil toplumsal, şabanlı, aysun, tüketici, markaların, seminerlerde, arucadda, cag, surdurulebilir, gerceklesti","Arkın Yaratıcı Sanatlar ve Tasarım Üniversitesi'nde (ARUCAD), ""Yeni Dünya Trendleri ve Sürdürülebilir Marka Yaklaşımları"" başlıklı seminer, Görsel İletişim Tasarımı ile Yeni Medya ve İletişim bölümlerinin dersleri kapsam…"
https://arucad.edu.tr/arucadda-dikissiz-bir-yaratici-yeniden-insa-atolyesi-gerceklestirildi/,https://arucad.edu.tr/arucadda-dikissiz-bir-yaratici-yeniden-insa-atolyesi-gerceklestirildi/,ARUCAD’da “Dikişsiz: Bir Yaratıcı Yeniden İnşa” Atölyesi Gerçekleştirildi,TR,Haber / news,"atölye, workshop, dikişsiz, yaratıcı, yeniden, inşa, atölyesi, gerçekleştirildi, yeniden inşa, dikişsiz yaratıcı, yaratıcı yeniden, bedenlere, düşünerek, kalıpların, kimliklere, sın, arucadda, dikissiz, yaratici, insa, atolyesi, gerceklestirildi","ARUCAD Tekstil ve Moda Tasarımı Bölümü tarafından düzenlenen “Dikişsiz: Bir Yaratıcı Yeniden İnşa – Tüm Bedenlere ve Kimliklere Açık Bir Yaratıcı Stüdyo” başlıklı atölye, 16 Ocak 2026 Cuma günü AB SIN 01’de gerçekleştiri…"
https://arucad.edu.tr/arucadda-egitimde-kalite-ve-surekli-iyilestirme-calismalari-guclenerek-devam-ediyor/,https://arucad.edu.tr/arucadda-egitimde-kalite-ve-surekli-iyilestirme-calismalari-guclenerek-devam-ediyor/,ARUCAD’da Eğitimde Kalite ve Sürekli İyileştirme Çalışmaları Güçlenerek Devam Ediyor,TR,Haber / news,"kalite, quality, eğitimde, sürekli, iyileştirme, çalışmaları, güçlenerek, devam, ediyor, öğrenme çıktıları, çıktı temelli, sürekli iyileştirme, köç, pöç, çıktıları, arucadda, egitimde, surekli, iyilestirme, calismalari, guclenerek","Arkın Yaratıcı Sanatlar ve Tasarım Üniversitesi (ARUCAD), yükseköğretimde kalite kültürünü kurumsal bir yapı içerisinde sürdürülebilir kılma hedefi doğrultusunda yürüttüğü kalite güvence ve sürekli iyileştirme çalışmalar…"
https://arucad.edu.tr/arucadda-empati-atolyesi-gerceklestirildi/,https://arucad.edu.tr/arucadda-empati-atolyesi-gerceklestirildi/,ARUCAD’da Empati Atölyesi Gerçekleştirildi,TR,Haber / news,"atölye, workshop, empati, atölyesi, gerçekleştirildi, engelli bireylerin, empati atölyesi, bireylerin günlük, kibrit, engelli, sıfat, bireylerin, günay, karşılaştıkları, yaşamda, birey, arucadda, atolyesi, gerceklestirildi","Arkın Yaratıcı Sanatlar ve Tasarım Üniversitesi (ARUCAD), Engelli Öğrenciler Destek Birimi ve Kalite Kulübü ’nün düzenlediği “Empati Atölyesi”, Kıbrıs Türk Ortopedik Özürlüler Derneği Başkanı Günay Kibrit’in katılımıyla …"
https://arucad.edu.tr/arucadda-engel-olma-farkinda-ol-baslikli-seminer-gerceklestirildi/,https://arucad.edu.tr/arucadda-engel-olma-farkinda-ol-baslikli-seminer-gerceklestirildi/,"ARUCAD’da “Engel Olma, Farkında Ol” Başlıklı Seminer Gerçekleştirildi",TR,Haber / news,"seminer, konferans, etkinlik, engel, olma, farkında, başlıklı, gerçekleştirildi, engel olma, olma farkında, farkında başlıklı, işaret, bireylerle, işitme, sağır, engelli, arucadda, farkinda, baslikli, gerceklestirildi","Arkın Yaratıcı Sanatlar ve Tasarım Üniversitesi (ARUCAD), kurumsal düzeyde farkındalık yaratmak ve toplumsal kapsayıcılığı güçlendirmek amacıyla 13 Mart 2025 tarihinde “Engel Olma, Farkında Ol” başlıklı kurum içi eğitim …"
https://arucad.edu.tr/arucadda-foley-atolyesi-ile-sessiz-goruntuler-ses-kazandi/,https://arucad.edu.tr/arucadda-foley-atolyesi-ile-sessiz-goruntuler-ses-kazandi/,ARUCAD’da Foley Atölyesi ile Sessiz Görüntüler Ses Kazandı,TR,Haber / news,"atölye, workshop, foley, atölyesi, sessiz, görüntüler, ses, kazandı, foley atölyesi, kullanılarak yeniden, kamil bartu, yağmurlu, asfalt, sahnenin, kamil, bartu, arucadda, atolyesi, goruntuler, kazandi","Arkın Yaratıcı Sanatlar ve Tasarım Üniversitesi (ARUCAD) Yeni Medya ve İletişim Bölümü kapsamında, 28 Nisan 2026 tarihinde “Ses Tasarımı: Foley Atölyesi” gerçekleştirildi. Atölye, İLET204 – Yenilikçi Uygulamalar dersi öğ…"
https://arucad.edu.tr/arucadda-genclerde-farkindalik-ve-guvenli-yasam-semineri-gerceklestirildi/,https://arucad.edu.tr/arucadda-genclerde-farkindalik-ve-guvenli-yasam-semineri-gerceklestirildi/,ARUCAD’da “Gençlerde Farkındalık ve Güvenli Yaşam” Semineri Gerçekleştirildi,TR,Haber / news,"seminer, konferans, etkinlik, gençlerde, farkındalık, güvenli, yaşam, semineri, gerçekleştirildi, güvenli yaşam, polis genel, genel müdürlüğü, polis, kayabaşı, suç, atabek, müdürlüğü, arucadda, genclerde, farkindalik, guvenli, yasam, gerceklestirildi",Arkın Yaratıcı Sanatlar ve Tasarım Üniversitesi (ARUCAD) ile Polis Genel Müdürlüğü iş birliğiyle “Gençlerde Farkındalık ve Güvenli Yaşam Semineri” düzenlendi. 21 Ekim Salı günü ARUCAD Konferans Salonu’nda gerçekleştirile…
https://arucad.edu.tr/arucadda-hasta-haklari-medya-ve-sivil-toplum-etkilesimi-uzerine-seminer-gerceklestirildi/,https://arucad.edu.tr/arucadda-hasta-haklari-medya-ve-sivil-toplum-etkilesimi-uzerine-seminer-gerceklestirildi/,"ARUCAD’da Hasta Hakları, Medya ve Sivil Toplum Etkileşimi Üzerine Seminer Gerçekleştirildi",TR,Haber / news,"seminer, konferans, etkinlik, hasta, hakları, medya, sivil, toplum, etkileşimi, gerçekleştirildi, hasta hakları, hak temelli, hakları medya, imge, hak, emete, arucadda, haklari, etkilesimi, uzerine, gerceklestirildi","Arkın Yaratıcı Sanatlar ve Tasarım Üniversitesi (ARUCAD) Yeni Medya ve İletişim Bölümü tarafından, “Yenilikçi Uygulamalar” dersi kapsamında düzenlenen seminerde, Evrensel Hasta Hakları Derneği Asbaşkanı Emete İmge ve Gen…"
https://arucad.edu.tr/arucadda-iletisim-ve-cok-disiplinli-kariyerler-web-semineri-gerceklestirildi/,https://arucad.edu.tr/arucadda-iletisim-ve-cok-disiplinli-kariyerler-web-semineri-gerceklestirildi/,ARUCAD’da “İletişim ve Çok Disiplinli Kariyerler” Web Semineri Gerçekleştirildi,TR,Haber / news,"iletişim, contact, adres, telefon, kariyer, mezunlar, career, alumni, seminer, konferans, etkinlik, disiplinli, kariyerler, web, semineri, gerçekleştirildi, iletişim disiplinli, disiplinli kariyerler, web semineri, olmanın, iletişimin, gerektiği, örgütü, becerleri, arucadda, iletisim, cok, gerceklestirildi","ARUCAD Görsel İletişim Tasarımı Bölümü tarafından düzenlenen “İletişim ve Çok Disiplinli Kariyerler” başlıklı web semineri, iletişim alanının giderek çok disiplinli bir yapıya evrildiğini ele aldı. Dünya Sağlık Örgütü (W…"
https://arucad.edu.tr/arucadda-is-sagligi-ve-guvenligi-farkindalik-egitimleri-gerceklestirildi/,https://arucad.edu.tr/arucadda-is-sagligi-ve-guvenligi-farkindalik-egitimleri-gerceklestirildi/,ARUCAD’da İş Sağlığı ve Güvenliği Farkındalık Eğitimleri Gerçekleştirildi,TR,Haber / news,"sağlığı, güvenliği, farkındalık, eğitimleri, gerçekleştirildi, sağlığı güvenliği, isg, eğitimler, kazası, güvenliğinin, yaygınlaştırmaya, emir, taşçıoğlu, eğitimlerde, arucadda, sagligi, guvenligi, farkindalik, egitimleri, gerceklestirildi","Arkın Yaratıcı Sanatlar ve Tasarım Üniversitesi (ARUCAD), iş sağlığı ve güvenliği alanında farkındalık oluşturmak amacıyla düzenlediği Temel İş Sağlığı ve Güvenliği (İSG) Farkındalık Eğitimlerini başarıyla gerçekleştirdi…"
https://arucad.edu.tr/arucadda-itfaiye-egitimi-gerceklestirildi/,https://arucad.edu.tr/arucadda-itfaiye-egitimi-gerceklestirildi/,ARUCAD’da “İtfaiye Eğitimi” Gerçekleştirildi,TR,Haber / news,"itfaiye, eğitimi, gerçekleştirildi, itfaiye eğitimi, yangın güvenliği, güvenliği konusunda, yangın, güvenliği, çalışanı, savaşır, müfettiş, erbay, vaizoğlu, sebepleri, arucadda, egitimi, gerceklestirildi","Arkın Yaratıcı Sanatlar ve Tasarım Üniversitesi (ARUCAD), öğrencilerinin ve çalışanlarının acil durum bilincini artırmak amacıyla Girne İtfaiyesi işbirliğiyle bir “İtfaiye Eğitimi” gerçekleştirdi. 23 Ekim Perşembe günü A…"
https://arucad.edu.tr/arucadda-kan-bagisi-kampanyasi-gerceklestirildi/,https://arucad.edu.tr/arucadda-kan-bagisi-kampanyasi-gerceklestirildi/,ARUCAD’da Kan Bağışı Kampanyası Gerçekleştirildi,TR,Haber / news,"kan, bağışı, kampanyası, gerçekleştirildi, kan bağışı, bağışı kampanyası, kızılayı, bağışının, bağışında, bağışına, artmasına, çekmek, kampanya, bilincinin, arucadda, bagisi, kampanyasi, gerceklestirildi","Arkın Yaratıcı Sanatlar ve Tasarım Üniversitesi (ARUCAD), Kıbrıs Türk Kızılayı iş birliğiyle toplumsal dayanışmayı güçlendirmek ve kan bağışının hayati önemine dikkat çekmek amacıyla bir Kan Bağışı Kampanyası gerçekleşti…"
https://arucad.edu.tr/arucadda-kirsal-tasarimda-kulturel-peyzaj-kaynaklarinin-degerlendirilmesi-canakkale-ornegi-web-semineri-gerceklestirildi/,https://arucad.edu.tr/arucadda-kirsal-tasarimda-kulturel-peyzaj-kaynaklarinin-degerlendirilmesi-canakkale-ornegi-web-semineri-gerceklestirildi/,ARUCAD’da “Kırsal Tasarımda Kültürel Peyzaj Kaynaklarının Değerlendirilmesi: Çanakkale Örneği” Web Semineri Gerçekleştirildi,TR,Haber / news,"seminer, konferans, etkinlik, kırsal, tasarımda, kültürel, peyzaj, kaynaklarının, değerlendirilmesi, çanakkale, örneği, web, semineri, gerçekleştirildi, kültürel peyzaj, peyzaj kaynaklarının, kaynaklarının değerlendirilmesi, arucadda, kirsal, tasarimda, kulturel, kaynaklarinin, degerlendirilmesi, canakkale, ornegi, gerceklestirildi",Arkın Yaratıcı Sanatlar ve Tasarım Üniversitesi (ARUCAD) Kentsel Tasarım ve Peyzaj Mimarlığı Bölümü tarafından düzenlenen “Kırsal Tasarımda Kültürel Peyzaj Kaynaklarının Değerlendirilmesi: Çanakkale Örneği” başlıklı web …
https://arucad.edu.tr/arucadda-kolombiya-amazonunda-ses-kaydi-ve-topluluk-katilimi-web-semineri-gerceklestirildi/,https://arucad.edu.tr/arucadda-kolombiya-amazonunda-ses-kaydi-ve-topluluk-katilimi-web-semineri-gerceklestirildi/,ARUCAD’da “Kolombiya Amazonu’nda Ses Kaydı ve Topluluk Katılımı” Web Semineri Gerçekleştirildi,TR,Haber / news,"seminer, konferans, etkinlik, kolombiya, amazonu, ses, kaydı, topluluk, katılımı, web, semineri, gerçekleştirildi, kolombiya amazonu, amazonu ses, kaydı topluluk, castrill, süreçler, arucadda, amazonunda, kaydi, katilimi, gerceklestirildi","Arkın Yaratıcı Sanatlar ve Tasarım Üniversitesi (ARUCAD) Ses Sanatları Tasarımı Bölümü kapsamında düzenlenen “Kolombiya Amazonu’nda Ses Kaydı ve Topluluk Katılımı” başlıklı web semineri, Yrd. Doç. Dr. Juan Castrillón’un …"
https://arucad.edu.tr/arucadda-kompozisyon-temelli-seste-metodoloji-ve-pratikler-web-semineri-gerceklestirildi/,https://arucad.edu.tr/arucadda-kompozisyon-temelli-seste-metodoloji-ve-pratikler-web-semineri-gerceklestirildi/,ARUCAD’da “Kompozisyon Temelli Seste Metodoloji ve Pratikler” Web Semineri Gerçekleştirildi,TR,Haber / news,"seminer, konferans, etkinlik, kompozisyon, temelli, seste, metodoloji, pratikler, web, semineri, gerçekleştirildi, kompozisyon temelli, temelli seste, seste metodoloji, erkmen, sesleri, ses, arucadda, gerceklestirildi","Arkın Yaratıcı Sanatlar ve Tasarım Üniversitesi (ARUCAD) Ses Sanatları ve Tasarımı Bölümü tarafından düzenlenen “Kompozisyon Temelli Seste Metodoloji ve Pratikler” başlıklı web semineri, müzisyen ve akademisyen Yiğit Mer…"
https://arucad.edu.tr/arucadda-kuresel-bir-tasarim-kariyerine-giden-yollar-oturumu-gerceklestirildi/,https://arucad.edu.tr/arucadda-kuresel-bir-tasarim-kariyerine-giden-yollar-oturumu-gerceklestirildi/,ARUCAD’da “Küresel Bir Tasarım Kariyerine Giden Yollar” Oturumu Gerçekleştirildi,TR,Haber / news,"kariyer, mezunlar, career, alumni, küresel, tasarım, kariyerine, giden, yollar, oturumu, gerçekleştirildi, küresel tasarım, domus academy, tasarım kariyerine, milano, domus, scrivani, sektörle, arucadda, kuresel, tasarim, gerceklestirildi","Arkın Yaratıcı Sanatlar ve Tasarım Üniversitesi (ARUCAD) Tekstil ve Moda Tasarımı Bölümü tarafından düzenlenen “Küresel Bir Tasarım Kariyerine Giden Yollar” başlıklı uluslararası olanaklar oturumu, 20 Mayıs 2026 tarihind…"
https://arucad.edu.tr/arucadda-kurumsal-alanda-kullanilan-gorsel-iceriklerin-uretim-sureci-zorlugu-ve-dogru-yonetimi-semineri-gerceklestirildi-2/,https://arucad.edu.tr/arucadda-kurumsal-alanda-kullanilan-gorsel-iceriklerin-uretim-sureci-zorlugu-ve-dogru-yonetimi-semineri-gerceklestirildi-2/,"ARUCAD’da “Kurumsal Alanda Kullanılan Görsel İçeriklerin Üretim Süreci, Zorluğu ve Doğru Yönetimi” Semineri Gerçekleştirildi",TR,Haber / news,"yönetim, administration, rektörlük, iş ilanı, job vacancy, seminer, konferans, etkinlik, kurumsal, alanda, kullanılan, görsel, içeriklerin, üretim, süreci, zorluğu, yönetimi, semineri, gerçekleştirildi, kurumsal alanda, alanda kullanılan, kullanılan görsel, arucadda, kullanilan, gorsel, iceriklerin, uretim, sureci, zorlugu, dogru, yonetimi, gerceklestirildi","Arkın Yaratıcı Sanatlar ve Tasarım Üniversitesi (ARUCAD) Yeni Medya ve İletişim Bölümü tarafından düzenlenen “Kurumsal Alanda Kullanılan Görsel İçeriklerin Üretim Süreci, Zorluğu ve Doğru Yönetimi” başlıklı seminer, 7 Ma…"
https://arucad.edu.tr/arucadda-lefkosia-modular-sessions-ile-synthesis-101-atolyesi-gerceklestirildi/,https://arucad.edu.tr/arucadda-lefkosia-modular-sessions-ile-synthesis-101-atolyesi-gerceklestirildi/,ARUCAD’da “Lefkosia Modular Sessions ile Synthesis 101” Atölyesi Gerçekleştirildi,TR,Haber / news,"atölye, workshop, lefkosia, modular, sessions, synthesis, atölyesi, gerçekleştirildi, sessions synthesis, dijital modüler, lefkosia modular, modüler, sentezin, sinyal, ses, atesh, arucadda, atolyesi, gerceklestirildi","Arkın Yaratıcı Sanatlar ve Tasarım Üniversitesi (ARUCAD) Ses Sanatları ve Tasarımı Bölümü tarafından düzenlenen “Lefkosia Modular Sessions ile Synthesis 101” başlıklı atölye, ARUCAD’da gerçekleştirildi.  Atölye, Atesh K.…"
https://arucad.edu.tr/arucadda-medya-ve-ifade-ozgurlugunun-sinirlari-semineri-gerceklesti/,https://arucad.edu.tr/arucadda-medya-ve-ifade-ozgurlugunun-sinirlari-semineri-gerceklesti/,ARUCAD’da “Medya ve İfade Özgürlüğünün Sınırları” Semineri Gerçekleşti,TR,Haber / news,"seminer, konferans, etkinlik, medya, ifade, özgürlüğünün, sınırları, semineri, gerçekleşti, ifade özgürlüğünün, medya ifade, özgürlüğünün sınırları, özgürlüğü, atlı, hakları, mine, toplumda, arucadda, ozgurlugunun, sinirlari, gerceklesti","Arkın Yaratıcı Sanatlar ve Tasarım Üniversitesi (ARUCAD) Görsel İletişim Tasarımı Bölümü tarafından düzenlenen “Medya ve İfade Özgürlüğünün Sınırları” başlıklı seminer, 10 Nisan 2025 tarihinde Konferans Salonu’nda gerçek…"
https://arucad.edu.tr/arucadda-mercekten-saint-hilarion-fotograf-atolyesi-ve-gezisi-gerceklestirildi/,https://arucad.edu.tr/arucadda-mercekten-saint-hilarion-fotograf-atolyesi-ve-gezisi-gerceklestirildi/,ARUCAD’da “Mercekten Saint Hilarion” Fotoğraf Atölyesi ve Gezisi Gerçekleştirildi,TR,Haber / news,"atölye, workshop, fotoğraf, photography, mercekten, saint, hilarion, atölyesi, gezisi, gerçekleştirildi, saint hilarion, mercekten saint, fotoğraf atölyesi, tarihî, mekânın, gözlem, doğal, arucadda, fotograf, atolyesi, gerceklestirildi","Arkın Yaratıcı Sanatlar ve Tasarım Üniversitesi (ARUCAD) Fotoğraf Bölümü tarafından düzenlenen “Mercekten Saint Hilarion” başlıklı fotoğraf atölyesi ve gezisi, 20 Mayıs 2026 tarihinde gerçekleştirildi."
https://arucad.edu.tr/arucadda-mezunlarla-bulusma-semineri-duzenlendi/,https://arucad.edu.tr/arucadda-mezunlarla-bulusma-semineri-duzenlendi/,ARUCAD’da Mezunlarla Buluşma Semineri Düzenlendi,TR,Haber / news,"kariyer, mezunlar, career, alumni, seminer, konferans, etkinlik, mezunlarla, buluşma, semineri, düzenlendi, mezunlarla buluşma, buluşma semineri, nikitina, kozlova, hedeflendiği, konuşmalarında, imkanların, yönelmeleri, geliştirmelerinin, arucadda, bulusma, duzenlendi","Arkın Yaratıcı Sanatlar ve Tasarım Üniversitesi (ARUCAD), birinci sınıf öğrencilerine yönelik “Mezunlarla Buluşma” semineri düzenledi. ARUCAD Konferans Salonu’nda gerçekleştirilen etkinlikte, üniversitenin İletişim Fakül…"
https://arucad.edu.tr/arucadda-mimarlikta-yasam-guvenligi-tasarimda-yapi-yonetmeliklerinin-uygulanmasi-atolyesi-gerceklestirildi/,https://arucad.edu.tr/arucadda-mimarlikta-yasam-guvenligi-tasarimda-yapi-yonetmeliklerinin-uygulanmasi-atolyesi-gerceklestirildi/,ARUCAD’da “Mimarlıkta Yaşam Güvenliği: Tasarımda Yapı Yönetmeliklerinin Uygulanması” Atölyesi Gerçekleştirildi,TR,Haber / news,"yönetmelik, regulations, atölye, workshop, mimarlık, architecture, mimarlıkta, yaşam, güvenliği, tasarımda, yapı, yönetmeliklerinin, uygulanması, atölyesi, gerçekleştirildi, yapı yönetmeliklerinin, yaşam güvenliği, mimarlıkta yaşam, güvenlik, mekânsal, arucadda, mimarlikta, yasam, guvenligi, tasarimda, yapi, yonetmeliklerinin, uygulanmasi, atolyesi, gerceklestirildi","Arkın Yaratıcı Sanatlar ve Tasarım Üniversitesi (ARUCAD) Mimarlık Bölümü tarafından düzenlenen “Mimarlıkta Yaşam Güvenliği: Tasarımda Yapı Yönetmeliklerinin Uygulanması” başlıklı atölye, 13 Mayıs 2026 tarihinde gerçekleş…"
https://arucad.edu.tr/arucadda-moda-fotografciligi-atolyesi-gerceklestirildi/,https://arucad.edu.tr/arucadda-moda-fotografciligi-atolyesi-gerceklestirildi/,ARUCAD’da “Moda Fotoğrafçılığı Atölyesi” Gerçekleştirildi,TR,Haber / news,"atölye, workshop, fotoğraf, photography, tekstil ve moda tasarımı, fashion, moda, fotoğrafçılığı, atölyesi, gerçekleştirildi, moda fotoğrafçılığı, fotoğrafçılığı atölyesi, katılımcılar fütüristik, styling, fütüristik, tasarımları, bölümünde, fotoğrafçılığında, belgelendi, arucadda, fotografciligi, atolyesi, gerceklestirildi","Arkın Yaratıcı Sanatlar ve Tasarım Üniversitesi (ARUCAD) Tekstil ve Moda Tasarımı ile Fotoğraf Bölümleri iş birliğinde, “Futuristic Attire Event” kapsamında düzenlenen “Moda Fotoğrafçılığı Atölyesi”, 13 Mayıs 2026 tarihi…"
https://arucad.edu.tr/arucadda-moda-pratiginde-deneyimler-degisimler-ve-yaratici-yolculuklar-semineri-gerceklestirildi/,https://arucad.edu.tr/arucadda-moda-pratiginde-deneyimler-degisimler-ve-yaratici-yolculuklar-semineri-gerceklestirildi/,"ARUCAD’da “Moda Pratiğinde: Deneyimler, Değişimler ve Yaratıcı Yolculuklar” Semineri Gerçekleştirildi",TR,Haber / news,"uluslararası, erasmus, international, seminer, konferans, etkinlik, tekstil ve moda tasarımı, fashion, moda, pratiğinde, deneyimler, değişimler, yaratıcı, yolculuklar, semineri, gerçekleştirildi, moda pratiğinde, pratiğinde deneyimler, deneyimler değişimler, değerlendirmeler, tasarımcı, yansıdığı, arucadda, pratiginde, degisimler, yaratici, gerceklestirildi","Arkın Yaratıcı Sanatlar ve Tasarım Üniversitesi (ARUCAD) Tekstil ve Moda Tasarımı Bölümü tarafından düzenlenen “Moda Pratiğinde: Deneyimler, Değişimler ve Yaratıcı Yolculuklar” başlıklı seminer, 21 Mayıs 2026 tarihinde g…"
https://arucad.edu.tr/arucadda-nefese-denge-etkinligi-gerceklestirildi/,https://arucad.edu.tr/arucadda-nefese-denge-etkinligi-gerceklestirildi/,ARUCAD’da “Nefese Denge” Etkinliği Gerçekleştirildi,TR,Haber / news,"nefese, denge, etkinliği, gerçekleştirildi, yoga nefes, nefese denge, nefes, yoga, zihinsel, nefesle, sakinleşmelerine, odaklanmalarına, muhalefeti, jivamukti, arucadda, etkinligi, gerceklestirildi","Arkın Yaratıcı Sanatlar ve Tasarım Üniversitesi (ARUCAD) tarafından düzenlenen “Nefese Denge   Yoga ve Nefes Farkındalığı” etkinliği, 23 Ocak 2026 Cuma günü hava muhalefeti nedeniyle Performans Stüdyosu’nda gerçekleştiri…"
https://arucad.edu.tr/arucadda-oyunlara-yonelik-iki-buyuk-etkinlik-gerceklestirildi/,https://arucad.edu.tr/arucadda-oyunlara-yonelik-iki-buyuk-etkinlik-gerceklestirildi/,ARUCAD’da Oyunlara Yönelik İki Büyük Etkinlik Gerçekleştirildi,TR,Haber / news,"oyunlara, etkinlik, gerçekleştirildi, oyun müzikleri, müzikleri haftası, oyun müziği, müzikleri, zaifoğlu, oynanış, haftası, oyun, müziği, seansları, haftanın, arucadda, yonelik, buyuk, gerceklestirildi","Arkın Yaratıcı Sanatlar ve Tasarım Üniversitesi (ARUCAD), Ocak ayında oyun müziği, ses tasarımı ve dijital oyun üretimini odağına alan iki ayrı etkinliği hayata geçirdi. Ses Sanatları Tasarımı Bölümü ev sahipliğinde düze…"
https://arucad.edu.tr/arucadda-posta-sanati-etkinligi-gerceklestirildi/,https://arucad.edu.tr/arucadda-posta-sanati-etkinligi-gerceklestirildi/,ARUCAD’da Posta Sanatı Atölyesi Gerçekleştirildi,TR,Haber / news,"atölye, workshop, posta, sanatı, atölyesi, gerçekleştirildi, posta sanatı, genco gülan, sanatçı genco, gülan, etkileşimle, genco, dolaşıma, üretimler, etkileşim, planlanan, arucadda, sanati, etkinligi, gerceklestirildi","Arkın Yaratıcı Sanatlar ve Tasarım Üniversitesi’nde (ARUCAD), sanatçı Genco Gülan’ın katılımı ve Plastik Sanatlar Bölüm Başkanı Yrd. Doç. Dr. Pervin Kurçeren yürütücülüğünde 20–21 Nisan 2026 tarihlerinde gerçekleştirilen…"
https://arucad.edu.tr/arucadda-printing-wonders-workshop-gerceklestirildi/,https://arucad.edu.tr/arucadda-printing-wonders-workshop-gerceklestirildi/,ARUCAD’da “Printing Wonders Workshop” Gerçekleştirildi,TR,Haber / news,"atölye, workshop, printing, wonders, gerçekleştirildi, printing wonders, wonders workshop, iletişim tasarımı, baskı, tipografik, boyutlarının, akbaytogan, teknikleriyle, deneyimledi, tekniklerinin, arucadda, gerceklestirildi","Arkın Yaratıcı Sanatlar ve Tasarım Üniversitesi (ARUCAD) Görsel İletişim Tasarımı Bölümü kapsamında düzenlenen “Printing Wonders Workshop”, Öğr. Gör. Korhan Akbaytogan tarafından gerçekleştirildi.  Atölye kapsamında öğre…"
https://arucad.edu.tr/arucadda-reklam-ve-dizi-icin-audition-teknikleri-web-semineri-gerceklestirildi/,https://arucad.edu.tr/arucadda-reklam-ve-dizi-icin-audition-teknikleri-web-semineri-gerceklestirildi/,ARUCAD’da “Reklam ve Dizi için Audition Teknikleri” Web Semineri Gerçekleştirildi,TR,Haber / news,"seminer, konferans, etkinlik, reklam, dizi, audition, teknikleri, web, semineri, gerçekleştirildi, reklam dizi, audition teknikleri, dizi audition, cast, cv, headshot, menajeri, arucadda, icin, gerceklestirildi","Arkın Yaratıcı Sanatlar ve Tasarım Üniversitesi (ARUCAD) Müzik ve Sahne Sanatları Fakültesi tarafından düzenlenen “Reklam ve Dizi için Audition Teknikleri” başlıklı web semineri, 7 Mayıs 2026 tarihinde gerçekleştirildi."
https://arucad.edu.tr/arucadda-salvatore-cataldo-ile-cagdas-dans-atolyesi-gerceklestirildi/,https://arucad.edu.tr/arucadda-salvatore-cataldo-ile-cagdas-dans-atolyesi-gerceklestirildi/,ARUCAD’da Salvatore Cataldo ile Çağdaş Dans Atölyesi Gerçekleştirildi,TR,Haber / news,"atölye, workshop, dans, dance, salvatore, cataldo, çağdaş, atölyesi, gerçekleştirildi, cataldo çağdaş, serbest çalışma, çağdaş dans, bedenle, serbest, koçu, sohbetler, ilişkilerle, arucadda, cagdas, atolyesi, gerceklestirildi","ARUCAD’da düzenlenen “Çağdaş Dans Atölyesi: Serbest Çalışma Yolları”, 21 Kasım 2025 Cuma günü, BA SPE03’te gerçekleştirildi. Dansçı, oyuncu ve hareket koçu Salvatore Cataldo, Deneyimlerin Paylaşımı dersi kapsamında öğren…"
https://arucad.edu.tr/arucadda-scaling-a-creative-agency-semineri-gerceklesti/,https://arucad.edu.tr/arucadda-scaling-a-creative-agency-semineri-gerceklesti/,ARUCAD’da “Scaling a Creative Agency” Semineri Gerçekleşti,TR,Haber / news,"seminer, konferans, etkinlik, scaling, creative, agency, semineri, gerçekleşti, marka hikâyesinin, scaling creative, creative agency, demirkent, hikâyesinin, saypr, deneyimleri, ortağı, operasyonlardan, arucadda, gerceklesti","Arkın Yaratıcı Sanatlar ve Tasarım Üniversitesi (ARUCAD) Görsel İletişim Tasarımı Bölümü kapsamında yürütülen COMM204 – Yenilikçi Uygulamalar dersi, yaratıcı endüstrilerde profesyonel deneyimleri öğrencilere aktaran özel…"
https://arucad.edu.tr/arucadda-ses-hareket-ve-kolektif-yaratim-soundpaintingin-otesi-web-semineri-gerceklestirildi/,https://arucad.edu.tr/arucadda-ses-hareket-ve-kolektif-yaratim-soundpaintingin-otesi-web-semineri-gerceklestirildi/,"ARUCAD’da “Ses, Hareket ve Kolektif Yaratım: Soundpainting’in Ötesi” Web Semineri Gerçekleştirildi",TR,Haber / news,"seminer, konferans, etkinlik, müzik, ses sanatları, music, resim, heykel, güzel sanatlar, ses, hareket, kolektif, yaratım, soundpainting, ötesi, web, semineri, gerçekleştirildi, ses hareket, kolektif yaratım, hareket kolektif, yılmaz, doğaçlama, arucadda, yaratim, soundpaintingin, otesi, gerceklestirildi","Arkın Yaratıcı Sanatlar ve Tasarım Üniversitesi (ARUCAD) Oyunculuk Bölümü tarafından düzenlenen “Ses, Hareket ve Kolektif Yaratım: Soundpainting’in Ötesi” başlıklı web semineri, 14 Mayıs 2026 tarihinde gerçekleştirildi."
https://arucad.edu.tr/arucadda-sinav-kaygisina-yonelik-bilgilendirme-ve-farkindalik-atolyesi-gerceklestirildi/,https://arucad.edu.tr/arucadda-sinav-kaygisina-yonelik-bilgilendirme-ve-farkindalik-atolyesi-gerceklestirildi/,ARUCAD’da Sınav Kaygısına Yönelik Bilgilendirme ve Farkındalık Atölyesi Gerçekleştirildi,TR,Haber / news,"sınav takvimi, exam schedule, atölye, workshop, sınav, kaygısına, bilgilendirme, farkındalık, atölyesi, gerçekleştirildi, öğrencilerin sınav, sınav kaygısına, kaygısına bilgilendirme, sınavlarda, bilişsel, kaygısını, kaygının, klinik, arucadda, sinav, kaygisina, yonelik, farkindalik, atolyesi, gerceklestirildi","Arkın Yaratıcı Sanatlar ve Tasarım Üniversitesi (ARUCAD) İngilizce Hazırlık Okulu ile Psikolojik Danışmanlık ve Destek Birimi iş birliğinde, öğrencilerin sınav kaygısını anlamalarına ve yönetmelerine destek olmak amacıyl…"
https://arucad.edu.tr/arucadda-tasarimdan-uretime-50-yil-web-semineri-gerceklestirildi/,https://arucad.edu.tr/arucadda-tasarimdan-uretime-50-yil-web-semineri-gerceklestirildi/,ARUCAD’da “Tasarımdan Üretime: 50+ Yıl” Web Semineri Gerçekleştirildi,TR,Haber / news,"seminer, konferans, etkinlik, tasarımdan, üretime, web, semineri, gerçekleştirildi, tasarımdan üretime, endüstriyel tasarım, web semineri, akman, birikimlerinden, evrimine, endüstriyel, vadeli, işlevsellik, arucadda, tasarimdan, uretime, yil, gerceklestirildi","Arkın Yaratıcı Sanatlar ve Tasarım Üniversitesi (ARUCAD) tarafından düzenlenen “Tasarımdan Üretime: 50+ Yıl” başlıklı web semineri, 30 Nisan 2026 tarihinde gerçekleştirildi."
https://arucad.edu.tr/arucadda-tobia-repossi-ile-seeds-of-innovation-semineri-ve-atolyesi-gerceklestirildi/,https://arucad.edu.tr/arucadda-tobia-repossi-ile-seeds-of-innovation-semineri-ve-atolyesi-gerceklestirildi/,ARUCAD’da Tobia Repossi ile “Seeds of Innovation” Semineri ve Atölyesi Gerçekleştirildi,TR,Haber / news,"seminer, konferans, etkinlik, atölye, workshop, tobia, repossi, seeds, ınnovation, semineri, atölyesi, gerçekleştirildi, seeds ınnovation, ınnovation semineri, semineri atölyesi, sabahı, yönlendirmesiyle, yulaf, tohumları, arucadda, innovation, atolyesi, gerceklestirildi","Arkın Yaratıcı Sanatlar ve Tasarım Üniversitesi (ARUCAD) tarafından düzenlenen “Seeds of Innovation” semineri ve atölyesi, 5 Kasım 2025 Çarşamba sabahı Printmaking Studio’da, 23 öğrencinin katılımıyla gerçekleştirildi."
https://arucad.edu.tr/arucadda-topluluk-ve-dans-yoluyla-aktivizm-web-semineri-gerceklestirildi/,https://arucad.edu.tr/arucadda-topluluk-ve-dans-yoluyla-aktivizm-web-semineri-gerceklestirildi/,ARUCAD’da “Topluluk ve Dans Yoluyla Aktivizm” Web Semineri Gerçekleştirildi,TR,Haber / news,"seminer, konferans, etkinlik, dans, dance, topluluk, yoluyla, aktivizm, web, semineri, gerçekleştirildi, yoluyla aktivizm, oturumda toth, toth, göçmen, topluluklarla, çalışmak, sürdüren, arucadda, gerceklestirildi","Arkın Yaratıcı Sanatlar ve Tasarım Üniversitesi (ARUCAD) Modern Dans Bölümü bünyesinde yürütülen Deneyimlerin Paylaşımı dersi kapsamında, akademisyen, koreograf ve araştırmacı Lucille Toth konuk edildi. CDNC 307 dersi çe…"
https://arucad.edu.tr/arucadda-turizm-uzerine-bir-oyun-semineri-gerceklestirildi/,https://arucad.edu.tr/arucadda-turizm-uzerine-bir-oyun-semineri-gerceklestirildi/,ARUCAD’da “Turizm Üzerine Bir Oyun” Semineri Gerçekleştirildi,TR,Haber / news,"seminer, konferans, etkinlik, turizm, oyun, semineri, gerçekleştirildi, tiago correia, turizm oyun, correia, tiago, kent, sahneleme, oyunun, tiyatro, kadın, turizmin, arucadda, uzerine, gerceklestirildi","Arkın Yaratıcı Sanatlar ve Tasarım Üniversitesi (ARUCAD) Oyunculuk Bölümü tarafından düzenlenen “Turizm Üzerine Bir Oyun” başlıklı seminer, 18 Mayıs 2026 tarihinde gerçekleştirildi."
https://arucad.edu.tr/arucadda-uc-gun-suren-summer-fest-coskulu-sona-erdi/,https://arucad.edu.tr/arucadda-uc-gun-suren-summer-fest-coskulu-sona-erdi/,ARUCAD’da Üç Gün Süren ‘Summer Fest’ Coşkulu Sona Erdi,TR,Haber / news,"süren, summer, fest, coşkulu, sona, erdi, elektronik müzik, ana kampüs, summer fest, festivalin, oyunlar, elektronik, haziran, kampüsü, arucadda, gun, suren, coskulu","Arkın Yaratıcı Sanatlar ve Tasarım Üniversitesi (ARUCAD) tarafından düzenlenen Summer Fest, 10-11-12 Haziran 2026 tarihlerinde yoğun katılımla gerçekleştirildi. Girne’deki Ana Kampüs ve Lefkoşa’daki Bandabuliya Kampüsü’n…"
https://arucad.edu.tr/arucadda-uluslararasi-hukuk-ve-sinema-uzerine-web-semineri-gerceklestirildi/,https://arucad.edu.tr/arucadda-uluslararasi-hukuk-ve-sinema-uzerine-web-semineri-gerceklestirildi/,ARUCAD’da “Uluslararası Hukuk ve Sinema Üzerine” Web Semineri Gerçekleştirildi,TR,Haber / news,"uluslararası, erasmus, international, seminer, konferans, etkinlik, sinema, film, televizyon, hukuk, web, semineri, gerçekleştirildi, uluslararası hukuk, hukuk sinema, pazvantoğlu, insancıl, açılabileceğine, anlatısının, hukukla, hukukun, arucadda, uluslararasi, uzerine, gerceklestirildi","Arkın Yaratıcı Sanatlar ve Tasarım Üniversitesi (ARUCAD) Oyunculuk Bölümü tarafından düzenlenen “Uluslararası Hukuk ve Sinema Üzerine” başlıklı web seminerinde, uluslararası hukuk alanında uzman akademisyen, yaratıcı dra…"
https://arucad.edu.tr/arucadda-weekly-groove-dans-bulusmalari-gerceklestirildi/,https://arucad.edu.tr/arucadda-weekly-groove-dans-bulusmalari-gerceklestirildi/,ARUCAD’da Weekly Groove Dans Buluşmaları Gerçekleştirildi,TR,Haber / news,"dans, dance, weekly, groove, buluşmaları, gerçekleştirildi, weekly groove, groove dans, dans buluşmaları, buluşmalar, stillerini, kaygılardan, buluşmaların, buluşmalarının, paylaşım, arucadda, bulusmalari, gerceklestirildi","Arkın Yaratıcı Sanatlar ve Tasarım Üniversitesi (ARUCAD) bünyesinde düzenlenen Weekly Groove dans buluşmaları, Aralık ayı boyunca öğrencilerin katılımıyla gerçekleştirildi. 6, 13, 20 ve 27 Aralık 2025 tarihlerinde yapıla…"
https://arucad.edu.tr/arucadda-yapay-zeka-neden-siir-yaziyor-baslikli-halka-acik-ders-gerceklestirildi/,https://arucad.edu.tr/arucadda-yapay-zeka-neden-siir-yaziyor-baslikli-halka-acik-ders-gerceklestirildi/,ARUCAD’da “Yapay Zekâ Neden Şiir Yazıyor?” Başlıklı Halka Açık Ders Gerçekleştirildi,TR,Haber / news,"yapay zeka, AI, yapay, zekâ, neden, şiir, yazıyor, başlıklı, halka, açık, ders, gerçekleştirildi, yapay zekânın, zekâ neden, neden şiir, grout, arucadda, zeka, siir, yaziyor, baslikli, acik, gerceklestirildi","Arkın Yaratıcı Sanatlar ve Tasarım Üniversitesi (ARUCAD), Prof. Dr. Vic Grout’un konuşmacı olduğu “Yapay Zekâ Neden Şiir Yazıyor?” başlıklı halka açık dersi 16 Aralık 2025 Salı günü Konferans Salonu’nda gerçekleştirdi.  …"
https://arucad.edu.tr/arucadda-yapay-zeka-ve-yaraticilik-bir-araya-geldi/,https://arucad.edu.tr/arucadda-yapay-zeka-ve-yaraticilik-bir-araya-geldi/,ARUCAD’da Yapay Zekâ ve Yaratıcılık Bir Araya Geldi,TR,Haber / news,"yapay zeka, AI, yapay, zekâ, yaratıcılık, araya, geldi, yapay zekâ, zekâ destekli, sanat tasarım, aşamada, teknolojilerin, promptlar, promptu, karşılaştırılarak, müdahalesinin, arucadda, zeka, yaraticilik","4 Haziran 2026 tarihinde Plastik Sanatlar ve Görsel İletişim Tasarımı Bölümlerinin iş birliğiyle gerçekleştirilen AI Enhancement Workshop/Seminar, yapay zekâ teknolojilerinin sanat ve tasarım alanındaki yaratıcı potansiy…"
https://arucad.edu.tr/arucadda-yaratici-hizmetlerin-gelecegi-semineri-gerceklestirildi/,https://arucad.edu.tr/arucadda-yaratici-hizmetlerin-gelecegi-semineri-gerceklestirildi/,ARUCAD’da “Yaratıcı Hizmetlerin Geleceği” Semineri Gerçekleştirildi,TR,Haber / news,"seminer, konferans, etkinlik, yaratıcı, hizmetlerin, geleceği, semineri, gerçekleştirildi, yaratıcı hizmetlerin, hizmetlerin geleceği, zekâ teknolojilerinin, gökeri, teknolojiyi, teknolojilerinin, zekâ, entegre, yaşanabilecek, arucadda, yaratici, gelecegi, gerceklestirildi","Arkın Yaratıcı Sanatlar ve Tasarım Üniversitesi (ARUCAD), 4 Mayıs 2026 tarihinde ARUCAD Konferans Salonu’nda, Görsel İletişim Tasarımı ve Dijital Oyun Tasarımı Bölümleri’ne yönelik “Future of Creative Services” (Yaratıcı…"
https://arucad.edu.tr/arucadda-yeni-dunyada-etik-gazetecilik-semineri-gerceklesti/,https://arucad.edu.tr/arucadda-yeni-dunyada-etik-gazetecilik-semineri-gerceklesti/,ARUCAD’da “Yeni Dünyada Etik Gazetecilik” Semineri Gerçekleşti,TR,Haber / news,"seminer, konferans, etkinlik, yeni medya, iletişim, journalism, dünyada, etik, gazetecilik, semineri, gerçekleşti, dünyada etik, etik gazetecilik, medya etik, akter, aysu, basri, taşıdığı, medya, yalan, arucadda, dunyada, gerceklesti","Arkın Yaratıcı Sanatlar ve Tasarım Üniversitesi (ARUCAD) Yeni Medya ve İletişim Bölümü tarafından düzenlenen “Yeni Dünyada Etik Gazetecilik” başlıklı seminer, 9 Nisan 2025 tarihinde DA CLA02 salonunda gerçekleşti. Yenili…"
https://arucad.edu.tr/arucaddan-girne-itfaiyesine-anlamli-duvar-resmi/,https://arucad.edu.tr/arucaddan-girne-itfaiyesine-anlamli-duvar-resmi/,ARUCAD’dan Girne İtfaiyesi’ne Anlamlı Duvar Resmi,TR,Haber / news,"girne, itfaiyesi, anlamlı, duvar, resmi, girne itfaiye, itfaiye müdürlüğü, gündal öğrencileri, itfaiyecilerin, itfaiye, üstlendikleri, kurtaran, müdürlüğü, binasında, arucaddan, itfaiyesine, anlamli","Arkın Yaratıcı Sanatlar ve Tasarım Üniversitesi (ARUCAD) Sanat Fakültesi öğretim görevlisi, sanatçı Batu Gündal ve öğrencileri tarafından Girne İtfaiye Müdürlüğü binasında gerçekleştirilen duvar resmi çalışması, itfaiyec…"
https://arucad.edu.tr/arucaddan-sata-destek-jenerator-ve-telsiz-bagislandi/,https://arucad.edu.tr/arucaddan-sata-destek-jenerator-ve-telsiz-bagislandi/,ARUCAD’dan SAT’a Destek: Jeneratör ve  Telsiz Bağışlandı,TR,Haber / news,"sat, destek, jeneratör, telsiz, bağışlandı, afet yönetimi, tayfun çanakçı, afet anlarında, afet, çanakçı, eğitimli, anlarında, gönüllüler, sahada, arucaddan, sata, jenerator, bagislandi","Arkın Yaratıcı Sanatlar ve Tasarım Üniversitesi (ARUCAD), afet anlarında etkin müdahale ve koordinasyonu güçlendirmesi amacıyla Sivil Afet Timi Derneği’ne (SAT) bir jeneratör ve 31 adet telsiz bağışladı. İletişimin kesin…"
https://arucad.edu.tr/arucadin-8-akademik-yili-acilis-dersini-ali-dusenkalkar-verdi/,https://arucad.edu.tr/arucadin-8-akademik-yili-acilis-dersini-ali-dusenkalkar-verdi/,ARUCAD’ın 8. Akademik Yılı Açılış Dersini Ali Düşenkalkar Verdi,TR,Haber / news,"akademik, açılış, dersini, ali, düşenkalkar, verdi, ali düşenkalkar, yönetmen ali, düşenkalkar oynayan, oynayan, tiyatrosu, oyuncu, oyunculuğun, ünlü, arucadin, yili, acilis, dusenkalkar","Arkın Yaratıcı Sanatlar ve Tasarım Üniversitesi (ARUCAD), 2025–2026 Akademik Yılı Açılış Dersini, ünlü oyuncu ve yönetmen Ali Düşenkalkar’ın ‘Oynayan İnsan’ başlıklı dersiyle gerçekleştirdi."
https://arucad.edu.tr/arucadin-ilk-masquerade-ball/,https://arucad.edu.tr/arucadin-ilk-masquerade-ball/,ARUCAD’ın ilk Masquerade Ball,TR,Haber / news,"ilk, masquerade, ball, ilk masquerade, masquerade ball, maskeler, anlarla, büyülü, zarafetin, danslarla, renklenen, kutlayan, tamamı, kostümler, arucadin","ARUCAD’ın ilk Masquerade Ball gecesi; maskeler, müzik, dans ve unutulmaz anlarla dolu büyülü bir atmosferde gerçekleşti."
https://arucad.edu.tr/arucadin-kafka-yorumu-bilkent-uluslararasi-tiyatro-festivalinde-sahnelendi/,https://arucad.edu.tr/arucadin-kafka-yorumu-bilkent-uluslararasi-tiyatro-festivalinde-sahnelendi/,ARUCAD’ın Kafka Yorumu Bilkent Uluslararası Tiyatro Festivali’nde Sahnelendi,TR,Haber / news,"uluslararası, erasmus, international, festival, tiyatro, theatre, kafka, yorumu, bilkent, festivali, sahnelendi, bilkent tiyatro, tiyatro bölümü, türkiye ülkelerden, serçe, parmağını, kaşlarında, gezdirmek, arucadin, uluslararasi, festivalinde","Arkın Yaratıcı Sanatlar ve Tasarım Üniversitesi (ARUCAD) Müzik ve Sahne Sanatları Fakültesi Oyunculuk Bölümü, Serçe Parmağını Kaşlarında Gezdirmek adlı oyunuyla 22-26 Haziran tarihleri arasında düzenlenen 12. Bilkent Tiy…"
https://arucad.edu.tr/arucadin-lisansustu-ve-doktora-programlari-ogrenci-kabulune-devam-ediyor/,https://arucad.edu.tr/arucadin-lisansustu-ve-doktora-programlari-ogrenci-kabulune-devam-ediyor/,ARUCAD’ın Lisansüstü ve Doktora Programları Öğrenci Kabulüne Devam Ediyor,TR,Haber / news,"başvuru, application, kayıt, lisansüstü, yüksek lisans, graduate studies, doktora, programları, kabulüne, devam, ediyor, doktora programları, lisansüstü eğitim, adaylara, adaylar, programlarına, kabulünü, kariyerini, arucadin, lisansustu, programlari, ogrenci, kabulune","Arkın Yaratıcı Sanatlar ve Tasarım Üniversitesi (ARUCAD), 2025-2026 Akademik Yılı Güz Dönemi için lisansüstü programlarına öğrenci kabulünü sürdürüyor. Yaratıcı alanlarda uzmanlaşmak, disiplinlerarası çalışmalar yürütmek…"
https://arucad.edu.tr/arucadin-lise-ogrencilerine-yonelik-hazirladigi-geleneksellesen-atolyeler-haftasi-basliyor/,https://arucad.edu.tr/arucadin-lise-ogrencilerine-yonelik-hazirladigi-geleneksellesen-atolyeler-haftasi-basliyor/,"ARUCAD’ın Lise Öğrencilerine Yönelik Hazırladığı, Gelenekselleşen Atölyeler Haftası Başlıyor",TR,Haber / news,"atölye, workshop, lise öğrencileri, high school, lise, öğrencilerine, hazırladığı, gelenekselleşen, atölyeler, haftası, başlıyor, atölyeler haftası, kurs atölye, gerçekleştirilecek atölyeler, kurs, şubat, camlarla, saatlik, arucadin, ogrencilerine, yonelik, hazirladigi, geleneksellesen, atolyeler, haftasi, basliyor","Arkın Yaratıcı Sanatlar ve Tasarım Üniversitesi (ARUCAD), lise öğrencilerini yaratıcı alanlarda kendilerini keşfetmeye davet eden Atölyeler Haftası ile bu yıl da kapılarını gençlere açıyor. ARUCAD’ın lise öğrencilerine y…"
https://arucad.edu.tr/arucadin-muzik-ve-sahne-sanatlari-fakultesinin-yeni-yerleskesi-bandabuliya-kampusu-acildi/,https://arucad.edu.tr/arucadin-muzik-ve-sahne-sanatlari-fakultesinin-yeni-yerleskesi-bandabuliya-kampusu-acildi/,ARUCAD’ın Müzik ve Sahne Sanatları Fakültesi’nin Yeni Yerleşkesi Bandabuliya Kampüsü Açıldı,TR,Haber / news,"kampüs, campus life, müzik, ses sanatları, music, sahne, sanatları, fakültesi, yerleşkesi, bandabuliya, kampüsü, açıldı, lefkoşa türk, türk belediyesi, mehmet harmancı, harmancı, yerleşkenin, yürütüldüğünü, arucadin, muzik, sanatlari, fakultesinin, yerleskesi, kampusu, acildi","Arkın Yaratıcı Sanatlar ve Tasarım Üniversitesi (ARUCAD), Müzik ve Sahne Sanatları Fakültesi’nin yeni yerleşkesini Lefkoşa Surlariçi’nin kalbinde, Bandabuliya’nın tarihi dokusunda hizmete açtı. Oyunculuk, Modern Dans ve …"
https://arucad.edu.tr/arucadli-genc-sanatcilar-mezuniyet-sergileriyle-lefkosa-ve-girnede-izleyici-ile-bulusuyor/,https://arucad.edu.tr/arucadli-genc-sanatcilar-mezuniyet-sergileriyle-lefkosa-ve-girnede-izleyici-ile-bulusuyor/,ARUCAD’lı Genç Sanatçılar Mezuniyet Sergileriyle Lefkoşa ve Girne’de İzleyici ile Buluşuyor,TR,Haber / news,"kariyer, mezunlar, career, alumni, sergi, exhibition, mezuniyet, graduation, genç, sanatçılar, sergileriyle, lefkoşa, girne, izleyici, buluşuyor, haziran cumartesi, açılış haziran, lefkoşa açılış, haziran, cumartesi, sergiler, arucadli, genc, sanatcilar, lefkosa, girnede, bulusuyor","Arkın Yaratıcı Sanatlar ve Tasarım Üniversitesi (ARUCAD) 2025–2026 Akademik Yılı Bahar Dönemi Plastik Sanatlar Bölümü öğrencilerinin mezuniyet projeleri kapsamında hazırladıkları bireysel sergiler, 20 Haziran – 2 Temmuz …"
https://arucad.edu.tr/arucadta-beden-ve-yaraticilik-atolyesinin-ilk-oturumu-gerceklesti/,https://arucad.edu.tr/arucadta-beden-ve-yaraticilik-atolyesinin-ilk-oturumu-gerceklesti/,ARUCAD’ta “Beden ve Yaratıcılık” Atölyesinin İlk Oturumu Gerçekleşti,TR,Haber / news,"atölye, workshop, beden, yaratıcılık, atölyesinin, ilk, oturumu, gerçekleşti, aydın teker, beden yaratıcılık, atölyenin ilk, teker, simetri, atölyenin, aydın, derinlik, arucadta, yaraticilik, atolyesinin, gerceklesti","Arkın Yaratıcı Sanatlar ve Tasarım Üniversitesi (ARUCAD) Modern Dans Bölümü kapsamında düzenlenen “Beden ve Yaratıcılık” başlıklı atölyenin ilk oturumu, 8 Ocak 2026 tarihinde gerçekleştirildi. Sanatçı, koreograf ve akade…"
https://arucad.edu.tr/arucadta-bir-temas-alani-olarak-sanat-web-semineri-gerceklestirildi/,https://arucad.edu.tr/arucadta-bir-temas-alani-olarak-sanat-web-semineri-gerceklestirildi/,ARUCAD’ta “Bir Temas Alanı Olarak Sanat” Web Semineri Gerçekleştirildi,TR,Haber / news,"seminer, konferans, etkinlik, temas, alanı, sanat, web, semineri, gerçekleştirildi, temas alanı, sanatsal araştırma, koreografinin yalnızca, koreografinin, derya, gözlem, bedenlerin, işlediğine, arucadta, alani, gerceklestirildi","Arkın Yaratıcı Sanatlar ve Tasarım Üniversitesi (ARUCAD) Modern Dans Bölümü tarafından düzenlenen “Bir Temas Alanı Olarak Sanat: Sanatsal Araştırma ve Dönüşümün Koreografisi” başlıklı web semineri, Öğr. Gör. Bekir Şimşek…"
https://arucad.edu.tr/arucadta-damitma-atolyesi-tasarim-sureci-ve-zorluklar-gerceklestirildi/,https://arucad.edu.tr/arucadta-damitma-atolyesi-tasarim-sureci-ve-zorluklar-gerceklestirildi/,ARUCAD’ta “Damıtma Atölyesi: Tasarım Süreci ve Zorluklar” Gerçekleştirildi,TR,Haber / news,"atölye, workshop, damıtma, atölyesi, tasarım, süreci, zorluklar, gerçekleştirildi, damıtma atölyesi, atölyesi tasarım, süreci zorluklar, simzer, zorluklara, karşılaşılan, mimari, çözümlere, arucadta, damitma, atolyesi, tasarim, sureci, gerceklestirildi","Arkın Yaratıcı Sanatlar ve Tasarım Üniversitesi (ARUCAD) Mimarlık Bölümü tarafından düzenlenen “Damıtma Atölyesi: Tasarım Süreci ve Zorluklar” başlıklı atölye, Yrd. Doç. Dr. Olgica Grcheva moderatörlüğünde, mimar Simzer …"
https://arucad.edu.tr/arucadta-disiplinlerarasi-performans-dinamikleri-semineri-gerceklestirildi/,https://arucad.edu.tr/arucadta-disiplinlerarasi-performans-dinamikleri-semineri-gerceklestirildi/,ARUCAD’ta “Disiplinlerarası Performans Dinamikleri” Semineri Gerçekleştirildi,TR,Haber / news,"seminer, konferans, etkinlik, disiplinlerarası, performans, dinamikleri, semineri, gerçekleştirildi, çağıl kaya, tamer temel, disiplinlerarası üretim, çağıl, tamer, kaya, çıktıktan, mesele, sınıflandırma, arucadta, disiplinlerarasi, gerceklestirildi","Arkın Yaratıcı Sanatlar ve Tasarım Üniversitesi (ARUCAD), sahne sanatlarında disiplinlerarası üretim pratiklerini odağına alan “Disiplinlerarası Performans Dinamikleri” başlıklı seminere ev sahipliği yaptı. Disiplinlerar…"
https://arucad.edu.tr/arucadta-muzikal-dogaclamada-anlam-ve-anlati-semineri-gerceklestirildi/,https://arucad.edu.tr/arucadta-muzikal-dogaclamada-anlam-ve-anlati-semineri-gerceklestirildi/,ARUCAD’ta “Müzikal Doğaçlamada Anlam ve Anlatı” Semineri Gerçekleştirildi,TR,Haber / news,"seminer, konferans, etkinlik, müzik, ses sanatları, music, müzikal, doğaçlamada, anlam, anlatı, semineri, gerçekleştirildi, anlam anlatı, müzikal doğaçlamada, doğaçlamada anlam, doğaçlamanın, cahit, kutrafalı, doğaçlama, bas, arucadta, muzikal, dogaclamada, anlati, gerceklestirildi","Arkın Yaratıcı Sanatlar ve Tasarım Üniversitesi (ARUCAD) Ses Sanatları Tasarımı Bölümü tarafından düzenlenen “Müzikal Doğaçlamada Anlam ve Anlatı” başlıklı seminer, Öğr. Gör. Melisa Tunay Kula moderatörlüğünde, bas gitar…"
https://arucad.edu.tr/arucadta-produksiyon-ve-isik-tasariminin-temel-ilkeleri-web-semineri-gerceklestirildi/,https://arucad.edu.tr/arucadta-produksiyon-ve-isik-tasariminin-temel-ilkeleri-web-semineri-gerceklestirildi/,ARUCAD’ta “Prodüksiyon ve Işık Tasarımının Temel İlkeleri” Web Semineri Gerçekleştirildi,TR,Haber / news,"seminer, konferans, etkinlik, prodüksiyon, ışık, tasarımının, temel, ilkeleri, web, semineri, gerçekleştirildi, ışık tasarımının, prodüksiyon ışık, utku kara, utku, kara, sanatlarında, arucadta, produksiyon, isik, tasariminin, gerceklestirildi","Arkın Yaratıcı Sanatlar ve Tasarım Üniversitesi (ARUCAD) Oyunculuk Bölümü tarafından düzenlenen “Prodüksiyon ve Işık Tasarımının Temel İlkeleri” başlıklı web semineri, Öğr. Gör. Şafak Ersözlü moderatörlüğünde, ışık, sahn…"
https://arucad.edu.tr/arvin-medghalchi-arucadda-animasyon-uretim-sureci-ve-yapay-zeka-uzerine-konustu/,https://arucad.edu.tr/arvin-medghalchi-arucadda-animasyon-uretim-sureci-ve-yapay-zeka-uzerine-konustu/,Arvin Medghalchi ARUCAD’da Animasyon Üretim Süreci ve Yapay Zekâ Üzerine Konuştu,TR,Haber / news,"animasyon, animation, yapay zeka, AI, arvin, medghalchi, üretim, süreci, yapay, zekâ, konuştu, animasyon üretim, arvin medghalchi, üretim süreci, webinar, zekânın, konsept, arucadda, uretim, sureci, zeka, uzerine, konustu","Arkın Yaratıcı Sanatlar ve Tasarım Üniversitesi İletişim Fakültesi tarafından düzenlenen “Yapay Zekâ Çağında Animasyon: Üretim Süreci ve Kariyer Gelişimi” başlıklı webinar, 23 Mart 2026 Pazartesi günü TK CLA04’te gerçekl…"
https://arucad.edu.tr/atiktan-estetige-kampus-genelinde-surdurulebilir-bir-uretim-adimi/,https://arucad.edu.tr/atiktan-estetige-kampus-genelinde-surdurulebilir-bir-uretim-adimi/,Atıktan Estetiğe: Kampüs Genelinde Sürdürülebilir Bir Üretim Adımı,TR,Haber / news,"sürdürülebilirlik, SDG, kampüs, campus life, atıktan, estetiğe, genelinde, sürdürülebilir, üretim, adımı, atıktan estetiğe, kampüs genelinde, genelinde sürdürülebilir, kumaş, artıklarının, toplanacağı, sepetler, atiktan, estetige, kampus, surdurulebilir, uretim, adimi","ARUCAD Sürdürülebilirlik Ofisi’nde görev alan öğrenciler tarafından geliştirilen “Atıktan Estetiğe” projesi kapsamında, kampüs genelinde sürdürülebilir üretimi destekleyen bir uygulama hayata geçirildi. Proje çerçevesind…"
https://arucad.edu.tr/bandabuliya-modern-ensemble-izleyiciyle-bulustu/,https://arucad.edu.tr/bandabuliya-modern-ensemble-izleyiciyle-bulustu/,Bandabuliya Modern Ensemble İzleyiciyle Buluştu,TR,Haber / news,"bandabuliya, modern, ensemble, izleyiciyle, buluştu, bandabuliya modern, modern ensemble, izleyiciyle buluştu, yönlendirilmiş, heterofonik, partisyona, kalmaksızın, sinyalleri, dinleyicilere, bulustu","Ses Sanatları Tasarımı Bölümü tarafından sunulan Bandabuliya Modern Ensemble, Bandabuliya Sahnesi’nde izleyiciyle buluştu."
https://arucad.edu.tr/bandabuliya-sahnesinde-toplumsal-konulara-dikkat-ceken-performanslar-gerceklestirildi/,https://arucad.edu.tr/bandabuliya-sahnesinde-toplumsal-konulara-dikkat-ceken-performanslar-gerceklestirildi/,Bandabuliya Sahnesi’nde Toplumsal Konulara Dikkat Çeken Performanslar Gerçekleştirildi,TR,Haber / news,"bandabuliya, sahnesi, toplumsal, konulara, dikkat, çeken, performanslar, gerçekleştirildi, ofisi organize, başlıklı performans, sürdürülebilirlik ofisi, iklim, kadına, açlık, sahnesinde, ceken, gerceklestirildi","Arkın Yaratıcı Sanatlar ve Tasarım Üniversitesi (ARUCAD) bünyesinde faaliyet gösteren Çeşitlilik, Eşitlik ve Kapsayıcılık Ofisi ile Sürdürülebilirlik Ofisi tarafından organize edilen performanslar, Müzik ve Sahne Sanatla…"
https://arucad.edu.tr/bilim-kultur-ve-sanat-festivalinde-arucad-yer-aldi/,https://arucad.edu.tr/bilim-kultur-ve-sanat-festivalinde-arucad-yer-aldi/,"Cuma günü Bayraktar Ortaokulu’nda düzenlenen Bilim, Kültür ve Sanat Festivali’nde ARUCAD da yer aldı",TR,Haber / news,"festival, cuma, günü, bayraktar, ortaokulu, düzenlenen, bilim, kültür, sanat, festivali, bayraktar ortaokulu, graffiti, birincik, boyalar, spray, kultur, festivalinde, aldi","Etkinlik kapsamında, ARUCAD Graffiti Kulübü Başkanı Barış Birincik ile ARUCAD Plastik Sanatlar Bölümü öğretim üyesi Öğr. Gör. Batu Gündal tarafından 2,5 m x 1,5 m ölçülerinde bir duvar resmi çalışması gerçekleştirildi. S…"
https://arucad.edu.tr/cherry-red-advertising-ile-ozgun-logo-tasarimi-ve-etik-yaraticilik-semineri-gerceklesti/,https://arucad.edu.tr/cherry-red-advertising-ile-ozgun-logo-tasarimi-ve-etik-yaraticilik-semineri-gerceklesti/,Cherry Red Advertising ile Özgün Logo Tasarımı ve Etik Yaratıcılık Semineri Gerçekleşti,TR,Haber / news,"seminer, konferans, etkinlik, cherry, red, advertising, özgün, logo, tasarımı, etik, yaratıcılık, semineri, gerçekleşti, özgün logo, tasarımı etik, etik yaratıcılık, düşünceyi, ozgun, tasarimi, yaraticilik, gerceklesti","Arkın Yaratıcı Sanatlar ve Tasarım Üniversitesi (ARUCAD) Görsel İletişim Tasarımı Bölümü tarafından, Yenilikçi Uygulamalar dersi kapsamında düzenlenen seminere, Cherry Red Advertising ajansının kurucu ortakları Eda Baştu…"
https://arucad.edu.tr/cizgi-roman-ve-anime-kulubu-gosterim-gecesi/,https://arucad.edu.tr/cizgi-roman-ve-anime-kulubu-gosterim-gecesi/,Çizgi Roman ve Anime Kulübü Gösterim Gecesi,TR,Haber / news,"çizgi, roman, anime, kulübü, gösterim, gecesi, gösterim gecesi, roman anime, anime kulübü, yönetmenliğinde, ınterstella, görselliği, seyir, hiroyuki, cizgi, kulubu, gosterim","Çizgi Roman ve Anime Kulübü tarafından düzenlenen Gösterim Gecesi’nde, Hiroyuki Nishimura yönetmenliğinde hazırlanan Daft Punk’s Interstella 5555, 14 Kasım Cuma günü Konferans Salonu’nda izleyiciyle buluştu. Müzik ve gör…"
https://arucad.edu.tr/dance-showcase-etkinligi-gerceklestirildi/,https://arucad.edu.tr/dance-showcase-etkinligi-gerceklestirildi/,Dance Showcase Etkinliği Gerçekleştirildi,TR,Haber / news,"dans, dance, showcase, etkinliği, gerçekleştirildi, dance showcase, showcase dans, dans kulübü, kulübü, disiplinlerinden, eğitmenlerin, tarzlarda, konolu, bikem, etkinligi, gerceklestirildi","Dans Kulübü tarafından Bandabuliya Kampüsü’nde düzenlenen Dance Showcase, farklı dans disiplinlerinden konuk eğitmenlerin katılımıyla gerçekleştirildi. Etkinlik kapsamında Batu Konolu, Bikem Türker, Peren Varangüller ve …"
https://arucad.edu.tr/dansta-sampiyon-arucad/,https://arucad.edu.tr/dansta-sampiyon-arucad/,Dansta Şampiyon ARUCAD,TR,Haber / news,"dans, dance, dansta, şampiyon, modern dans, dans bölümü, solo kategorisinde, birincilik, kategorisinde, görüldü, layık, yarışmada, çelik, solo, nehir, sampiyon","Kuzey Kıbrıs Üniversite Sporları Federasyonu tarafından 22 Mayıs 2026 tarihinde düzenlenen 2025–2026 Üniversiteler Arası Dans Yarışması’nda, Arkın Yaratıcı Sanatlar ve Tasarım Üniversitesi (ARUCAD) Modern Dans Bölümü öğr…"
https://arucad.edu.tr/dau-ile-arucad-arasinda-is-birligi-protokolu-imzalandi/,https://arucad.edu.tr/dau-ile-arucad-arasinda-is-birligi-protokolu-imzalandi/,DAÜ İLE ARUCAD ARASINDA İŞ BİRLİĞİ PROTOKOLÜ İMZALANDI,TR,Haber / news,"protokol, iş birliği, cooperation, daü, birliği, protokolü, imzalandı, birliği protokolü, daü birliği, daü rektörü, kılıç, imza, güçlendirme, hediye, üniversitelerle, ülkenin, töreninde, dau, arasinda, birligi, protokolu, imzalandi","Doğu Akdeniz Üniversitesi (DAÜ) ile Arkın Yaratıcı Sanatlar ve Tasarım Üniversitesi (ARUCAD) arasında ilişkileri geliştirme, güçlendirme ve teşvik etmeyi amaçlayan iş birliği protokolü imzalandı. 24 Mart 2026 Salı günü, …"
https://arucad.edu.tr/deneysel-el-boyama-atolyesi-gerceklestirildi/,https://arucad.edu.tr/deneysel-el-boyama-atolyesi-gerceklestirildi/,Deneysel El Boyama Atölyesi Gerçekleştirildi,TR,Haber / news,"atölye, workshop, deneysel, boyama, atölyesi, gerçekleştirildi, fasiliteler koordinatörü, koordinatörü tahir, ham ipliklerle, pirgalioğlu, fasiliteler, ipliklerle, dokuması, tahir, çalışarak, manuel, atolyesi, gerceklestirildi","Arkın Yaratıcı Sanatlar ve Tasarım Üniversitesi Tekstil ve Moda Tasarımı Bölümü tarafından düzenlenen “Deneysel El Boyama: Malzeme, Süreç, İfade” başlıklı atölye, katılımcılara hem teorik hem uygulamalı bir deneyim sundu…"
https://arucad.edu.tr/devrim-varoglu-ile-kucuk-bir-adadan-silikon-vadisine-merak-ve-degisimle-yolculuk-semineri-gerceklesti/,https://arucad.edu.tr/devrim-varoglu-ile-kucuk-bir-adadan-silikon-vadisine-merak-ve-degisimle-yolculuk-semineri-gerceklesti/,Devrim Varoğlu ile “Küçük Bir Adadan Silikon Vadisi’ne: Merak ve Değişimle Yolculuk” Semineri Gerçekleşti,TR,Haber / news,"uluslararası, erasmus, international, seminer, konferans, etkinlik, devrim, varoğlu, küçük, adadan, silikon, vadisi, merak, değişimle, yolculuk, semineri, gerçekleşti, silikon vadisi, küçük adadan, adadan silikon, varoglu, kucuk, vadisine, degisimle, gerceklesti","Arkın Yaratıcı Sanatlar ve Tasarım Üniversitesi (ARUCAD) Görsel İletişim Tasarımı Bölümü tarafından düzenlenen seminerde, Kıbrıslı Türk mühendis ve teknoloji yöneticisi Devrim Varoğlu, öğrencilerle bir araya geldi. “Küçü…"
https://arucad.edu.tr/doga-dostu-araclar-ve-surdurulebilir-gelecek-semineri-gerceklestirildi/,https://arucad.edu.tr/doga-dostu-araclar-ve-surdurulebilir-gelecek-semineri-gerceklestirildi/,“Doğa Dostu Araçlar ve Sürdürülebilir Gelecek” Semineri Gerçekleştirildi,TR,Haber / news,"seminer, konferans, etkinlik, sürdürülebilirlik, SDG, doğa, dostu, araçlar, sürdürülebilir, gelecek, semineri, gerçekleştirildi, elektrikli hibrit, sürdürülebilir ulaşım, hibrit araçların, elektrikli, projesiyle, ulaşım, hibrit, doga, araclar, surdurulebilir, gerceklestirildi","Arkın Yaratıcı Sanatlar ve Tasarım Üniversitesi (ARUCAD) Yeni Medya ve İletişim Bölümü bünyesinde, YMED203 – Dijital Medya Pazarlama dersi kapsamında düzenlenen “Doğa Dostu Araçlar ve Sürdürülebilir Gelecek” başlıklı sem…"
https://arucad.edu.tr/dr-erge-yurtdas-arucadda-kibrisin-neolitiklesme-surecini-anlatti/,https://arucad.edu.tr/dr-erge-yurtdas-arucadda-kibrisin-neolitiklesme-surecini-anlatti/,Dr. Erge Yurtdaş ARUCAD’da Kıbrıs’ın Neolitikleşme Sürecini Anlattı,TR,Haber / news,"yurt, konaklama, accommodation, erge, yurtdaş, kıbrıs, neolitikleşme, sürecini, anlattı, yurtdaş kıbrıs, kıbrıs neolitikleşme, deniz aşırı, aşırı, levant, mezopotamya, anadolu, geçiş, yurtdas, arucadda, kibrisin, neolitiklesme, surecini, anlatti","Arkın Yaratıcı Sanatlar ve Tasarım Üniversitesi’nde 8 Nisan 2026 Salı günü gerçekleştirilen “Deniz Aşırı Neolitikleşme; Levant, Anadolu ve Mezopotamya Arasında Kıbrıs” başlıklı web seminerinde, Uluslararası Kıbrıs Üniver…"
https://arucad.edu.tr/dramatik-bedenin-iki-yuzu-klasik-pantomim-ve-bedensel-mim-corporeal-mime-gerceklestirildi/,https://arucad.edu.tr/dramatik-bedenin-iki-yuzu-klasik-pantomim-ve-bedensel-mim-corporeal-mime-gerceklestirildi/,“Dramatik Bedenin İki Yüzü: Klasik Pantomim ve Bedensel Mim (Corporeal Mime)” Gerçekleştirildi,TR,Haber / news,"dramatik, bedenin, yüzü, klasik, pantomim, bedensel, mim, corporeal, mime, gerçekleştirildi, klasik pantomim, pantomim bedensel, bedensel mim, pantomimci, yuzu, gerceklestirildi",Arkın Yaratıcı Sanatlar ve Tasarım Üniversitesi (ARUCAD) Oyunculuk Bölümü tarafından düzenlenen “Dramatik Bedenin İki Yüzü: Klasik Pantomim ve Bedensel Mim (Corporeal Mime)” başlıklı atölye çalışması gerçekleştirildi. Pa…
https://arucad.edu.tr/ekonomiye-kreatif-dokunus-paneline-arucaddan-yrd-doc-dr-burcin-saltik-katildi/,https://arucad.edu.tr/ekonomiye-kreatif-dokunus-paneline-arucaddan-yrd-doc-dr-burcin-saltik-katildi/,“Ekonomiye Kreatif Dokunuş Paneli”ne ARUCAD’dan Yrd. Doç. Dr. Burçin Saltık Katıldı,TR,Haber / news,"seminer, konferans, etkinlik, ekonomiye, kreatif, dokunuş, paneli, yrd, burçin, saltık, katıldı, yrd burçin, burçin saltık, ekonomiye kreatif, panelin, endüstrilerin, büyümeye, dokunus, paneline, arucaddan, doc, burcin, saltik, katildi",Türkiye Odalar ve Borsalar Birliği (TOBB) Kreatif Endüstriler Meclisi tarafından düzenlenen ve Kıbrıs Türk Ticaret Odası’nın ev sahipliğinde gerçekleştirilen “Ekonomiye Kreatif Dokunuş Paneli” 17 Ocak 2025 tarihinde KKTO…
https://arucad.edu.tr/emre-celikkolun-yolculuk-baslikli-sergisi-arucad-art-spacete-acildi/,https://arucad.edu.tr/emre-celikkolun-yolculuk-baslikli-sergisi-arucad-art-spacete-acildi/,Emre Çelikkol’un “Yolculuk” Başlıklı Sergisi ARUCAD Art Space’te Açıldı,TR,Haber / news,"sergi, exhibition, emre, çelikkol, yolculuk, başlıklı, sergisi, art, space, açıldı, art space, duyguları, seride, ayrılık, kuş, özgürlüğün, celikkolun, baslikli, spacete, acildi","Arkın Yaratıcı Sanatlar ve Tasarım Üniversitesi (ARUCAD) Seramik Bölümü öğretim üyesi Yrd. Doç. Dr. Emre Çelikkol’un kişisel sergisi “Yolculuk”, 29 Temmuz Salı akşamı ARUCAD Art Space’te gerçekleşen açılış kokteyliyle sa…"
https://arucad.edu.tr/en/16th-international-conference-on-economics-and-social-sciences-hosted-by-arucad-concludes/,https://arucad.edu.tr/en/16th-international-conference-on-economics-and-social-sciences-hosted-by-arucad-concludes/,16th International Conference on Economics and Social Sciences Hosted by ARUCAD Concludes,EN,Haber / news,"uluslararası, erasmus, international, seminer, konferans, etkinlik, 16th, conference, economics, social, sciences, hosted, concludes, digital transformation, sustainability digital, researchers different, finance, researchers, velinov","Arkin University of Creative Arts and Design (ARUCAD), in collaboration with the PEN Research Institute, hosted the 16th International Conference on Economics and Social Sciences (ECLSS 2026). Held between 29 June and 1 …"
https://arucad.edu.tr/en/2d-animation-workshop-in-adobe-animate-took-place/,https://arucad.edu.tr/en/2d-animation-workshop-in-adobe-animate-took-place/,2D Animation Workshop in Adobe Animate Took Place,EN,Haber / news,"atölye, workshop, animasyon, animation, adobe, animate, took, place, adobe animate, animation workshop, workshop adobe, clarity, intention, workflow, lpc02, wednesday","The 2D Animation Workshop in Adobe Animate, led by Assistant Professor Dr. Ali Çağan Uzman, was held at ARUCAD on Wednesday, 19 November 2025. Designed as a hands-on session, the workshop focused on the fundamentals of 2…"
https://arucad.edu.tr/en/a-9-8-fight-for-all-of-us-webinar-with-gizem-aksu-at-arucad-department-of-acting/,https://arucad.edu.tr/en/a-9-8-fight-for-all-of-us-webinar-with-gizem-aksu-at-arucad-department-of-acting/,A 9/8 Fight for All of Us” Webinar with Gizem Aksu at ARUCAD Department of Acting,EN,Haber / news,"fight, webinar, gizem, aksu, department, acting, gizem aksu, performance practice, department acting, bodily, responses, habitual, reacting, deepens","The Department of Acting at Arkin University of Creative Arts and Design (ARUCAD) hosted choreographer, dancer, and educator Gizem Aksu as part of the Sharing Experiences course. The webinar, held on Thursday, 27 Novembe…"
https://arucad.edu.tr/en/a-closer-look-into-the-macro-world/,https://arucad.edu.tr/en/a-closer-look-into-the-macro-world/,A closer look into the macro world,EN,Haber / news,"closer, look, macro, world, macro photography, gifder, photography, çelikeri, captures, workshop, karmi, erkan, lenses, moments","The “Macro Photography Workshop,” organized in collaboration between ARUCAD Photography Department and GIFDER, took place in Karmi on May 15, 2026."
https://arucad.edu.tr/en/a-cooperation-protocol-signed-between-arucad-and-anatolia-science-academy/,https://arucad.edu.tr/en/a-cooperation-protocol-signed-between-arucad-and-anatolia-science-academy/,A Cooperation Protocol Signed Between ARUCAD and Anatolia Science Academy,EN,Haber / news,"protokol, iş birliği, cooperation, protocol, signed, anatolia, science, academy, anatolia science, science academy, academy general, karataş, congress, landscape, coordinator, organization",A protocol covering academic collaboration between Arkin University of Creative Arts and Design (ARUCAD) and Anatolia Science Academy has been signed. The protocol was signed by ARUCAD Rector Prof. Dr. Asım Vehbi and Ana…
https://arucad.edu.tr/en/a-meaningful-mural-from-arucad-to-the-kyrenia-fire-department/,https://arucad.edu.tr/en/a-meaningful-mural-from-arucad-to-the-kyrenia-fire-department/,A Meaningful Mural from ARUCAD to the Kyrenia Fire Department,EN,Haber / news,"meaningful, mural, kyrenia, fire, department, kyrenia fire, fire department, department mural, firefighters, lost, selflessness, depiction, firefighter, rescuing","The mural created at the Kyrenia Fire Department building by artist Batu Gündal, a lecturer at the Faculty of Art at Arkin University of Creative Arts and Design (ARUCAD), together with his students, makes visible throug…"
https://arucad.edu.tr/en/a-webinar-on-community-and-activism-through-dance-held-at-arucad/,https://arucad.edu.tr/en/a-webinar-on-community-and-activism-through-dance-held-at-arucad/,A Webinar on “Community and Activism Through Dance” Held at ARUCAD,EN,Haber / news,"dans, dance, webinar, community, activism, held, developed migrant, working communities, projects developed, toth, migrant, communities, vulnerable, empowerment, reassess","As part of the Sharing Experiences course conducted within the Modern Dance Department at Arkin University of Creative Arts and Design (ARUCAD), academic, choreographer, and researcher Lucille Toth was hosted as a guest …"
https://arucad.edu.tr/en/ai-enhancement-workshop-seminar-explored-the-creative-potential-of-artificial-intelligence/,https://arucad.edu.tr/en/ai-enhancement-workshop-seminar-explored-the-creative-potential-of-artificial-intelligence/,AI Enhancement Workshop/Seminar Explored the Creative Potential of Artificial Intelligence,EN,Haber / news,"seminer, konferans, etkinlik, atölye, workshop, yapay zeka, AI, enhancement, seminar, explored, creative, potential, artificial, intelligence, artificial intelligence, potential artificial, enhancement workshop, prompts, generated, tthe","TThe AI Enhancement Workshop/Seminar, organized on 4 June 2026 through the collaboration of the Plastic Arts Department and the Visual Communication Design Department, was successfully completed with strong participation…"
https://arucad.edu.tr/en/ali-dusenkalkar-delivered-arucads-8th-academic-year-opening-lecture/,https://arucad.edu.tr/en/ali-dusenkalkar-delivered-arucads-8th-academic-year-opening-lecture/,Ali Düşenkalkar Delivered ARUCAD’s 8th Academic Year Opening Lecture,EN,Haber / news,"ali, düşenkalkar, delivered, 8th, academic, year, opening, lecture, ali düşenkalkar, opening lecture, titled playing, actor, dreams, playing, dusenkalkar, arucads",Arkın University of Creative Arts and Design (ARUCAD) held the Opening Lecture of the 2025–2026 Academic Year with a talk titled “The Playing Human” by renowned actor and director Ali Düşenkalkar.
https://arucad.edu.tr/en/alumni-student-meeting-ceren-ozcaka-and-oyku-muftugul/,https://arucad.edu.tr/en/alumni-student-meeting-ceren-ozcaka-and-oyku-muftugul/,Alumni–Student Meeting: Ceren Özçaka and Öykü Müftügül,EN,Haber / news,"kariyer, mezunlar, career, alumni, student, meeting, ceren, özçaka, öykü, müftügül, alumni student, ceren özçaka, özçaka öykü, motivating, aspire, path, ozcaka, oyku, muftugul","As part of the ARUCAD Alumni–Student Meetings, our New Media and Communication alumni Ceren Özçaka and Öykü Müftügül came together with students."
https://arucad.edu.tr/en/alumni-student-meeting-nafas-taheri/,https://arucad.edu.tr/en/alumni-student-meeting-nafas-taheri/,Alumni–Student Meeting: Nafas Taheri,EN,Haber / news,"kariyer, mezunlar, career, alumni, student, meeting, nafas, taheri, alumni student, nafas taheri, alumna, aspire, provoking, path, memorable, interests, came","As part of the ARUCAD Alumni–Student Meetings, alumna Nafas Taheri came together with students."
https://arucad.edu.tr/en/an-archaeological-site-visit-was-conducted-to-the-mersinlik-and-kaplica-regions/,https://arucad.edu.tr/en/an-archaeological-site-visit-was-conducted-to-the-mersinlik-and-kaplica-regions/,An archaeological site visit was conducted to the Mersinlik and Kaplıca regions,EN,Haber / news,"archaeological, site, visit, conducted, mersinlik, kaplıca, regions, site visit, visit conducted, conducted mersinlik, tomb, burial, archaeology, guided, kaplica","As part of ARHA 104 “Cypriot and Anatolian Archaeology II”, a guided site visit was conducted to the Mersinlik and Kaplıca areas, focusing on the Hellenistic and Roman periods. The visit included the exploration of a tom…"
https://arucad.edu.tr/en/an-inspiring-project-by-arucad-students-fun-for-kids-kindness-for-adults/,https://arucad.edu.tr/en/an-inspiring-project-by-arucad-students-fun-for-kids-kindness-for-adults/,"An Inspiring Project by ARUCAD Students: Fun for Kids, Kindness for Adults",EN,Haber / news,"inspiring, project, students, fun, kids, kindness, adults, children village, sos children, kindness small, snowball, proceeds, ticket, children","The first event of the “Kindness as Small as a Snowball Project,” developed by students of the Creative Presentation course in the New Media and Communication Department at Arkin University of Creative Arts and Design (A…"
https://arucad.edu.tr/en/architect-tunc-adanir-presented-the-nicosia-uray-street-transformation-project-at-arucad/,https://arucad.edu.tr/en/architect-tunc-adanir-presented-the-nicosia-uray-street-transformation-project-at-arucad/,Architect Tunç Adanır Presented the Nicosia Uray Street Transformation Project at ARUCAD,EN,Haber / news,"mimarlık, architecture, architect, tunç, adanır, presented, nicosia, uray, street, transformation, project, adaptive reuse, uray street, transformation project, adaptive, reuse, tunc, adanir",Arkin University of Creative Arts and Design (ARUCAD) hosted a seminar shedding light on an important project in the fields of architecture and urban heritage. Architect  Tunç Adanır  met with students of ARUCAD’s  Depar…
https://arucad.edu.tr/en/architectural-survey-and-documentation-study-conducted-in-karmi-conservation-area/,https://arucad.edu.tr/en/architectural-survey-and-documentation-study-conducted-in-karmi-conservation-area/,Architectural Survey and Documentation Study Conducted in Karmi Conservation Area,EN,Haber / news,"mimarlık, architecture, architectural, survey, documentation, study, conducted, karmi, conservation, area, documentation study, conservation area, architectural survey, preservation, historic, restoration",As part of the ARCH/INAD 262 “Fundamentals of Conservation and Restoration” course offered within the Departments of Architecture and Interior Architecture & Environmental Design at Arkin University of Creative Arts and …
https://arucad.edu.tr/en/artist-led-practical-workshop-completed-in-the-department-of-plastic-arts/,https://arucad.edu.tr/en/artist-led-practical-workshop-completed-in-the-department-of-plastic-arts/,Artist-Led Practical Workshop Completed in the Department of Plastic Arts,EN,Haber / news,"atölye, workshop, artist, led, practical, completed, department, plastic, arts, sculpture production, department plastic, metal cement, cement, ledelle, moe","The Department of Plastic Arts at ARUCAD organised the workshop “Mixed-Media Sculpture Production Processes Using Metal and Cement” on 18–19 December 2025. Coordinated by Assist. Prof. Dr. Raif Dimililer, the workshop br…"
https://arucad.edu.tr/en/arucad-2024-2025-fall-semester-graduate-exhibitions-meet-art-enthusiasts/,https://arucad.edu.tr/en/arucad-2024-2025-fall-semester-graduate-exhibitions-meet-art-enthusiasts/,ARUCAD 2024-2025 Fall Semester Graduate Exhibitions Meet Art Enthusiasts,EN,Haber / news,"sergi, exhibition, lisansüstü, yüksek lisans, graduate studies, fall, semester, graduate, exhibitions, meet, art, enthusiasts, appetite desire, ani baranowski, şirin gazi, appetite, ani, baranowski, escape","Graduates of the Plastic Arts Department at Arkın University of Creative Arts and Design (ARUCAD) for the 2024-2025 Fall Semester have presented their personal exhibitions, created as part of their graduation projects, t…"
https://arucad.edu.tr/en/arucad-2025-2026-academic-year-orientation-days-held/,https://arucad.edu.tr/en/arucad-2025-2026-academic-year-orientation-days-held/,ARUCAD 2025–2026 Academic Year Orientation Days Held,EN,Haber / news,"oryantasyon, orientation, academic, year, days, held, nicosia parade, orientation days, day concluded, parade, couture, karaoke, day, nicosia, competitions","Arkin University of Creative Arts and Design (ARUCAD) held its 2025–2026 Academic Year Orientation Days between 15–17 October at its Kyrenia Main Campus and Nicosia Bandabuliya Campus. Open to the public, the three-day p…"
https://arucad.edu.tr/en/arucad-5th-high-school-design-competition-award-ceremony-held/,https://arucad.edu.tr/en/arucad-5th-high-school-design-competition-award-ceremony-held/,ARUCAD 5th High School Design Competition Award Ceremony Held,EN,Haber / news,"yarışma, competition, lise öğrencileri, high school, 5th, high, school, design, award, ceremony, held, countries competition, school turkey, families, winners, schools","The award ceremony for the 5th High School Design Competition, organized by Arkın University of Creative Arts and Design (ARUCAD), took place on Tuesday evening, December 17, at the ARUCAD Art Gallery. The event celebrat…"
https://arucad.edu.tr/en/arucad-6th-inter-high-school-design-competition-award-ceremony-held/,https://arucad.edu.tr/en/arucad-6th-inter-high-school-design-competition-award-ceremony-held/,ARUCAD 6th Inter-High School Design Competition Award Ceremony Held,EN,Haber / news,"yarışma, competition, lise öğrencileri, high school, 6th, inter, high, school, design, award, ceremony, held, art aesthetics, arts high, recycling, sixth","Organized by Arkın University of Creative Arts and Design (ARUCAD), the 6th Inter-High School Design Competition was held this year under the theme “From Waste to Art: Aesthetics Through Recycling.” Open to high school s…"
https://arucad.edu.tr/en/arucad-academic-assoc-prof-dr-elham-etemadis-book-sani-ol-molks-the-thousand-and-one-nights-a-study-of-image-content-and-visual-adaptation-published-by-springer/,https://arucad.edu.tr/en/arucad-academic-assoc-prof-dr-elham-etemadis-book-sani-ol-molks-the-thousand-and-one-nights-a-study-of-image-content-and-visual-adaptation-published-by-springer/,ARUCAD Academic Assoc. Prof. Dr. Elham Etemadi’s Book “Sani’ ol-Molk’s The Thousand and One Nights: A Study of Image Content and Visual Adaptation” Published by Springer,EN,Haber / news,"academic, assoc, elham, etemadi, book, sani, molk, thousand, nights, study, content, visual, adaptation, published, springer, springer nature, thousand nights, sani molk, etemadis, molks","Assoc. Prof. Dr. Elham Etemadi, Head of the Department of Textile and Fashion Design at ARUCAD, has published a book examining the illustrations in The Thousand and One Nights by Abol-Hassan Khan Sani‘ ol-Molk Ghaffari (…"
https://arucad.edu.tr/en/arucad-academic-contribution-to-the-museums-week-ceramics-workshop-for-children/,https://arucad.edu.tr/en/arucad-academic-contribution-to-the-museums-week-ceramics-workshop-for-children/,ARUCAD Academic Contribution to the Museums Week Ceramics Workshop for Children,EN,Haber / news,"atölye, workshop, seramik, cam, ceramics, glass, academic, contribution, museums, week, children, museums week, workshop children, served instructors, instructors, bronze, served, stakeholders","The ceramics workshop for children, organized by the Kyrenia Regional Branch of the Department of Antiquities and Museums at Kyrenia Castle as part of Museums Week (May 18-24, 2026), was carried out as a community contri…"
https://arucad.edu.tr/en/arucad-academics-present-their-work-at-cudes-2024-congress-in-georgia/,https://arucad.edu.tr/en/arucad-academics-present-their-work-at-cudes-2024-congress-in-georgia/,ARUCAD Academics Present Their Work at CUDES 2024 Congress in Georgia,EN,Haber / news,"academics, present, work, cudes, congress, georgia, associate professor, social sciences, professor nuran, prestige, professor, associate, digitalisation, iran","Associate Professor Dr. Nuran Öze, Director of the Institute and Vice Dean of the Faculty of Communication, and Associate Professor Dr. Elham Etemadi, Head of the Textile and Fashion Design Department at Arkın University…"
https://arucad.edu.tr/en/arucad-accepted-as-a-member-of-the-turkic-universities-union/,https://arucad.edu.tr/en/arucad-accepted-as-a-member-of-the-turkic-universities-union/,ARUCAD Accepted as a Member of the Turkic Universities Union,EN,Haber / news,"accepted, member, turkic, universities, union, turkic universities, universities union, 8th general, 8th, assembly, tashkent, türkünib, states, membership","Arkin University of Creative Arts and Design (ARUCAD) has been accepted as an official member of the Turkic Universities Union (TÜRKÜNİB)during the 8th General Assembly Meeting held in Tashkent, Uzbekistan. This mileston…"
https://arucad.edu.tr/en/arucad-acting-department-brings-its-first-graduates-to-the-stage/,https://arucad.edu.tr/en/arucad-acting-department-brings-its-first-graduates-to-the-stage/,ARUCAD Acting Department Brings Its First Graduates to the Stage,EN,Haber / news,"lisansüstü, yüksek lisans, graduate studies, acting, department, brings, first, graduates, stage, acting department, first graduates, developed throughout, man, play, immortal, overcoat, portrays",The first graduates of the Arkin University of Creative Arts and Design (ARUCAD) Acting Department met with the audience at the Bandabuliya Stage with performances they prepared within the scope of the OYNC402 Graduation…
https://arucad.edu.tr/en/arucad-acting-department-graduation-project-the-pillowman-met-the-audience-at-bandabuliya-stage/,https://arucad.edu.tr/en/arucad-acting-department-graduation-project-the-pillowman-met-the-audience-at-bandabuliya-stage/,ARUCAD Acting Department Graduation Project “The Pillowman” Met the Audience at Bandabuliya Stage,EN,Haber / news,"mezuniyet, graduation, acting, department, project, pillowman, met, audience, bandabuliya, stage, performance prepared, yalın doğasal, acting department, doğasal, yalın","“The Pillowman,” prepared by Arkin University of Creative Arts and Design (ARUCAD) Acting Department student Yalın Doğasal within the scope of the OYNC402 Graduation Project and Portfolio course, met the audience at Band…"
https://arucad.edu.tr/en/arucad-acting-department-hosts-special-program-for-world-theatre-day/,https://arucad.edu.tr/en/arucad-acting-department-hosts-special-program-for-world-theatre-day/,ARUCAD Acting Department Hosts Special Program for World Theatre Day,EN,Haber / news,"tiyatro, theatre, acting, department, hosts, special, program, world, day, acting department, academics theatre, power theatre, alienation, universal, unifying","The Acting Department of Arkın University of Creative Arts and Design (ARUCAD) organized a special event on Thursday, March 27, at the university campus to celebrate the universal language and transformative power of the…"
https://arucad.edu.tr/en/arucad-acting-department-to-perform-at-the-bilkent-international-theatre-festival/,https://arucad.edu.tr/en/arucad-acting-department-to-perform-at-the-bilkent-international-theatre-festival/,ARUCAD Acting Department to Perform at the Bilkent International Theatre Festival,EN,Haber / news,"uluslararası, erasmus, international, festival, tiyatro, theatre, acting, department, perform, bilkent, theatre festival, department fine, assist pervin, serçe, parmağını, assist, kaşlarında","The Acting Department of the ARUCAD Faculty of Music and Performing Arts will participate in the 12th Bilkent Theatre Days International Theatre Festival, taking place from 22 to 26 June 2026, with its production Serçe P…"
https://arucad.edu.tr/en/arucad-admitted-to-membership-of-the-international-association-of-universities/,https://arucad.edu.tr/en/arucad-admitted-to-membership-of-the-international-association-of-universities/,ARUCAD Admitted to Membership of the International Association of Universities,EN,Haber / news,"uluslararası, erasmus, international, admitted, membership, association, universities, international association, association universities, higher education, whed, unesco, higher, develops, diversify, organizes","Arkin University of Creative Arts and Design (ARUCAD) has been officially admitted to membership of the International Association of Universities (IAU), one of the world’s most established and respected networks in the f…"
https://arucad.edu.tr/en/arucad-and-besign-sign-academic-cooperation-agreement-focused-on-sustainable-design/,https://arucad.edu.tr/en/arucad-and-besign-sign-academic-cooperation-agreement-focused-on-sustainable-design/,ARUCAD and BESIGN Sign Academic Cooperation Agreement Focused on Sustainable Design,EN,Haber / news,"sürdürülebilirlik, SDG, protokol, iş birliği, cooperation, besign, sign, academic, agreement, focused, sustainable, design, agreement besign, exchange opportunities, innovative design, europe, france, fashion",Arkin University of Creative Arts and Design (ARUCAD) continues to strengthen its international academic collaboration network. The university has signed a new Academic Cooperation Agreement with  BESIGN The Sustainable …
https://arucad.edu.tr/en/arucad-and-kayad-join-forces-for-gender-equality-and-inclusion/,https://arucad.edu.tr/en/arucad-and-kayad-join-forces-for-gender-equality-and-inclusion/,ARUCAD and KAYAD Join Forces for Gender Equality and Inclusion,EN,Haber / news,"kalite, quality, kayad, join, forces, gender, equality, inclusion, diversity inclusion, knowledge creativity, gender equality, volunteer, women, diversity, academia, lasting","Arkin University of Creative Arts and Design (ARUCAD) and the Association for Support to Life from Women (KAYAD) have signed a memorandum of understanding to develop joint projects in the fields of gender equality, diver…"
https://arucad.edu.tr/en/arucad-and-north-cyprus-turkcell-sign-cooperation-protocol/,https://arucad.edu.tr/en/arucad-and-north-cyprus-turkcell-sign-cooperation-protocol/,ARUCAD and North Cyprus Turkcell Sign Cooperation Protocol,EN,Haber / news,"protokol, iş birliği, cooperation, north, cyprus, turkcell, sign, protocol, cyprus turkcell, north cyprus, projects areas, signed, joint, manager, initiatives, signing","A cooperation protocol aimed at strengthening collaboration in the fields of education, technology, art, design, communication, and social benefit has been signed between Arkin University of Creative Arts and Design (ARU…"
https://arucad.edu.tr/en/arucad-and-sos-childrens-village-association-renew-collaboration-protocol/,https://arucad.edu.tr/en/arucad-and-sos-childrens-village-association-renew-collaboration-protocol/,ARUCAD and SOS Children’s Village Association Renew Collaboration Protocol,EN,Haber / news,"laboratuvar, lab, protokol, iş birliği, cooperation, sos, children, village, association, renew, collaboration, protocol, village association, children village, sos children, barrister, goodness, partnership, snowball, childrens",The long-standing collaboration protocol between Arkin University of Creative Arts and Design (ARUCAD) and the SOS Children’s Village Association has been renewed. The protocol was signed by ARUCAD Rector Prof. Dr. Asım …
https://arucad.edu.tr/en/arucad-bouldering-club-continues-its-activities-2/,https://arucad.edu.tr/en/arucad-bouldering-club-continues-its-activities-2/,ARUCAD Bouldering Club Continues Its Activities,EN,Haber / news,"öğrenci kulüpleri, student clubs, bouldering, club, continues, activities, bouldering club, pace, sustain, sessions, active, healthy, outdoor, challenge, regular, strength",The Bouldering Club at Arkin University of Creative Arts and Design continues to bring students together through a series of activities organized throughout the semester. Through regular bouldering sessions and outdoor a…
https://arucad.edu.tr/en/arucad-bouldering-club-continues-its-activities/,https://arucad.edu.tr/en/arucad-bouldering-club-continues-its-activities/,ARUCAD Bouldering Club Continues Its Activities,EN,Haber / news,"öğrenci kulüpleri, student clubs, bouldering, club, continues, activities, bouldering club, club continues, inn, sharpa, climb, maintains, limits, focus, sessions, concentration","The ARUCAD Bouldering Club continues its bouldering activities at Sharpa Climb Inn throughout the term. The club’s sessions took place on 22 November and 21 December, bringing students together through hands-on practice.…"
https://arucad.edu.tr/en/arucad-brings-armando-milanis-war-to-peace-to-the-heart-of-nicosia/,https://arucad.edu.tr/en/arucad-brings-armando-milanis-war-to-peace-to-the-heart-of-nicosia/,ARUCAD brings Armando Milani’s “War to Peace” to the heart of Nicosia,EN,Haber / news,"iş ilanı, job vacancy, brings, armando, milani, war, peace, heart, nicosia, armando milani, design iconic, milani war, mural, wall, ltb, iconic, milanis",ARUCAD and the Nicosia Turkish Municipality (LTB) have brought one of graphic design's most iconic images of peace to the walled city. As part of the LTB's restoration of Kuyumcular Street and Mithat Paşa Street in the S…
https://arucad.edu.tr/en/arucad-brings-together-external-stakeholders-for-a-meeting-focused-on-collaboration-and-social-impact/,https://arucad.edu.tr/en/arucad-brings-together-external-stakeholders-for-a-meeting-focused-on-collaboration-and-social-impact/,ARUCAD Brings Together External Stakeholders for a Meeting Focused on Collaboration and Social Impact,EN,Haber / news,"laboratuvar, lab, brings, together, external, stakeholders, meeting, focused, collaboration, social, impact, civil society, society organizations, social contribution, civil, organizations","ARUCAD brought together external stakeholders from various fields to discuss university collaborations, social impact initiatives, sustainability-oriented projects, and possibilities for collective production in the fiel…"
https://arucad.edu.tr/en/arucad-career-days-begin-with-rasih-resats-seminar-titled-the-evolving-role-of-journalism-in-the-digital-age/,https://arucad.edu.tr/en/arucad-career-days-begin-with-rasih-resats-seminar-titled-the-evolving-role-of-journalism-in-the-digital-age/,ARUCAD Career Days Begin with Rasıh Reşat’s Seminar Titled “The Evolving Role of Journalism in the Digital Age”,EN,Haber / news,"kariyer, mezunlar, career, alumni, seminer, konferans, etkinlik, ARUCAD Journal, dergi, yeni medya, iletişim, journalism, days, begin, rasıh, reşat, seminar, titled, evolving, role, digital, age, career days, journalism digital, rasıh reşat, rasih, resats","Arkin University of Creative Arts and Design (ARUCAD) began its Career Days with the participation of Rasıh Reşat, Editor-in-Chief of Kanal T. In his seminar titled  “The Evolving Role of Journalism in the Digital Age,” …"
https://arucad.edu.tr/en/arucad-celebrated-world-dance-day-with-the-bodies-speak-ideas-move-programme/,https://arucad.edu.tr/en/arucad-celebrated-world-dance-day-with-the-bodies-speak-ideas-move-programme/,ARUCAD Celebrated World Dance Day with the “Bodies Speak / Ideas Move” Programme,EN,Haber / news,"dans, dance, celebrated, world, day, bodies, speak, ideas, move, programme, day programme, titled bodies, speak ideas, evening, tamara","Arkin University of Creative Arts and Design (ARUCAD) brought together art lovers at the Bandabuliya Stage with a two-day programme titled “Bodies Speak / Ideas Move,” organized on April 28–29 as part of World Dance Day.…"
https://arucad.edu.tr/en/arucad-celebrates-world-theatre-day-with-a-special-program-at-bandabuliya-stage/,https://arucad.edu.tr/en/arucad-celebrates-world-theatre-day-with-a-special-program-at-bandabuliya-stage/,ARUCAD Celebrates World Theatre Day with a Special Program at Bandabuliya Stage,EN,Haber / news,"tiyatro, theatre, celebrates, world, day, special, program, bandabuliya, stage, theatre day, world theatre, together different, showcased, kafka, kurçeren","Arkın University of Creative Arts and Design (ARUCAD) celebrated World Theatre Day with a special program held on Thursday, March 26th, at the Bandabuliya Stage. Throughout the day, events bringing together different sta…"
https://arucad.edu.tr/en/arucad-ceramics-department-students-participate-in-cyprus-ceramics-educational-trip/,https://arucad.edu.tr/en/arucad-ceramics-department-students-participate-in-cyprus-ceramics-educational-trip/,ARUCAD Ceramics Department Students Participate in Cyprus Ceramics Educational Trip,EN,Haber / news,"seramik, cam, ceramics, glass, department, students, participate, cyprus, educational, trip, educational trip, 2nd year, ceramics department, iskele, ceramic, visits, 2nd","Students from the Ceramics Department and the Plastic Arts Department of  Arkin University of Creative Arts and Design (ARUCAD)  participated in an educational trip to İskele on  Tuesday, December 23, 2025 , to explore t…"
https://arucad.edu.tr/en/arucad-christmas-creative-bazaar-held-on-campus/,https://arucad.edu.tr/en/arucad-christmas-creative-bazaar-held-on-campus/,ARUCAD Christmas Creative Bazaar Held on Campus,EN,Haber / news,"kampüs, campus life, seramik, cam, ceramics, glass, christmas, creative, bazaar, held, campus, christmas creative, creative bazaar, creative productions, stands, clubs, gathering, festive, zines, happenings","The Christmas Creative Bazaar, organized at the ARUCAD Main Campus, brought the festive spirit to the university with music, performances, games, and stands prepared by student clubs. Throughout the day, the campus turne…"
https://arucad.edu.tr/en/arucad-cinematic-seeds-festival-2026-applications-now-open/,https://arucad.edu.tr/en/arucad-cinematic-seeds-festival-2026-applications-now-open/,ARUCAD Cinematic Seeds Festival 2026 Applications Now Open,EN,Haber / news,"başvuru, application, kayıt, festival, sinema, film, televizyon, cinematic, seeds, applications, now, open, seeds festival, film best, cinematic seeds, fictional, films, best, filmmakers, hybrid",Arkin University of Creative Arts and Design (ARUCAD) has announced that applications are now open for the first edition of the  Cinematic Seeds Festival —a new international platform where student and recent graduate fi…
https://arucad.edu.tr/en/arucad-completes-the-workshops-week-for-high-school-students/,https://arucad.edu.tr/en/arucad-completes-the-workshops-week-for-high-school-students/,ARUCAD Completes the Workshops Week for High School Students,EN,Haber / news,"atölye, workshop, lise öğrencileri, high school, completes, workshops, week, high, school, students, workshops week, school students, week high, fifth, participated, relief, afternoon, decent","Arkin University of Creative Arts and Design (ARUCAD) successfully held the fifth edition of its Workshops Week for high school students, a three-day event designed to nurture young talents and strengthen their connectio…"
https://arucad.edu.tr/en/arucad-contemporary-dance-workshop-dance-installation-with-melih-kirac/,https://arucad.edu.tr/en/arucad-contemporary-dance-workshop-dance-installation-with-melih-kirac/,ARUCAD Contemporary Dance Workshop: “Dance Installation” with Melih Kıraç,EN,Haber / news,"atölye, workshop, dans, dance, contemporary, installation, melih, kıraç, dance installation, melih kıraç, contemporary dance, converged, academician, çıplak, ayaklar, choreographer, kirac","The Department of Contemporary Dance at Arkin University of Creative Arts and Design (ARUCAD) hosted dancer, choreographer, and academician Melih Kıraç for a workshop titled “Dance Installation.”"
https://arucad.edu.tr/en/arucad-corporate-communication-office-was-hosted-by-the-new-media-and-communication-department/,https://arucad.edu.tr/en/arucad-corporate-communication-office-was-hosted-by-the-new-media-and-communication-department/,ARUCAD Corporate Communication Office was hosted by the New Media and Communication Department,EN,Haber / news,"yeni medya, iletişim, journalism, corporate, communication, office, hosted, media, department, corporate communication, communication office, graphic design, answered, melis, dağgül, fulya, bozbıyık","The Corporate Communication Office participated in the Innovative Practices course led by Asst. Prof. Dr. Huri Yontucu at the New Media and Communication Department, delivering a presentation on the operations of Corpora…"
https://arucad.edu.tr/en/arucad-crowned-champion-in-inter-university-table-tennis-championships/,https://arucad.edu.tr/en/arucad-crowned-champion-in-inter-university-table-tennis-championships/,ARUCAD Crowned Champion in Inter-University Table Tennis Championships,EN,Haber / news,"crowned, champion, inter, table, tennis, championships, table tennis, inter table, tennis championships, federation, tournament, undefeated, claiming, spot","Arkın University of Creative Arts and Design (ARUCAD) achieved a significant success at the Inter-University Table Tennis Championships, held as part of the TRNC 24th Sports Games organized by the Northern Cyprus Univers…"
https://arucad.edu.tr/en/arucad-department-of-acting-webinar-on-smuggled-tea-time/,https://arucad.edu.tr/en/arucad-department-of-acting-webinar-on-smuggled-tea-time/,“ARUCAD Department of Acting Webinar: On “Smuggled Tea Time”,EN,Haber / news,"department, acting, webinar, smuggled, tea, time, smuggled tea, tea time, department acting, gençkal, brussels, diyarbakır, mustafa, does","As part of the webinar series organized by the Department of Acting at Arkın University of Creative Arts and Design (ARUCAD), theatre artist and curator Fatih Gençkal shared his artistic practice through his performance …"
https://arucad.edu.tr/en/arucad-english-preparatory-school-academics-deliver-presentation-at-international-conference/,https://arucad.edu.tr/en/arucad-english-preparatory-school-academics-deliver-presentation-at-international-conference/,ARUCAD English Preparatory School Academics Deliver Presentation at International Conference,EN,Haber / news,"uluslararası, erasmus, international, seminer, konferans, etkinlik, İngilizce hazırlık, preparatory school, english, preparatory, school, academics, deliver, presentation, conference, bailie sena, tanta gülaydın, sena tanta, gülaydın, sena, tanta","Representing the English Preparatory School of Arkin University of Creative Arts and Design (ARUCAD), Lecturers Benjamin Bailie and Sena Tanta Gülaydın Benjamin Bailie and Sena Tanta Gülaydın attended the conference titl…"
https://arucad.edu.tr/en/arucad-english-preparatory-school-hosts-international-conference-focused-on-sustainable-and-innovative-education/,https://arucad.edu.tr/en/arucad-english-preparatory-school-hosts-international-conference-focused-on-sustainable-and-innovative-education/,ARUCAD English Preparatory School Hosts International Conference Focused on Sustainable and Innovative Education,EN,Haber / news,"uluslararası, erasmus, international, seminer, konferans, etkinlik, İngilizce hazırlık, preparatory school, sürdürülebilirlik, SDG, english, preparatory, school, hosts, conference, focused, sustainable, innovative, education, sustainable education, sustainable educational, learning environments, learner","The international conference titled ""Innovating Education Through Sustainability,"" organized by the ARUCAD English Preparatory School, brought together academics, educators, and English language teaching professionals to…"
https://arucad.edu.tr/en/arucad-english-preparatory-school-participates-in-eaquals-international-conference/,https://arucad.edu.tr/en/arucad-english-preparatory-school-participates-in-eaquals-international-conference/,ARUCAD English Preparatory School Participates in EAQUALS International Conference,EN,Haber / news,"uluslararası, erasmus, international, seminer, konferans, etkinlik, İngilizce hazırlık, preparatory school, english, preparatory, school, participates, eaquals, conference, english preparatory, conference english, continuously, uçaröz, policy, inanç","The English Preparatory School of Arkin University of Creative Arts and Design (ARUCAD) was represented at the EAQUALS Annual International Conference, a significant platform in the field of language education. The confe…"
https://arucad.edu.tr/en/arucad-english-preparatory-school-participates-in-prestigious-eaquals-international-conference/,https://arucad.edu.tr/en/arucad-english-preparatory-school-participates-in-prestigious-eaquals-international-conference/,ARUCAD English Preparatory School Participates in Prestigious EAQUALS International Conference,EN,Haber / news,"uluslararası, erasmus, international, seminer, konferans, etkinlik, İngilizce hazırlık, preparatory school, english, preparatory, school, participates, prestigious, eaquals, conference, language education, eaquals international, director inanç, uçaröz, iemmolo, honour","The annual EAQUALS International Conference 2025 was successfully held in Malta, bringing together language education professionals from across the globe. Representing ARUCAD University, English Preparatory School Direct…"
https://arucad.edu.tr/en/arucad-english-preparatory-school-students-organized-a-heartfelt-event-for-children-through-art/,https://arucad.edu.tr/en/arucad-english-preparatory-school-students-organized-a-heartfelt-event-for-children-through-art/,ARUCAD English Preparatory School Students Organized a Heartfelt Event for Children Through Art,EN,Haber / news,"İngilizce hazırlık, preparatory school, english, preparatory, school, students, organized, heartfelt, event, children, art, nicosia children, children centre, 25th, flashcard","The students and staff of Arkın University of Creative Arts and Design (ARUCAD) English Preparatory School, in collaboration with Nicosia Turkish Municipality, organized a special event on Friday, April 25th, for childre…"
https://arucad.edu.tr/en/arucad-faculty-member-asst-prof-dr-ozgun-can-karaburun-performed-at-the-4th-borcka-international-theatre-festival/,https://arucad.edu.tr/en/arucad-faculty-member-asst-prof-dr-ozgun-can-karaburun-performed-at-the-4th-borcka-international-theatre-festival/,ARUCAD Faculty Member Asst. Prof. Dr. Özgün Can Karaburun Performed at the 4th Borçka International Theatre Festival,EN,Haber / news,"uluslararası, erasmus, international, festival, tiyatro, theatre, faculty, member, özgün, karaburun, performed, 4th, borçka, 4th borçka, borçka international, international theatre, pazvantoğlu, ozgun, borcka","Asst. Prof. Dr.Özgün Can Karaburun, faculty member at the Department of Acting at Arkin University of Creative Arts and Design (ARUCAD), took the stage at the 4th Borçka International Theatre Festival with the one-person…"
https://arucad.edu.tr/en/arucad-faculty-member-asst-prof-dr-ozgun-can-karaburuns-play-staged-in-eskisehir/,https://arucad.edu.tr/en/arucad-faculty-member-asst-prof-dr-ozgun-can-karaburuns-play-staged-in-eskisehir/,ARUCAD Faculty Member Asst. Prof. Dr. Özgün Can Karaburun’s Play Staged in Eskişehir,EN,Haber / news,"tiyatro, theatre, faculty, member, özgün, karaburun, play, staged, eskişehir, özgün karaburun, eight people, damn hilmi, damn, seven, kazım, hilmi, ozgun, karaburuns, eskisehir","Faculty member of the Department of Acting at Arkın University of Creative Arts and Design (ARUCAD), Asst. Prof. Dr. Özgün Can Karaburun, brought his play “About Seven or Eight People” to audiences in Eskişehir. The play…"
https://arucad.edu.tr/en/arucad-faculty-of-communication-holds-curriculum-review-meeting-with-industry-representatives/,https://arucad.edu.tr/en/arucad-faculty-of-communication-holds-curriculum-review-meeting-with-industry-representatives/,ARUCAD Faculty of Communication Holds Curriculum Review Meeting with Industry Representatives,EN,Haber / news,"faculty, communication, holds, curriculum, review, meeting, industry, representatives, industry representatives, advertising agency, faculty communication, interns, medialife, agency","The Faculty of Communication at Arkın University of Creative Arts and Design (ARUCAD) convened with key industry stakeholders to explore collaboration opportunities, assess the sectoral competencies of interns and gradua…"
https://arucad.edu.tr/en/arucad-faculty-of-communication-holds-second-evaluation-meeting-with-industry-stakeholders/,https://arucad.edu.tr/en/arucad-faculty-of-communication-holds-second-evaluation-meeting-with-industry-stakeholders/,ARUCAD Faculty of Communication Holds Second Evaluation Meeting with Industry Stakeholders,EN,Haber / news,"faculty, communication, holds, second, evaluation, meeting, industry, stakeholders, faculty communication, meeting industry, industry stakeholders, curriculum, convened, input","Following the initial meeting held on January 24, 2025, the Faculty of Communication at Arkin University of Creative Arts and Design (ARUCAD) convened for a second time with external stakeholders from the communication s…"
https://arucad.edu.tr/en/arucad-faculty-of-communication-met-with-external-stakeholders/,https://arucad.edu.tr/en/arucad-faculty-of-communication-met-with-external-stakeholders/,ARUCAD Faculty of Communication Met with External Stakeholders,EN,Haber / news,"faculty, communication, met, external, stakeholders, children village, sos children, village association, village, prototype, sos, game, children, association","As part of the External Stakeholders Meeting organized by the ARUCAD Faculty of Communication, the ""GAME for Good"" digital game project, developed through a collaboration between SOS Children's Village Association, KKTCE…"
https://arucad.edu.tr/en/arucad-held-its-2024-2025-academic-year-graduation-ceremony/,https://arucad.edu.tr/en/arucad-held-its-2024-2025-academic-year-graduation-ceremony/,ARUCAD Held Its 2024–2025 Academic Year Graduation Ceremony,EN,Haber / news,"mezuniyet, graduation, held, academic, year, ceremony, asim vehbi, oscar okezie, graduation ceremony, okezie, asim, diplomas, families, oscar, just","Arkin University of Creative Arts and Design (ARUCAD) bid farewell to 80 graduates on the evening of Thursday, July 3rd, with a ceremony held at its campus in Kyrenia. As ARUCAD's fourth graduation ceremony, students fro…"
https://arucad.edu.tr/en/arucad-held-its-2025-2026-academic-year-graduation-ceremony/,https://arucad.edu.tr/en/arucad-held-its-2025-2026-academic-year-graduation-ceremony/,ARUCAD Held Its 2025–2026 Academic Year Graduation Ceremony,EN,Haber / news,"mezuniyet, graduation, held, academic, year, ceremony, graduation ceremony, assist sinan, trustees assist, pliushch, families, diplomas, graduating, yuri, applause","Arkin University of Creative Arts and Design (ARUCAD) celebrated the graduation of 150 students at its 2025–2026 Academic Year Graduation Ceremony, held at 7.00 pm on Tuesday, 7 July, at its campus in Kyrenia. At ARUCAD’…"
https://arucad.edu.tr/en/arucad-held-workshop-week-for-high-school-students/,https://arucad.edu.tr/en/arucad-held-workshop-week-for-high-school-students/,ARUCAD Held Workshop Week for High School Students,EN,Haber / news,"atölye, workshop, lise öğrencileri, high school, held, week, high, school, students, workshop week, school students, intensive, afternoons, continued, day, young","Arkın University of Creative Arts and Design (ARUCAD) held its three-day Workshop Week organized for high school students this year as well, with the intensive participation of high school students. The event, which has …"
https://arucad.edu.tr/en/arucad-hosted-the-department-of-acting-webinar-on-international-law-and-cinema/,https://arucad.edu.tr/en/arucad-hosted-the-department-of-acting-webinar-on-international-law-and-cinema/,ARUCAD Hosted the Department of Acting Webinar “On International Law and Cinema”,EN,Haber / news,"uluslararası, erasmus, international, sinema, film, televizyon, hosted, department, acting, webinar, law, cinema, international law, law cinema, hosted department, pazvantoğlu, humanitarian, courtroom, simulation","ARUCAD (Arkin University of Creative Arts and Design) hosted the Department of Acting webinar titled “On International Law and Cinema,” welcoming Dr. Cansu Atılgan Pazvantoğlu—an academic specializing in international la…"
https://arucad.edu.tr/en/arucad-hosts-meet-the-alumni-seminar-for-first-year-students/,https://arucad.edu.tr/en/arucad-hosts-meet-the-alumni-seminar-for-first-year-students/,ARUCAD Hosts “Meet the Alumni” Seminar for First-Year Students,EN,Haber / news,"kariyer, mezunlar, career, alumni, seminer, konferans, etkinlik, hosts, meet, seminar, first, year, students, meet alumni, alumni seminar, seminar first, nikitina, kozlova, warning, weaken",Arkin University of Creative Arts and Design (ARUCAD) organized a “Meet the Alumni” seminar for first-year students at the ARUCAD Conference Hall. The event brought together graduates of the Faculty of Communication’s Di…
https://arucad.edu.tr/en/arucad-hosts-seminar-on-new-world-trends-and-sustainable-branding/,https://arucad.edu.tr/en/arucad-hosts-seminar-on-new-world-trends-and-sustainable-branding/,ARUCAD Hosts Seminar on New World Trends and Sustainable Branding,EN,Haber / news,"seminer, konferans, etkinlik, sürdürülebilirlik, SDG, hosts, seminar, world, trends, sustainable, branding, world trends, trends sustainable, aysun şabanlı, şabanlı, brands, aysun, consumer, longevity","At Arkın University of Creative Arts and Design (ARUCAD), a seminar titled “New World Trends and Sustainable Brand Approaches” was organized as part of the courses offered by the Visual Communication Design and New Media…"
https://arucad.edu.tr/en/arucad-industrial-design-students-advance-to-the-final-stage-of-the-16th-national-furniture-design-competition/,https://arucad.edu.tr/en/arucad-industrial-design-students-advance-to-the-final-stage-of-the-16th-national-furniture-design-competition/,ARUCAD Industrial Design Students Advance to the Final Stage of the 16th National Furniture Design Competition,EN,Haber / news,"sınav takvimi, exam schedule, yarışma, competition, endüstriyel tasarım, product design, industrial, design, students, advance, final, stage, 16th, national, furniture, final stage, furniture category, selected final, exporters","In the 16th National Furniture Design Competition, organised under the coordination of the Republic of Türkiye Ministry of Trade and hosted by the Turkish Exporters Assembly (TİM) in collaboration with the Orta Anadolu F…"
https://arucad.edu.tr/en/arucad-is-the-champion-in-dance/,https://arucad.edu.tr/en/arucad-is-the-champion-in-dance/,ARUCAD is the Champion in Dance,EN,Haber / news,"dans, dance, champion, solo category, first place, place modern, category, won, choreography, solo, achieved, categories, gold, medals, summertime",Students from the Contemporary Dance Department of Arkin University of Creative Arts and Design (ARUCAD) achieved outstanding success at the 2025–2026 Inter-University Dance Competition organised by the North Cyprus Univ…
https://arucad.edu.tr/en/arucad-makes-a-winning-start-to-the-european-universities-games-with-a-3-2-victory-over-imperial-college-london/,https://arucad.edu.tr/en/arucad-makes-a-winning-start-to-the-european-universities-games-with-a-3-2-victory-over-imperial-college-london/,ARUCAD Makes a Winning Start to the European Universities Games with a 3–2 Victory over Imperial College London,EN,Haber / news,"dijital oyun tasarımı, game design, makes, winning, start, european, universities, games, victory, imperial, college, london, imperial college, college london, european universities, match","The Men’s Table Tennis Team of Arkin University of Creative Arts and Design (ARUCAD) made a winning start to the European Universities Games Salerno 2026, held in Salerno, Italy, by defeating Imperial College London 3–2 …"
https://arucad.edu.tr/en/arucad-mens-table-tennis-team-finishes-13th-at-the-european-universities-games/,https://arucad.edu.tr/en/arucad-mens-table-tennis-team-finishes-13th-at-the-european-universities-games/,ARUCAD Men’s Table Tennis Team Finishes 13th at the European Universities Games,EN,Haber / news,"dijital oyun tasarımı, game design, men, table, tennis, team, finishes, 13th, european, universities, games, college london, london united, imperial college, sport, competed, mens","The ARUCAD (Arkin University of Creative Arts and Design) Men's Table Tennis Team competed in the European Universities Games Salerno 2026, held in Salerno, Italy, as the champions of the Turkish Republic of Northern Cyp…"
https://arucad.edu.tr/en/arucad-mens-table-tennis-team-tops-group-at-turkish-championship/,https://arucad.edu.tr/en/arucad-mens-table-tennis-team-tops-group-at-turkish-championship/,ARUCAD Men’s Table Tennis Team Tops Group at Turkish Championship,EN,Haber / news,"men, table, tennis, team, tops, group, turkish, championship, table tennis, men table, tennis team, tournament, burdur, match, mens","Following their championship title at the 24th Sports Games organized by the TRNC University Sports Federation, the Arkin University of Creative Arts and Design (ARUCAD) Men’s Table Tennis Team traveled to Burdur to comp…"
https://arucad.edu.tr/en/arucad-nature-sports-club-gathered-at-alevkayasi/,https://arucad.edu.tr/en/arucad-nature-sports-club-gathered-at-alevkayasi/,ARUCAD Nature Sports Club Gathered at Alevkayası,EN,Haber / news,"öğrenci kulüpleri, student clubs, spor, sports, nature, club, gathered, alevkayası, held alevkayası, nature sports, sports club, trail, expedition, silpa, hike, markings, cleaning, alevkayasi",The ARUCAD Nature Sports Club marked the start of the new academic year with the SILPA Trail Expedition held at Alevkayası. The activity was carried out within the scope of SILPA (Sustainable Island Life Project ARUCAD).…
https://arucad.edu.tr/en/arucad-new-media-and-communication-students-visit-the-communication-sector/,https://arucad.edu.tr/en/arucad-new-media-and-communication-students-visit-the-communication-sector/,ARUCAD New Media and Communication Students Visit the Communication Sector,EN,Haber / news,"yeni medya, iletişim, journalism, media, communication, students, visit, sector, communication sector, assist huri, students accompanied, tak, assist, agency, operations, accompanied, visited",Students from the New Media and Communication Department at Arkın University of Creative Arts and Design (ARUCAD) visited prominent institutions in Northern Cyprus's communication sector as part of the Writing Techniques…
https://arucad.edu.tr/en/arucad-new-media-and-plastic-arts-students-organized-a-joint-trip-to-the-nicosia-biennial/,https://arucad.edu.tr/en/arucad-new-media-and-plastic-arts-students-organized-a-joint-trip-to-the-nicosia-biennial/,ARUCAD New Media and Plastic Arts Students Organized a Joint Trip to the Nicosia Biennial,EN,Haber / news,"yeni medya, iletişim, journalism, media, plastic, arts, students, organized, joint, trip, nicosia, biennial, organized joint, joint trip, trip nicosia, reinforced, venues",Students and academics from the Arkin University of Creative Arts and Design (ARUCAD) New Media and Communication Department and the Plastic Arts Department organized a joint trip to the Nicosia Biennial on 27 November 2…
https://arucad.edu.tr/en/arucad-opens-the-new-bandabuliya-campus-for-its-faculty-of-music-and-performing-arts/,https://arucad.edu.tr/en/arucad-opens-the-new-bandabuliya-campus-for-its-faculty-of-music-and-performing-arts/,ARUCAD Opens the New Bandabuliya Campus for Its Faculty of Music and Performing Arts,EN,Haber / news,"kampüs, campus life, seramik, cam, ceramics, glass, müzik, ses sanatları, music, opens, bandabuliya, campus, faculty, performing, arts, walled city, campus designed, nicosia turkish, harmancı, walled, municipality, dynamism","Arkin University of Creative Arts and Design (ARUCAD) has officially opened the new campus of its Faculty of Music and Performing Arts, located in the heart of Nicosia Walled City, within the historic Bandabuliya complex…"
https://arucad.edu.tr/en/arucad-organized-a-seminar-on-social-media-and-self-perception-for-anafartalar-high-school-students/,https://arucad.edu.tr/en/arucad-organized-a-seminar-on-social-media-and-self-perception-for-anafartalar-high-school-students/,ARUCAD Organized a Seminar on Social Media and Self-Perception for Anafartalar High School Students,EN,Haber / news,"seminer, konferans, etkinlik, lise öğrencileri, high school, organized, seminar, social, media, self, perception, anafartalar, high, school, students, social media, media self, self perception, cyberbullying",Arkin University of Creative Arts and Design (ARUCAD) held two different seminars for students of Anafartalar High School in order to draw attention to young people’s experiences in the digital world.
https://arucad.edu.tr/en/arucad-participated-in-the-2025-accreditation-training-program-held-in-collaboration-with-yokak-and-yodak/,https://arucad.edu.tr/en/arucad-participated-in-the-2025-accreditation-training-program-held-in-collaboration-with-yokak-and-yodak/,ARUCAD Participated in the 2025 Accreditation Training Program Held in Collaboration with YÖKAK and YÖDAK,EN,Haber / news,"akreditasyon, accreditation, laboratuvar, lab, participated, training, program, held, collaboration, yökak, yödak, higher education, participated accreditation, accreditation training, internal, mechanisms, quality, yokak, yodak","Arkin University of Creative Arts and Design (ARUCAD) participated in the “2025 Accreditation Training Program” organized within the framework of cooperation between the Higher Education Planning, Evaluation, Accreditati…"
https://arucad.edu.tr/en/arucad-prepares-to-host-an-inspiring-gathering-at-the-intersection-of-medicine-and-art/,https://arucad.edu.tr/en/arucad-prepares-to-host-an-inspiring-gathering-at-the-intersection-of-medicine-and-art/,ARUCAD Prepares to Host an Inspiring Gathering at the Intersection of Medicine and Art,EN,Haber / news,"İngilizce hazırlık, preparatory school, prepares, host, inspiring, gathering, intersection, medicine, art, fazıl küçük, medicine art, vatanoğlu lutz, fazıl, healing, vatanoğlu, lutz","Arkin University of Creative Arts and Design (ARUCAD) is preparing to host a meaningful event where art and medicine converge. The event, titled ""Healing Bowls Dedicated to Dr. Fazıl Küçük, the Healer of a Society,"" will…"
https://arucad.edu.tr/en/arucad-presents-academic-study-on-artificial-intelligence-governance-at-icqaa-2026/,https://arucad.edu.tr/en/arucad-presents-academic-study-on-artificial-intelligence-governance-at-icqaa-2026/,ARUCAD Presents Academic Study on Artificial Intelligence Governance at ICQAA 2026,EN,Haber / news,"yapay zeka, AI, presents, academic, study, artificial, intelligence, governance, icqaa, higher education, quality assurance, governance higher, assurance, higher, adaptive, quality","Arkin University of Creative Arts and Design (ARUCAD) took part in the 2nd YÖKAK International Conference on Quality Assurance and Accreditation (ICQAA 2026), held in Istanbul on 14–15 September 2026, with an academic st…"
https://arucad.edu.tr/en/arucad-production-parallel-poles-premieres-in-nicosia/,https://arucad.edu.tr/en/arucad-production-parallel-poles-premieres-in-nicosia/,ARUCAD Production “Parallel Poles” Premieres in Nicosia,EN,Haber / news,"production, parallel, poles, premieres, nicosia, parallel poles, arabahmet culture, culture house, arabahmet, crew, screening, house, bicommunal, film","The short film Parallel Poles, produced by Arkın University of Creative Arts and Design (ARUCAD) and directed by ARUCAD Vice Rector and Film Design and Directing faculty member Asst. Prof. Dr. İbrahim Dalkılıç, will be s…"
https://arucad.edu.tr/en/arucad-public-lecture-why-is-ai-writing-poetry-held/,https://arucad.edu.tr/en/arucad-public-lecture-why-is-ai-writing-poetry-held/,ARUCAD Public Lecture “Why Is AI Writing Poetry?” Held,EN,Haber / news,"yapay zeka, AI, public, lecture, why, writing, poetry, held, public lecture, why writing, writing poetry, grout, intelligence, liberate, domains, ai","Arkin University of Creative Arts and Design (ARUCAD) hosted a public lecture titled “Why Is AI Writing Poetry?” delivered by Prof. Dr. Vic Grout on 16 December 2025 at the Conference Hall.  In his lecture, Prof. Dr. Gro…"
https://arucad.edu.tr/en/arucad-ranked-among-the-worlds-top-400-universities-for-sustainable-cities-and-communities-in-the-impact-rankings-2026/,https://arucad.edu.tr/en/arucad-ranked-among-the-worlds-top-400-universities-for-sustainable-cities-and-communities-in-the-impact-rankings-2026/,ARUCAD Ranked Among the World’s Top 400 Universities for Sustainable Cities and Communities in THE Impact Rankings 2026,EN,Haber / news,"sürdürülebilirlik, SDG, ranked, among, world, top, universities, sustainable, cities, communities, impact, rankings, among world, world top, impact rankings, reduced, worlds",Arkin University of Creative Arts and Design (ARUCAD) was ranked among the world's top 400 universities in Sustainable Cities and Communities in the Times Higher Education Impact Rankings 2026. The University also secure…
https://arucad.edu.tr/en/arucad-rector-prof-dr-asim-vehbi-signs-founding-declaration-of-the-union-of-rectors-of-turkish-speaking-countries-in-applied-arts-in-baku/,https://arucad.edu.tr/en/arucad-rector-prof-dr-asim-vehbi-signs-founding-declaration-of-the-union-of-rectors-of-turkish-speaking-countries-in-applied-arts-in-baku/,ARUCAD Rector Prof. Dr. Asım Vehbi Signs Founding Declaration of the Union of Rectors of Turkish-Speaking Countries in Applied Arts in Baku,EN,Haber / news,"yönetim, administration, rektörlük, rector, asım, vehbi, signs, founding, declaration, union, rectors, turkish, speaking, countries, applied, arts, baku, academy arts, union rectors, speaking countries, asim","Prof. Dr. Asım Vehbi, Rector of Arkın Creative Arts and Design University (ARUCAD), during his visit to Azerbaijan from November 18–20, participated in the founding meeting of the “Union of Rectors of Higher Education In…"
https://arucad.edu.tr/en/arucad-rector-prof-dr-asim-vehbi-visits-graduation-exhibitions/,https://arucad.edu.tr/en/arucad-rector-prof-dr-asim-vehbi-visits-graduation-exhibitions/,ARUCAD Rector Prof. Dr. Asım Vehbi Visits Graduation Exhibitions,EN,Haber / news,"yönetim, administration, rektörlük, sergi, exhibition, mezuniyet, graduation, rector, asım, vehbi, visits, exhibitions, personal exhibitions, graduation projects, rector asım, graduates, immensely, firmly, visions, satisfaction, asim","The graduates of the Plastic Arts Department at ARUCAD for the Fall Semester of the 2024-2025 Academic Year have presented their personal exhibitions, prepared as part of their graduation projects, to art enthusiasts in …"
https://arucad.edu.tr/en/arucad-rector-prof-dr-asim-vehbis-message-on-world-art-day/,https://arucad.edu.tr/en/arucad-rector-prof-dr-asim-vehbis-message-on-world-art-day/,ARUCAD Rector Prof. Dr. Asım Vehbi’s Message on “World Art Day”,EN,Haber / news,"yönetim, administration, rektörlük, rector, asım, vehbi, message, world, art, day, art day, april 15th, world art, 15th, contrary, occasion, builds, asim, vehbis",Arkin University of Creative Arts and Design (ARUCAD) Rector Prof. Dr. Asım Vehbi issued a message on the occasion of World Art Day on April 15th.
https://arucad.edu.tr/en/arucad-secures-3rd-place-in-the-turkish-interuniversity-table-tennis-1st-league-championships/,https://arucad.edu.tr/en/arucad-secures-3rd-place-in-the-turkish-interuniversity-table-tennis-1st-league-championships/,ARUCAD Secures 3rd Place in the Turkish Interuniversity Table Tennis 1st League Championships,EN,Haber / news,"secures, 3rd, place, turkish, interuniversity, table, tennis, 1st, league, championships, table tennis, turkish interuniversity, men table, men","Having previously won the championship in the men's category at the 23rd University Sports Games in the Turkish Republic of Northern Cyprus (TRNC), the ARUCAD Men's Table Tennis Team achieved another significant success …"
https://arucad.edu.tr/en/arucad-signed-a-cooperation-protocol-with-the-cyprus-turkish-medical-association/,https://arucad.edu.tr/en/arucad-signed-a-cooperation-protocol-with-the-cyprus-turkish-medical-association/,ARUCAD Signed a Cooperation Protocol with the Cyprus Turkish Medical Association,EN,Haber / news,"protokol, iş birliği, cooperation, signed, protocol, cyprus, turkish, medical, association, turkish medical, medical association, cyprus turkish, kttb, medicine, physician, ceyhun","A comprehensive protocol has been signed between Arkın Creative Arts and Design University (ARUCAD) and the Cyprus Turkish Medical Association (KTTB) to enhance and expand collaboration in the fields of education, resear…"
https://arucad.edu.tr/en/arucad-signs-cooperation-protocol-with-the-chamber-of-landscape-architects-and-chamber-of-interior-architects-under-ktmmob/,https://arucad.edu.tr/en/arucad-signs-cooperation-protocol-with-the-chamber-of-landscape-architects-and-chamber-of-interior-architects-under-ktmmob/,ARUCAD Signs Cooperation Protocol with the Chamber of Landscape Architects and Chamber of Interior Architects under KTMMOB,EN,Haber / news,"protokol, iş birliği, cooperation, iç mimarlık, interior architecture, mimarlık, architecture, signs, protocol, chamber, landscape, architects, interior, under, ktmmob, chamber landscape, landscape architects, president chamber, chambers, protocols",Arkin University of Creative Arts and Design (ARUCAD) has signed an important cooperation protocol with the Chamber of Landscape Architects and the Chamber of Interior Architects operating under the Union of Turkish Cypr…
https://arucad.edu.tr/en/arucad-signs-cooperation-protocol-with-the-pen-research-institute/,https://arucad.edu.tr/en/arucad-signs-cooperation-protocol-with-the-pen-research-institute/,ARUCAD Signs Cooperation Protocol with the Pen Research Institute,EN,Haber / news,"araştırma, research, protokol, iş birliği, cooperation, signs, protocol, pen, institute, pen research, research institute, protocol pen, scientific, collaborations, formally, signed, committees","Arkin University of Creative Arts and Design (ARUCAD) has signed a cooperation protocol with the Pen Research Institute, based in the United States, with the aim of strengthening international academic collaborations."
https://arucad.edu.tr/en/arucad-signs-two-new-cooperation-agreements-with-art-universities/,https://arucad.edu.tr/en/arucad-signs-two-new-cooperation-agreements-with-art-universities/,ARUCAD Signs Two New Cooperation Agreements with Art Universities,EN,Haber / news,"protokol, iş birliği, cooperation, signs, agreements, art, universities, fine arts, cooperation agreements, agreements signed, azerbaijan, agreement, fine, joint, hungarian, mobility","Arkın University of Creative Arts and Design (ARUCAD) has taken another significant step in expanding its international collaboration network by signing two new academic agreements in Baku. These cooperation agreements, …"
https://arucad.edu.tr/en/arucad-special-talent-and-entrance-exam-and-interviews-on-may-9th/,https://arucad.edu.tr/en/arucad-special-talent-and-entrance-exam-and-interviews-on-may-9th/,ARUCAD Special Talent And Entrance Exam and Interviews on May 9th,EN,Haber / news,"sınav takvimi, exam schedule, special, talent, entrance, exam, interviews, 9th, exam interviews, special talent, candidates wishing, candidates, wishing, trnc, citizens, holding","Arkın University of Creative Arts and Design (ARUCAD) is holding a Special Talent Exam and Interview on Saturday, May 9, 2026, for candidates wishing to study in the fields of art, design, and communication. Candidates w…"
https://arucad.edu.tr/en/arucad-spring-term-graduation-exhibitions-brought-together-art-enthusiasts-in-nicosia-and-kyrenia/,https://arucad.edu.tr/en/arucad-spring-term-graduation-exhibitions-brought-together-art-enthusiasts-in-nicosia-and-kyrenia/,ARUCAD Spring Term Graduation Exhibitions Brought Together Art Enthusiasts in Nicosia and Kyrenia,EN,Haber / news,"sergi, exhibition, mezuniyet, graduation, spring, term, exhibitions, brought, together, art, enthusiasts, nicosia, kyrenia, both exhibitions, exhibition opened, güney art, grapevine","As part of their graduation projects, the individual exhibitions of graduates from the 2024–2025 Spring Term of Arkin University of Creative Arts and Design (ARUCAD) were held in various venues across Nicosia and Kyrenia…"
https://arucad.edu.tr/en/arucad-strengthens-its-quality-assurance-and-continuous-improvement-efforts-in-education/,https://arucad.edu.tr/en/arucad-strengthens-its-quality-assurance-and-continuous-improvement-efforts-in-education/,ARUCAD Strengthens Its Quality Assurance and Continuous Improvement Efforts in Education,EN,Haber / news,"kalite, quality, strengthens, assurance, continuous, improvement, efforts, education, learning outcomes, assurance continuous, continuous improvement, ilos, plos, outcomes, alignment",Arkin University of Creative Arts and Design (ARUCAD) continues to reinforce its quality assurance and continuous improvement initiatives in line with its commitment to establishing a sustainable culture of quality in hi…
https://arucad.edu.tr/en/arucad-student-creates-meaningful-graduation-project-with-sos-childrens-village-association/,https://arucad.edu.tr/en/arucad-student-creates-meaningful-graduation-project-with-sos-childrens-village-association/,ARUCAD Student Creates Meaningful Graduation Project with SOS Children’s Village Association,EN,Haber / news,"mezuniyet, graduation, student, creates, meaningful, project, sos, children, village, association, cuma çetin, dream town, village association, çetin, dreams, childrens","Cuma Çetin, a student in the Visual Communication Design Department at Arkın University of Creative Arts and Design (ARUCAD), collaborated with the SOS Children's Village Association as part of his graduation project to …"
https://arucad.edu.tr/en/arucad-students-and-academics-participate-in-the-inaugural-nicosia-biennale/,https://arucad.edu.tr/en/arucad-students-and-academics-participate-in-the-inaugural-nicosia-biennale/,ARUCAD Students and Academics Participate in the Inaugural Nicosia Biennale,EN,Haber / news,"students, academics, participate, inaugural, nicosia, biennale, assistant professor, stage restored, exhibition stops, kozal, assistant, restored, stops, professor","Arkın University of Creative Arts and Design (ARUCAD) took part in the first-ever Nicosia Biennale, held from November 7 to December 6, 2025, bringing students, academics, and art spaces into the event. The inclusion of …"
https://arucad.edu.tr/en/arucad-students-meet-domus-academy-academics-in-online-conference/,https://arucad.edu.tr/en/arucad-students-meet-domus-academy-academics-in-online-conference/,ARUCAD Students Meet Domus Academy Academics in Online Conference,EN,Haber / news,"seminer, konferans, etkinlik, students, meet, domus, academy, academics, online, conference, domus academy, online conference, design department, partnership, schools, postgraduate, prospects","As part of its academic collaboration with Domus Academy, one of Italy’s leading postgraduate design schools, Arkın University of Creative Arts and Design (ARUCAD) held an online conference on Tuesday, April 29, 2025. Th…"
https://arucad.edu.tr/en/arucad-students-took-part-in-the-international-museum-day-opening-parade/,https://arucad.edu.tr/en/arucad-students-took-part-in-the-international-museum-day-opening-parade/,ARUCAD Students Took Part in the International Museum Day Opening Parade,EN,Haber / news,"uluslararası, erasmus, international, students, took, part, museum, day, opening, parade, international museum, museum day, opening parade, ministry, gate, prime","Students from the Faculty of Music and Performing Arts at Arkin University of Creative Arts and Design (ARUCAD) participated in the opening event of International Museum Day, organized by the Department of Antiquities an…"
https://arucad.edu.tr/en/arucad-students-visit-armando-milani-exhibition-at-arucad-artspace/,https://arucad.edu.tr/en/arucad-students-visit-armando-milani-exhibition-at-arucad-artspace/,ARUCAD Students Visit Armando Milani Exhibition at ARUCAD ArtSpace,EN,Haber / news,"iş ilanı, job vacancy, sergi, exhibition, students, visit, armando, milani, artspace, educational visit, armando milani, metaphor, offere, biennial, illustrated, posters, observations","ARUCAD students visited ARUCAD ArtSpace to explore the works of internationally renowned designer Armando Milani as part of the Nicosia Biennial. The educational visit took place on Friday, 21 November 2025, providing st…"
https://arucad.edu.tr/en/arucad-theatre-club-staged-dear-doctor/,https://arucad.edu.tr/en/arucad-theatre-club-staged-dear-doctor/,ARUCAD Theatre Club Staged “Dear Doctor”,EN,Haber / news,"öğrenci kulüpleri, student clubs, tiyatro, theatre, club, staged, dear, doctor, theatre club, dear doctor, human nature, ekin, duruk, ersan, çıkı, stories, play","The Theatre Club of Arkin University of Creative Arts and Design brought audiences together with the play “Dear Doctor,” adapted by Neil Simon and inspired by the stories of Anton Chekhov. The one-act comedy was staged o…"
https://arucad.edu.tr/en/arucad-took-part-in-the-science-culture-and-art-festival/,https://arucad.edu.tr/en/arucad-took-part-in-the-science-culture-and-art-festival/,"ARUCAD took part in the Science, Culture and Art Festival held on Friday at Bayraktar Secondary School",EN,Haber / news,"festival, took, part, science, culture, art, held, friday, bayraktar, secondary, school, graffiti, boyalarla, spray","ARUCAD Plastik Sanatlar Bölümü Öğr. Gör. Batu Gündal ve ARUCAD Graffiti Kulübü Başkanı Barış Bürüncük tarafından 2,5 m x 1,5 m ölçülerinde bir duvar resmi çalışması gerçekleştirildi. Spray boyalarla hazırlanan çalışmada,…"
https://arucad.edu.tr/en/arucad-vice-rector-holds-meeting-with-students-participating-in-the-arucad-admiu-exchange-program/,https://arucad.edu.tr/en/arucad-vice-rector-holds-meeting-with-students-participating-in-the-arucad-admiu-exchange-program/,ARUCAD Vice Rector Holds Meeting with Students Participating in the ARUCAD-ADMIU Exchange Program,EN,Haber / news,"yönetim, administration, rektörlük, uluslararası, erasmus, international, vice, rector, holds, meeting, students, participating, admiu, exchange, program, meeting students, vice rector, asuca, administrators, azerbaijan","Our Vice Rector, Asst. Prof. Dr. İbrahim Dalkılıç, paid an official visit to Azerbaijan State University of Culture and Arts (ASUCA) within the framework of the ongoing cooperation between the two institutions, meeting w…"
https://arucad.edu.tr/en/arucad-visual-communication-design-students-visited-the-arkin-rodin-collection/,https://arucad.edu.tr/en/arucad-visual-communication-design-students-visited-the-arkin-rodin-collection/,ARUCAD Visual Communication Design Students Visited the Arkın Rodin Collection,EN,Haber / news,"Rodin koleksiyonu, Arkın Rodin Gallery, görsel iletişim tasarımı, graphic design, visual, communication, design, students, visited, rodin, collection, engaging art, visited rodin, students asked, visit, visits, asked, resonated","Students from the ARUCAD Visual Communication Design Department visited the Arkin Rodin Collection Gallery on 9 and 10 March 2026. Organized within the scope of the Comm204 and İlet204 courses, the visits took place over…"
https://arucad.edu.tr/en/arucad-was-at-girne-ramadan-cemil-square-for-world-art-day/,https://arucad.edu.tr/en/arucad-was-at-girne-ramadan-cemil-square-for-world-art-day/,ARUCAD was at Girne Ramadan Cemil Square for World Art Day,EN,Haber / news,"girne, ramadan, cemil, square, world, art, day, art day, world art, cemil square, bridge, segment, passers, resonate","Arkin University of Creative Arts and Design (ARUCAD) organized a meaningful event at Girne Ramadan Cemil Square on April 15, celebrating World Art Day. Under the slogan 'The World is Bright with Art,' a large panel was …"
https://arucad.edu.tr/en/arucad-weekly-groove-gatherings-took-place-at-bandabuliya-campus/,https://arucad.edu.tr/en/arucad-weekly-groove-gatherings-took-place-at-bandabuliya-campus/,ARUCAD Weekly Groove Gatherings Took Place at Bandabuliya Campus,EN,Haber / news,"kampüs, campus life, seramik, cam, ceramics, glass, weekly, groove, gatherings, took, place, bandabuliya, campus, weekly groove, groove gatherings, bandabuliya campus, vogue, breakdance, december, conventional","Weekly Groove gatherings, where ARUCAD students come together to move, explore, and connect through dance, took place throughout December at the Bandabuliya Campus. Bringing together contemporary dance alongside hip-hop,…"
https://arucad.edu.tr/en/arucad-x-fyve-active-fashion-design-competition-concludes-with-winner-announcement/,https://arucad.edu.tr/en/arucad-x-fyve-active-fashion-design-competition-concludes-with-winner-announcement/,ARUCAD x FYVE ACTIVE Fashion Design Competition Concludes with Winner Announcement,EN,Haber / news,"yarışma, competition, tekstil ve moda tasarımı, fashion, fyve, active, design, concludes, winner, announcement, fashion design, textile fashion, department textile, sportswear, textile, designer","The Fashion Design Competition, organized by the ARUCAD Textile and Fashion Design Department and FYVE ACTIVE sportswear brand, has successfully come to an end. Built around the theme ""Playful Paradox: Active Duality,"" t…"
https://arucad.edu.tr/en/arucads-asst-prof-dr-burcin-saltik-participated-in-the-creative-touch-to-the-economy-panel/,https://arucad.edu.tr/en/arucads-asst-prof-dr-burcin-saltik-participated-in-the-creative-touch-to-the-economy-panel/,ARUCAD’s Asst. Prof. Dr. Burçin Saltık Participated in the “Creative Touch to the Economy Panel”,EN,Haber / news,"seminer, konferans, etkinlik, burçin, saltık, participated, creative, touch, economy, panel, second session, burçin saltık, creative touch, ktto, industries, commodity, growth, arucads, burcin, saltik","Organized by the Union of Chambers and Commodity Exchanges of Turkey (TOBB) Creative Industries Council and hosted by the Turkish Cypriot Chamber of Commerce (KTTO), the ""Creative Touch to the Economy Panel"" was held on …"
https://arucad.edu.tr/en/arucads-interpretation-of-kafka-staged-at-the-bilkent-international-theatre-festival/,https://arucad.edu.tr/en/arucads-interpretation-of-kafka-staged-at-the-bilkent-international-theatre-festival/,ARUCAD’s Interpretation of Kafka Staged at the Bilkent International Theatre Festival,EN,Haber / news,"uluslararası, erasmus, international, festival, tiyatro, theatre, interpretation, kafka, staged, bilkent, bilkent theatre, türkiye countries, serçe parmağını, serçe, parmağını, kaşlarında, gezdirmek, arucads","The Department of Acting at the Faculty of Music and Performing Arts of Arkin University of Creative Arts and Design (ARUCAD) took part in the 12th Bilkent Theatre Days, held between 22–26 June, with its production Serçe…"
https://arucad.edu.tr/en/arucads-masters-and-doctoral-programs-continue-to-accept-applications/,https://arucad.edu.tr/en/arucads-masters-and-doctoral-programs-continue-to-accept-applications/,ARUCAD’s Master’s and Doctoral Programs Continue to Accept Applications,EN,Haber / news,"başvuru, application, kayıt, lisansüstü, yüksek lisans, graduate studies, master, doctoral, programs, continue, accept, applications, doctoral programs, master doctoral, accept applications, postgraduate, candidates, aiming, atarucad, tror, arucads, masters","Arkin University of Creative Arts and Design (ARUCAD) continues to accept applications for its postgraduate programs for the 2025–2026 Fall Semester. Candidates who wish to specialize in creative fields, engage in interd…"
https://arucad.edu.tr/en/arucads-support-to-sat-generator-and-radios-donated/,https://arucad.edu.tr/en/arucads-support-to-sat-generator-and-radios-donated/,ARUCAD’s Support to SAT: Generator and Radios Donated,EN,Haber / news,"support, sat, generator, radios, donated, disaster management, february earthquake, professional volunteers, disaster, çanakçı, volunteers, earthquake, associations, disasters, arucads",Arkin University of Creative Arts and Design (ARUCAD) has donated a generator and 31 radios to the Civil Disaster Team Association (SAT) to enhance effective intervention and coordination during emergencies. These crucia…
https://arucad.edu.tr/en/arucads-three-day-summer-fest-concludes-on-a-high-note/,https://arucad.edu.tr/en/arucads-three-day-summer-fest-concludes-on-a-high-note/,ARUCAD’s Three-Day Summer Fest Concludes on a High Note,EN,Haber / news,"day, summer, fest, concludes, high, note, main campus, summer fest, bandabuliya campus, festival, june, campus, attracted, electronic, arucads","Summer Fest, organized by Arkin University of Creative Arts and Design (ARUCAD), was held with strong participation on 10–12 June 2026. Taking place over three days at the Main Campus in Kyrenia and the Bandabuliya Campu…"
https://arucad.edu.tr/en/arucads-traditional-workshops-week-for-high-school-students-is-starting/,https://arucad.edu.tr/en/arucads-traditional-workshops-week-for-high-school-students-is-starting/,ARUCAD’s Traditional Workshops Week for High School Students Is Starting,EN,Haber / news,"atölye, workshop, lise öğrencileri, high school, traditional, workshops, week, high, school, students, starting, workshops week, school students, courses workshops, february, colored, fusion, courses, arucads","Arkin University of Creative Arts and Design (ARUCAD) is once again opening its doors to young people through its Workshops Week, inviting high school students to discover themselves in creative fields. ARUCAD’s Workshop…"
https://arucad.edu.tr/en/arucads-very-first-masquerade-ball/,https://arucad.edu.tr/en/arucads-very-first-masquerade-ball/,ARUCAD’s very first Masquerade Ball,EN,Haber / news,"very, first, masquerade, ball, first masquerade, very first, masquerade ball, masks, mystery, elegance, magical, costumes, elaborate, unforgettable, arucads","ARUCAD’s very first Masquerade Ball brought together masks, music, dance, and unforgettable moments in a magical atmosphere."
https://arucad.edu.tr/en/arvin-medghalchi-discussed-the-animation-pipeline-and-ai-at-arucad/,https://arucad.edu.tr/en/arvin-medghalchi-discussed-the-animation-pipeline-and-ai-at-arucad/,Arvin Medghalchi Discussed the Animation Pipeline and AI at ARUCAD,EN,Haber / news,"animasyon, animation, yapay zeka, AI, arvin, medghalchi, discussed, pipeline, animation pipeline, arvin medghalchi, artistic direction, direction, webinar, career, grounding, intensifying, speaker","A webinar titled “The Animation Pipeline & Career Development: Animation in the Age of AI,” organized by the Faculty of Communication at Arkin University of Creative Arts and Design, was held on Monday, March 23, 2026, a…"
https://arucad.edu.tr/en/asst-prof-dr-ali-cagan-uzman-represents-arucad-in-a-project-on-energy-efficiency-and-sustainable-public-procurement/,https://arucad.edu.tr/en/asst-prof-dr-ali-cagan-uzman-represents-arucad-in-a-project-on-energy-efficiency-and-sustainable-public-procurement/,Asst. Prof. Dr. Ali Çağan Uzman Represents ARUCAD in a Project on Energy Efficiency and Sustainable Public Procurement,EN,Haber / news,"sürdürülebilirlik, SDG, ali, çağan, uzman, represents, project, energy, efficiency, sustainable, public, procurement, energy efficiency, public procurement, sustainable public, consultancy, cagan","Asst. Prof. Dr. Ali Çağan Uzman, a faculty member of the Department of New Media and Communication at Arkın Creative Arts and Design University (ARUCAD), is serving as a Behavioral Sciences and Lead Communication Special…"
https://arucad.edu.tr/en/audio-recording-and-community-participation-in-the-colombian-amazon-webinar-held-at-arucad/,https://arucad.edu.tr/en/audio-recording-and-community-participation-in-the-colombian-amazon-webinar-held-at-arucad/,“Audio Recording and Community Participation in the Colombian Amazon” Webinar Held at ARUCAD,EN,Haber / news,"audio, recording, community, participation, colombian, amazon, webinar, held, community participation, colombian amazon, audio recording, castrill, communal, archives","The webinar titled “Audio Recording and Community Participation in the Colombian Amazon” was held on 15 December 2025 as part of the ARUCAD Department of Sound Arts Design, with the participation of Asst. Prof. Dr. Juan …"
https://arucad.edu.tr/en/award-ceremony-of-the-details-from-our-history-design-competition-held-in-memory-of-tuncer-bagiskan-took-place/,https://arucad.edu.tr/en/award-ceremony-of-the-details-from-our-history-design-competition-held-in-memory-of-tuncer-bagiskan-took-place/,Award Ceremony of the “DETAILS FROM OUR HISTORY” Design Competition Held in Memory of Tuncer Bağışkan Took Place,EN,Haber / news,"yarışma, competition, award, ceremony, details, history, design, held, memory, tuncer, bağışkan, took, place, chair board, umure örs, turkish education, bagiskan","Organized in collaboration between Arkin University of Creative Arts and Design (ARUCAD) and the Cyprus Turkish Education Foundation (KTEV), the award ceremony of the “DETAILS FROM OUR HISTORY” design competition, held i…"
https://arucad.edu.tr/en/awards-presented-at-the-arucad-cinematic-seeds-festival/,https://arucad.edu.tr/en/awards-presented-at-the-arucad-cinematic-seeds-festival/,Awards Presented at the ARUCAD Cinematic Seeds Festival,EN,Haber / news,"festival, sinema, film, televizyon, awards, presented, cinematic, seeds, cinematic seeds, emad amlashi, submissions countries, dir, filmmakers, films, inaugural, submissions, emad","The inaugural edition of the Cinematic Seeds Festival, organized by Arkin University of Creative Arts and Design (ARUCAD) as an international platform for student and emerging filmmakers worldwide, concluded on 26 Februa…"
https://arucad.edu.tr/en/bandabuliya-modern-ensemble-met-its-audience/,https://arucad.edu.tr/en/bandabuliya-modern-ensemble-met-its-audience/,Bandabuliya Modern Ensemble Met Its Audience,EN,Haber / news,"bandabuliya, modern, ensemble, met, audience, ensemble met, met audience, bandabuliya modern, indeterminacy, heterophonic, signals, instrumentalists, vocalists, fixed","Presented by the Sound Arts and Design Department, Bandabuliya Modern Ensemble met the audience at Bandabuliya Stage."
https://arucad.edu.tr/en/biomorphs-exhibition-by-arucad-graduate-asu-bagseven-opens-in-kyrenia/,https://arucad.edu.tr/en/biomorphs-exhibition-by-arucad-graduate-asu-bagseven-opens-in-kyrenia/,BIOMORPHS Exhibition by ARUCAD Graduate Asu Bağseven Opens in Kyrenia,EN,Haber / news,"sergi, exhibition, lisansüstü, yüksek lisans, graduate studies, biomorphs, graduate, asu, bağseven, opens, kyrenia, exhibition biomorphs, library ziya, rızkı exhibition, ziya, rızkı, viewers, library, bagseven","The solo exhibition  BIOMORPHS , prepared as a graduation project by Asu Bağseven, a graduate of the Plastic Arts Department of Arkin University of Creative Arts and Design (ARUCAD) for the 2025–2026 Academic Year Fall S…"
https://arucad.edu.tr/en/blood-donation-campaign-held-at-arucad/,https://arucad.edu.tr/en/blood-donation-campaign-held-at-arucad/,Blood Donation Campaign Held at ARUCAD,EN,Haber / news,"seramik, cam, ceramics, glass, blood, donation, campaign, held, blood donation, donation campaign, saving, crescent, courtyard, voluntary, raising, solidarity, initiative, lives","Arkin University of Creative Arts and Design (ARUCAD), in collaboration with the Turkish Cypriot Red Crescent, organized a Blood Donation Campaign aimed at strengthening social solidarity and raising awareness of the lif…"
https://arucad.edu.tr/en/boundaries-performance-meets-its-audience/,https://arucad.edu.tr/en/boundaries-performance-meets-its-audience/,“Boundaries” Performance Meets Its Audience,EN,Haber / news,"boundaries, performance, meets, audience, unresolved, division, sakar, percussion, baran, realities, sound, electronic, text, reflect","Presented as a graduation project by Sound Arts and Design student Baran Sakar, Boundaries brought together live percussion, electronic sound, movement, and text to reflect on identity, division, and the unresolved reali…"
https://arucad.edu.tr/en/cherry-red-advertising-delivers-seminar-on-original-logo-design-and-ethical-creativity-at-arucad/,https://arucad.edu.tr/en/cherry-red-advertising-delivers-seminar-on-original-logo-design-and-ethical-creativity-at-arucad/,Cherry Red Advertising Delivers Seminar on Original Logo Design and Ethical Creativity at ARUCAD,EN,Haber / news,"seminer, konferans, etkinlik, cherry, red, advertising, delivers, seminar, original, logo, design, ethical, creativity, design ethical, ethical creativity, logo design, originality","As part of the  Innovative Practices  course offered by the Visual Communication Design Department at Arkın University of Creative Arts and Design (ARUCAD), a seminar was held featuring Eda Baştuğ and Verda Erk , co-foun…"
https://arucad.edu.tr/en/comic-book-and-anime-club-screening-night/,https://arucad.edu.tr/en/comic-book-and-anime-club-screening-night/,Comic Book and Anime Club Screening Night,EN,Haber / news,"öğrenci kulüpleri, student clubs, comic, book, anime, club, screening, night, club screening, screening night, book anime, interstella, daft, hiroyuki, nishimura, striking","As part of the Comic Book and Anime Club Screening Night, Daft Punk’s Interstella 5555, directed by Hiroyuki Nishimura, met with the audience on Friday, November 14, at 18:00 in the Conference Hall. The visually striking…"
https://arucad.edu.tr/en/cooperation-protocol-signed-between-emu-and-arucad/,https://arucad.edu.tr/en/cooperation-protocol-signed-between-emu-and-arucad/,COOPERATION PROTOCOL SIGNED BETWEEN EMU AND ARUCAD,EN,Haber / news,"protokol, iş birliği, cooperation, protocol, signed, emu, signed emu, emu rector, rector hasan, kılıç, rectorate, gift, universities, ceremony, signing, hospitality","A cooperation protocol aimed at developing, strengthening, and promoting relations was signed between Eastern Mediterranean University (EMU) and Arkin University of Creative Arts and Design (ARUCAD). The signing ceremony…"
https://arucad.edu.tr/en/corporate-communication-office-hosted-new-media-and-communication-and-visual-communication-design-students-at-arkin-rodin-collection-gallery/,https://arucad.edu.tr/en/corporate-communication-office-hosted-new-media-and-communication-and-visual-communication-design-students-at-arkin-rodin-collection-gallery/,Corporate Communication Office hosted New Media and Communication and Visual Communication Design students at Arkın Rodin Collection Gallery,EN,Haber / news,"Rodin koleksiyonu, Arkın Rodin Gallery, görsel iletişim tasarımı, graphic design, yeni medya, iletişim, journalism, corporate, communication, office, hosted, media, visual, design, students, rodin, collection, gallery, corporate communication, communication office, students rodin","Corporate Communication Office hosted New Media and Communication and Visual Communication Design students at Arkın Rodin Collection Gallery As part of the Innovative Practices course led by Asst. Prof. Dr. Huri Yontucu,…"
https://arucad.edu.tr/en/courtesy-visit-from-the-civil-defense-organization-to-arucad-rector-prof-dr-asim-vehbi/,https://arucad.edu.tr/en/courtesy-visit-from-the-civil-defense-organization-to-arucad-rector-prof-dr-asim-vehbi/,Courtesy Visit from the Civil Defense Organization to ARUCAD Rector Prof. Dr. Asım Vehbi,EN,Haber / news,"yönetim, administration, rektörlük, courtesy, visit, civil, defense, organization, rector, asım, vehbi, civil defense, defense organization, courtesy visit, disaster, preparedness, drills, asim","Officials from the Civil Defense Organization paid a courtesy visit to Arkın University of Creative Arts and Design (ARUCAD) Rector, Prof. Dr. Asım Vehbi . During the meeting, Civil Defense Organization President Atilla …"
https://arucad.edu.tr/en/creating-small-worlds-the-craft-of-narrative-instrumental-music-seminar-held-at-arucad/,https://arucad.edu.tr/en/creating-small-worlds-the-craft-of-narrative-instrumental-music-seminar-held-at-arucad/,“Creating Small Worlds – The Craft of Narrative Instrumental Music” Seminar Held at ARUCAD,EN,Haber / news,"seminer, konferans, etkinlik, müzik, ses sanatları, music, creating, small, worlds, craft, narrative, instrumental, seminar, held, instrumental music, narrative instrumental, small worlds, bilsel, motifs","The seminar titled “Creating Small Worlds – The Craft of Narrative Instrumental Music,” organized by the Sound Arts and Design Department at Arkin University of Creative Arts and Design (ARUCAD), was held on Tuesday, 13 …"
https://arucad.edu.tr/en/cua-institutional-accreditation-training-workshop-held/,https://arucad.edu.tr/en/cua-institutional-accreditation-training-workshop-held/,CUA Institutional Accreditation Training Workshop Held,EN,Haber / news,"akreditasyon, accreditation, atölye, workshop, cua, institutional, training, held, institutional accreditation, trnc universities, organized cyprus, arel, universities, trnc, yökak, assurance","Organized by the Cyprus Universities Association (CUA) with the aim of strengthening experience sharing and institutional preparedness for accreditation processes, the  Institutional Accreditation Experience Sharing Trai…"
https://arucad.edu.tr/en/cyprus-universities-union-represented-northern-cyprus-higher-education-at-eurie-2026/,https://arucad.edu.tr/en/cyprus-universities-union-represented-northern-cyprus-higher-education-at-eurie-2026/,Cyprus Universities Union Represented Northern Cyprus Higher Education at EURIE 2026,EN,Haber / news,"cyprus, universities, union, represented, northern, higher, education, eurie, universities union, küb stand, cyprus universities, summit, küb, eurasian","The 11th Eurasian Higher Education Summit (EURIE 2026), organized by the Eurasian Universities Union (EURAS), was held on April 7–9, 2026, at the Istanbul Lütfi Kırdar Congress Center. The summit brought together leading…"
https://arucad.edu.tr/en/dance-showcase-held-at-bandabuliya-campus/,https://arucad.edu.tr/en/dance-showcase-held-at-bandabuliya-campus/,Dance Showcase Held at Bandabuliya Campus,EN,Haber / news,"dans, dance, kampüs, campus life, seramik, cam, ceramics, glass, showcase, held, bandabuliya, campus, dance showcase, held bandabuliya, dance club, club, konolu, bikem, türker, varangüller, havva","The Dance Showcase, organized by the Dance Club, was successfully held at the Bandabuliya Campus with the participation of guest instructors from diverse dance backgrounds. As part of the event, Batu Konolu, Bikem Türker…"
https://arucad.edu.tr/en/data-analysis-in-digital-marketing-seminar-held-at-arucad-department-of-new-media-and-communication/,https://arucad.edu.tr/en/data-analysis-in-digital-marketing-seminar-held-at-arucad-department-of-new-media-and-communication/,“Data Analysis in Digital Marketing” Seminar Held at ARUCAD Department of New Media and Communication,EN,Haber / news,"seminer, konferans, etkinlik, yeni medya, iletişim, journalism, data, analysis, digital, marketing, seminar, held, department, media, communication, digital marketing, data analytics, analysis digital, analytics, interpreted","The seminar titled “Data Analysis in Digital Marketing”, organized by the Department of New Media and Communication at Arkın University of Creative Arts and Design (ARUCAD) within the scope of the YMED203 – Digital Media…"
https://arucad.edu.tr/en/department-of-contemporary-dance-seminar-on-preventive-and-restorative-physiotherapy-held-at-arucad/,https://arucad.edu.tr/en/department-of-contemporary-dance-seminar-on-preventive-and-restorative-physiotherapy-held-at-arucad/,Department of Contemporary Dance Seminar on Preventive and Restorative Physiotherapy Held at ARUCAD,EN,Haber / news,"seminer, konferans, etkinlik, dans, dance, department, contemporary, seminar, preventive, restorative, physiotherapy, held, preventive restorative, dancer body, restorative physiotherapy, özakalın, dancer, physical","The “Strong Yet Fragile: Working with the Dancer’s Body – Preventive and Restorative Physiotherapy” seminar, organized by the Department of Contemporary Dance at Arkin University of Creative Arts and Design (ARUCAD), was…"
https://arucad.edu.tr/en/director-omer-sinir-shared-insights-on-on-camera-acting-and-comedy-at-arucad/,https://arucad.edu.tr/en/director-omer-sinir-shared-insights-on-on-camera-acting-and-comedy-at-arucad/,Director Ömer Sinir Shared Insights on On-Camera Acting and Comedy at ARUCAD,EN,Haber / news,"yönetim, administration, rektörlük, seramik, cam, ceramics, glass, director, ömer, sinir, shared, insights, camera, acting, comedy, director ömer, camera acting, acting comedy, comedic, faster, auditions, omer","Arkin University of Creative Arts and Design (ARUCAD) Acting Department hosted a webinar titled “On-Camera Acting and Comedy”, welcoming director Ömer Sinir (TV series, film, and commercials) to meet with students. The s…"
https://arucad.edu.tr/en/discarded-project-brings-sustainability-and-creativity-together/,https://arucad.edu.tr/en/discarded-project-brings-sustainability-and-creativity-together/,“Discarded” Project Brings Sustainability and Creativity Together,EN,Haber / news,"sürdürülebilirlik, SDG, discarded, project, brings, sustainability, creativity, together, sustainable development, development goals, creative communication, sdg, sdgs, consumption, products, sustainable","Students from the ARUCAD New Media and Communication Department brought together the concepts of sustainability, recycling, and creative communication through a hands-on project titled “Discarded,” developed as part of t…"
https://arucad.edu.tr/en/disconnect-exhibition-brings-cypruss-artistic-production-to-istanbul-at-experimentalmine-art-gallery/,https://arucad.edu.tr/en/disconnect-exhibition-brings-cypruss-artistic-production-to-istanbul-at-experimentalmine-art-gallery/,“DISCONNECT” Exhibition Brings Cyprus’s Artistic Production to Istanbul at EXPERIMENTALMine Art Gallery!,EN,Haber / news,"sergi, exhibition, disconnect, brings, cyprus, artistic, production, istanbul, experimentalmine, art, gallery, experimental mine, mine art, art gallery, mine, cypruss","The “DISCONNECT” exhibition, bringing together works by students, alumni, and artist-academic Prof. Dr. Turan Aksoy, a faculty member in the Department of Plastic Arts at Arkin University of Creative Arts and Design (ARU…"
https://arucad.edu.tr/en/dont-be-a-barrier-be-aware-seminar-held-at-arucad/,https://arucad.edu.tr/en/dont-be-a-barrier-be-aware-seminar-held-at-arucad/,"“Don’t Be a Barrier, Be Aware” Seminar Held at ARUCAD",EN,Haber / news,"seminer, konferans, etkinlik, don, barrier, aware, seminar, held, sign language, don barrier, barrier aware, deaf, sign, önay, akçay, inclusivity, aslı, dont","Arkin University of Creative Arts and Design (ARUCAD) organized an in-house training seminar titled “Don’t Be a Barrier, Be Aware” on March 13, 2025, to raise awareness at an institutional level and strengthen social inc…"
https://arucad.edu.tr/en/double-accreditation-achievement-from-arucad-faculty-of-communication/,https://arucad.edu.tr/en/double-accreditation-achievement-from-arucad-faculty-of-communication/,Double Accreditation Achievement from ARUCAD Faculty of Communication,EN,Haber / news,"akreditasyon, accreditation, double, achievement, faculty, communication, communication education, undergraduate program, five years, iledak, accredited, ilad, undergraduate, quality, board",Arkin University of Creative Arts and Design (ARUCAD) has achieved another significant milestone in line with its quality-oriented education vision. The undergraduate programs in Visual Communication Design and New Media…
https://arucad.edu.tr/en/dr-erge-yurtdas-discussed-neolithization-and-cyprus-at-arucad/,https://arucad.edu.tr/en/dr-erge-yurtdas-discussed-neolithization-and-cyprus-at-arucad/,Dr. Erge Yurtdaş Discussed Neolithization and Cyprus at ARUCAD,EN,Haber / news,"yurt, konaklama, accommodation, erge, yurtdaş, discussed, neolithization, cyprus, neolithization cyprus, levant anatolia, erge yurtdaş, mesopotamia, overseas, levant, neolithic, regions, anatolia, yurtdas","At Arkin University of Creative Arts and Design, a webinar titled “Overseas Neolithization; Cyprus Between the Levant, Anatolia and Mesopotamia” was held on Tuesday, April 8, 2026. Dr. Erge Yurtdaş, joining as a guest sp…"
https://arucad.edu.tr/en/eco-friendly-vehicles-and-a-sustainable-future-seminar-held/,https://arucad.edu.tr/en/eco-friendly-vehicles-and-a-sustainable-future-seminar-held/,“Eco-Friendly Vehicles and a Sustainable Future” Seminar Held,EN,Haber / news,"seminer, konferans, etkinlik, sürdürülebilirlik, SDG, eco, friendly, vehicles, sustainable, future, seminar, held, electric hybrid, hybrid vehicles, sustainable transportation, electric, transportation, hybrid, battery","Within the New Media and Communication Department of Arkin University of Creative Arts and Design (ARUCAD), the seminar titled “Eco-Friendly Vehicles and a Sustainable Future” was held on Thursday, 22 January 2026, betwe…"
https://arucad.edu.tr/en/educational-trip-to-kohi-local-coffee-house/,https://arucad.edu.tr/en/educational-trip-to-kohi-local-coffee-house/,Educational Trip to Kohi Local Coffee House,EN,Haber / news,"ücret, tuition fees, educational, trip, kohi, local, coffee, house, trip kohi, educational trip, kohi local, kamil, bartu, feridun, observed, branding","As part of the New Media and Communication Department activities, the educational trip to Kohi Local Coffee House was successfully completed on May 5, 2026. Through this on-site experience, students gained insights into …"
https://arucad.edu.tr/en/educational-visit-within-the-scope-of-the-game-for-good-project-by-arucad-digital-game-design-department/,https://arucad.edu.tr/en/educational-visit-within-the-scope-of-the-game-for-good-project-by-arucad-digital-game-design-department/,Educational Visit within the Scope of the “Game for Good” Project by ARUCAD Digital Game Design Department,EN,Haber / news,"dijital oyun tasarımı, game design, educational, visit, scope, game, good, project, digital, design, department, game good, good project, hasder, incorporated","As part of the “Game for Good” project conducted by the Digital Game Design Department at Arkin University of Creative Arts and Design (ARUCAD), an educational visit was held on May 6, 2026, to SOS Children’s Village Nic…"
https://arucad.edu.tr/en/empathy-workshop-held-at-arucad/,https://arucad.edu.tr/en/empathy-workshop-held-at-arucad/,Empathy Workshop Held at ARUCAD,EN,Haber / news,"atölye, workshop, empathy, held, individuals disabilities, empathy workshop, empathy based, kibrit, disabilities, label, disability, günay, barriers, rights, disabled","An “Empathy Workshop” organized by the Disabled Students Support Unit and the Quality Club of Arkın Creative Arts and Design University (ARUCAD) was held with the participation of Günay Kibrit, President of the Turkish C…"
https://arucad.edu.tr/en/emre-celikkols-solo-exhibition-journey-opened-at-arucad-art-space/,https://arucad.edu.tr/en/emre-celikkols-solo-exhibition-journey-opened-at-arucad-art-space/,Emre Çelikkol’s Solo Exhibition “Journey” Opened at ARUCAD Art Space,EN,Haber / news,"sergi, exhibition, emre, çelikkol, solo, journey, opened, art, space, exhibition journey, glass ceramic, art space, separation, bird, symbolizing, celikkols","The solo exhibition  Journey  by Asst. Prof. Dr. Emre Çelikkol, faculty member at the Ceramics Department of Arkin University of Creative Arts and Design (ARUCAD), opened with a cocktail reception on the evening of Tuesd…"
https://arucad.edu.tr/en/esail-director-dr-pascal-bertrand-verdi-delivers-arucad-2024-2025-academic-year-opening-lecture/,https://arucad.edu.tr/en/esail-director-dr-pascal-bertrand-verdi-delivers-arucad-2024-2025-academic-year-opening-lecture/,ESAIL Director Dr. Pascal Bertrand Verdi delivers ARUCAD 2024-2025 Academic Year Opening Lecture,EN,Haber / news,"yönetim, administration, rektörlük, esail, director, pascal, bertrand, verdi, delivers, academic, year, opening, lecture, heritage restoration, pascal bertrand, opening lecture, restoration","The opening of Arkin University of Creative Arts and Design (ARUCAD) 2024-2025 Academic Year began with a speech by ARUCAD Rector, Prof. Dr. Asım Vehbi. The opening lecture was delivered by Dr. Pascal Bertrand, Director …"
https://arucad.edu.tr/en/eser-kececis-suspended-between-exhibition-opening/,https://arucad.edu.tr/en/eser-kececis-suspended-between-exhibition-opening/,Eser Keçeci’s “Suspended Between” Exhibition Opening,EN,Haber / news,"sergi, exhibition, eser, keçeci, suspended, opening, eser keçeci, rooms gallery, art rooms, dreamlike, disappearance, unfolds, rooms, delicate, poetic, kececis","Suspended Between opened with a cocktail reception at Art Rooms Gallery on 10 June, bringing together art lovers for an evening of reflection on memory, space, and time."
https://arucad.edu.tr/en/ess-2025-conference-kicks-off-at-arucad/,https://arucad.edu.tr/en/ess-2025-conference-kicks-off-at-arucad/,E&SS 2025 Conference Kicks Off at ARUCAD,EN,Haber / news,"seminer, konferans, etkinlik, conference, kicks, off, social sciences, both online, online person, economics, researchers, sciences, 13th, papers, karacan, scholars, sociology, ess",Arkin University of Creative Arts and Design (ARUCAD) is hosting academics and researchers from around the world in the field of social sciences. The 13th International Conference on Economics and Social Sciences (E&SS 2…
https://arucad.edu.tr/en/ethical-journalism-in-the-new-world-seminar-held-at-arucad/,https://arucad.edu.tr/en/ethical-journalism-in-the-new-world-seminar-held-at-arucad/,“Ethical Journalism in the New World” Seminar Held at ARUCAD,EN,Haber / news,"seminer, konferans, etkinlik, ARUCAD Journal, dergi, yeni medya, iletişim, journalism, ethical, world, seminar, held, media ethics, ethical journalism, journalism world, akter, aysu, basri, journalists, ethics, fake","Organised by the New Media and Communication Department of Arkın University of Creative Arts and Design (ARUCAD), the seminar titled “Ethical Journalism in the New World” took place on April 9, 2025, at DA CLA02. Hosted …"
https://arucad.edu.tr/en/exam-anxiety-awareness-and-information-workshop-held-at-arucad/,https://arucad.edu.tr/en/exam-anxiety-awareness-and-information-workshop-held-at-arucad/,Exam Anxiety Awareness and Information Workshop Held at ARUCAD,EN,Haber / news,"sınav takvimi, exam schedule, atölye, workshop, exam, anxiety, awareness, information, held, exam anxiety, anxiety awareness, awareness information, coping, cognitive, exams, clinical, psychologist",An “Exam Anxiety Awareness and Information Workshop” was held at Arkin University of Creative Arts and Design (ARUCAD) through the collaboration of the English Preparatory School and the Psychological Counseling and Supp…
https://arucad.edu.tr/en/experimental-hand-dyeing-workshop-held/,https://arucad.edu.tr/en/experimental-hand-dyeing-workshop-held/,Experimental Hand Dyeing Workshop Held,EN,Haber / news,"atölye, workshop, experimental, hand, dyeing, held, material process, facilities coordinator, coordinator tahir, pirgalioğlu, dyed, woven, tahir, fiber, raw","The Department of Textile and Fashion Design at ARUCAD hosted a hands-on workshop titled “Experimental Hand Dyeing: Material, Process, Expression”, offering participants a comprehensive experience that combined technical…"
https://arucad.edu.tr/en/exploring-new-frontiers-in-architecture-xr-technologies-at-arucad/,https://arucad.edu.tr/en/exploring-new-frontiers-in-architecture-xr-technologies-at-arucad/,Exploring New Frontiers in Architecture: XR Technologies at ARUCAD,EN,Haber / news,"mimarlık, architecture, exploring, frontiers, technologies, integration design, lidar scanning, immersive technologies, immersive, scanning, demonstration, lidar, reality, architectural, workflows","The Architecture Department at Arkin University of Creative Arts and Design hosted a workshop titled “Immersive Architecture: XR Technologies in Contemporary Design Practice” on Friday, March 13. Led by architect and des…"
https://arucad.edu.tr/en/famous-actor-cem-yigit-uzumoglu-joined-arucad-for-a-webinar/,https://arucad.edu.tr/en/famous-actor-cem-yigit-uzumoglu-joined-arucad-for-a-webinar/,Famous Actor Cem Yiğit Üzümoğlu Joined ARUCAD for a Webinar,EN,Haber / news,"famous, actor, cem, yiğit, üzümoğlu, joined, webinar, famous actor, actors union, cem yiğit, actors, union, await, acting, yigit, uzumoglu","As part of the Acting Department activities at Arkin University of Creative Arts and Design (ARUCAD), a webinar was held with famous actor and Actors’ Union Executive Board Member Cem Yiğit Üzümoğlu as the guest speaker.…"
https://arucad.edu.tr/en/fashion-photography-workshop-held-at-arucad/,https://arucad.edu.tr/en/fashion-photography-workshop-held-at-arucad/,“Fashion Photography Workshop” Held at ARUCAD,EN,Haber / news,"atölye, workshop, fotoğraf, photography, tekstil ve moda tasarımı, fashion, held, fashion photography, storytelling fashion, futuristic attire, styling, futuristic, attire, coherence, storytelling, concepts, experimenting","Arkin University of Creative Arts and Design (ARUCAD) hosted the “Fashion Photography Workshop” on May 13, 2026, as part of the “Futuristic Attire Event” organised collaboratively by the Departments of Textile and Fashio…"
https://arucad.edu.tr/en/finding-balance-through-breath-event-took-place-at-arucad/,https://arucad.edu.tr/en/finding-balance-through-breath-event-took-place-at-arucad/,“Finding Balance Through Breath” Event Took Place at ARUCAD,EN,Haber / news,"finding, balance, breath, event, took, place, finding balance, balance breath, yoga, unfavorable, jivamukti, soyel, mindful, slow","The “Finding Balance Through Breath   Yoga and Breath Awareness” event organized by Arkın University of Creative Arts and Design (ARUCAD) was held on Friday, 23 January 2026, at the Performance Studio due to unfavorable …"
https://arucad.edu.tr/en/franz-schubert-chamber-music-concert-to-take-place-with-arucad-as-main-sponsor/,https://arucad.edu.tr/en/franz-schubert-chamber-music-concert-to-take-place-with-arucad-as-main-sponsor/,Franz Schubert Chamber Music Concert to Take Place with ARUCAD as Main Sponsor,EN,Haber / news,"konser, müzik etkinliği, müzik, ses sanatları, music, franz, schubert, chamber, concert, take, place, main, sponsor, chamber music, concert take, music lovers, presidential, octet","With the main sponsorship of Arkın University of Creative Arts and Design (ARUCAD), the Presidential Symphony Orchestra of the Turkish Republic of Northern Cyprus will present one of Franz Schubert’s unforgettable chambe…"
https://arucad.edu.tr/en/from-a-small-island-to-silicon-valley-a-journey-through-curiosity-and-change-seminar-with-devrim-varoglu-held-at-arucad/,https://arucad.edu.tr/en/from-a-small-island-to-silicon-valley-a-journey-through-curiosity-and-change-seminar-with-devrim-varoglu-held-at-arucad/,“From a Small Island to Silicon Valley: A Journey Through Curiosity and Change” Seminar with Devrim Varoğlu Held at ARUCAD,EN,Haber / news,"seminer, konferans, etkinlik, small, island, silicon, valley, journey, curiosity, change, seminar, devrim, varoğlu, held, silicon valley, varoğlu shared, apple, varoglu","As part of a seminar organized by the Visual Communication Design Department at Arkın University of Creative Arts and Design (ARUCAD), Turkish Cypriot engineer and technology executive Devrim Varoğlu met with students to…"
https://arucad.edu.tr/en/from-waste-to-aesthetics-a-sustainable-production-initiative-across-campus/,https://arucad.edu.tr/en/from-waste-to-aesthetics-a-sustainable-production-initiative-across-campus/,From Waste to Aesthetics: A Sustainable Production Initiative Across Campus,EN,Haber / news,"sürdürülebilirlik, SDG, kampüs, campus life, seramik, cam, ceramics, glass, waste, aesthetics, sustainable, production, initiative, across, campus, waste aesthetics, aesthetics project, sustainable production, baskets, reuse, textile, remnants","As part of the From Waste to Aesthetics project developed by students working within the Sustainability Office at Arkin University of Creative Arts and Design (ARUCAD), a sustainability-oriented initiative was implemente…"
https://arucad.edu.tr/en/fusun-aroglu-shared-her-journey-in-womens-entrepreneurship/,https://arucad.edu.tr/en/fusun-aroglu-shared-her-journey-in-womens-entrepreneurship/,Füsun Aroğlu Shared Her Journey in Women’s Entrepreneurship,EN,Haber / news,"füsun, aroğlu, shared, journey, women, entrepreneurship, strong relationships, women entrepreneurship, entrepreneurship only, business, determination, relationships, paths, businesswoman, fusun, aroglu, womens","At Arkin University of Creative Arts and Design, a seminar titled “Women’s Entrepreneurship in Cyprus” was held on April 6, 2026, bringing together businesswoman Füsun Aroğlu and students. During the event, Aroğlu addres…"
https://arucad.edu.tr/en/game-industry-professional-discusses-ai-and-creative-production/,https://arucad.edu.tr/en/game-industry-professional-discusses-ai-and-creative-production/,Game Industry Professional Discusses AI and Creative Production,EN,Haber / news,"dijital oyun tasarımı, game design, yapay zeka, AI, game, industry, professional, discusses, creative, production, flamy fish, fish studio, osman onat, flamy, alicik, fish, gaming, intelligence","A seminar titled “Insight Talks from a Game Designer in Cyprus – Flamy Fish Studio” was held on April 27 at Arkin University of Creative Arts and Design. Focusing on game development, the event explored current transform…"
https://arucad.edu.tr/en/gender-equality-seminar-held/,https://arucad.edu.tr/en/gender-equality-seminar-held/,Gender Equality Seminar Held,EN,Haber / news,"seminer, konferans, etkinlik, kalite, quality, gender, equality, seminar, held, gender equality, equality seminar, human rights, domestic, rights, politician, activist, prevention, democracy, lawyer","The “Gender Equality” seminar was held at ARUCAD. The seminar addressed the concept of gender equality within the frameworks of law, human rights, democracy, and local governance."
https://arucad.edu.tr/en/glass-and-ceramics-training-for-ataturk-vocational-high-school-teachers-at-arucad-workshops/,https://arucad.edu.tr/en/glass-and-ceramics-training-for-ataturk-vocational-high-school-teachers-at-arucad-workshops/,Glass and Ceramics Training for Atatürk Vocational High School Teachers at ARUCAD Workshops,EN,Haber / news,"atölye, workshop, meslek yüksekokulu, önlisans, vocational, lise öğrencileri, high school, seramik, cam, ceramics, glass, training, atatürk, high, school, teachers, workshops, atatürk vocational, vocational high, glass ceramics, respective, hands, ataturk","Arkın University of Creative Arts and Design (ARUCAD) organized a training program on glass and ceramics for branch teachers from Atatürk Vocational High School. Held in ARUCAD’s workshops, which offer creative and hands…"
https://arucad.edu.tr/en/glass-workshop-held-at-arucad/,https://arucad.edu.tr/en/glass-workshop-held-at-arucad/,Glass Workshop Held At ARUCAD,EN,Haber / news,"atölye, workshop, seramik, cam, ceramics, glass, held, glass workshop, bahtiyar, mete, karataş, possibilities, medium, instructor, experimental, plastic, valuable, expression",The “Glass Workshop” organized by the Plastic Arts Department was held with the participation of ARUCAD Glass Instructor Mete Bahtiyar Karataş.
https://arucad.edu.tr/en/grab-your-coffee-lets-get-to-know-each-other-event-took-place/,https://arucad.edu.tr/en/grab-your-coffee-lets-get-to-know-each-other-event-took-place/,"Grab Your Coffee, Let’s Get to Know Each Other! Event Took Place",EN,Haber / news,"ücret, tuition fees, grab, coffee, let, get, know, event, took, place, grab coffee, coffee let, let get, counselling, advising, clinical, lets","The ARUCAD Psychological Counselling and Advising Centre organised the “Grab Your Coffee, Let’s Get to Know Each Other!” event in collaboration with Clinical Psychologist Simge Koçar. The event provided a supportive and …"
https://arucad.edu.tr/en/group-exhibition-soil-water-mediterranean-crossing-rethinking-soil-and-water-as-ecological-cultural-and-political-actors-opens-at-art-rooms-gallery/,https://arucad.edu.tr/en/group-exhibition-soil-water-mediterranean-crossing-rethinking-soil-and-water-as-ecological-cultural-and-political-actors-opens-at-art-rooms-gallery/,"Group Exhibition “Soil & Water: Mediterranean Crossing,” Rethinking Soil and Water as Ecological, Cultural, and Political Actors, Opens at Art Rooms Gallery",EN,Haber / news,"sergi, exhibition, group, soil, water, mediterranean, crossing, rethinking, ecological, cultural, political, actors, opens, art, rooms, gallery, soil water, water mediterranean, mediterranean crossing","The new group exhibition “Soil & Water: Mediterranean Crossing” has opened to visitors at Art Rooms, a contemporary art gallery located in Kyrenia. Curated by Başak Şenova, the exhibition brings together international ar…"
https://arucad.edu.tr/en/halloween-spirit-at-arucad-trick-or-art/,https://arucad.edu.tr/en/halloween-spirit-at-arucad-trick-or-art/,Halloween Spirit at ARUCAD: Trick or Art,EN,Haber / news,"halloween, spirit, trick, art, trick art, party, osen, rap, enjoyable, minute, campus, surprise, themed, magic","On Friday, October 31, Arkin University of Creative Arts and Design (ARUCAD) celebrated Halloween with a special campus party themed “Trick or Art.” Bringing together art, music, and performance, the event reflected the …"
https://arucad.edu.tr/en/head-of-textile-and-fashion-design-at-arucad-assoc-prof-dr-elham-etemadi-participated-in-international-workshop/,https://arucad.edu.tr/en/head-of-textile-and-fashion-design-at-arucad-assoc-prof-dr-elham-etemadi-participated-in-international-workshop/,"Head of Textile and Fashion Design at ARUCAD, Assoc. Prof. Dr. Elham Etemadi Participated in International Workshop",EN,Haber / news,"uluslararası, erasmus, international, atölye, workshop, tekstil ve moda tasarımı, fashion, head, textile, design, assoc, elham, etemadi, participated, international workshop, presented paper, assoc elham, western","Head of Textile and Fashion Design at ARUCAD, Assoc. Prof. Dr. Elham Etemadi Presented a Paper at an International Workshop on AI and Art History Assoc. Prof. Dr. Elham Etemadi, Head of Textile and Fashion Design at Arki…"
https://arucad.edu.tr/en/healing-bowls-dedicated-to-dr-fazil-kucuk-the-remedy-of-a-society-seminar-held-at-arucad/,https://arucad.edu.tr/en/healing-bowls-dedicated-to-dr-fazil-kucuk-the-remedy-of-a-society-seminar-held-at-arucad/,"“Healing Bowls Dedicated to Dr. Fazıl Küçük, the Remedy of a Society” Seminar Held at ARUCAD",EN,Haber / news,"seminer, konferans, etkinlik, healing, bowls, dedicated, fazıl, küçük, remedy, society, seminar, held, fazıl küçük, healing bowls, art medicine, medicine, oxytocin, fazil, kucuk","Arkin University of Creative Arts and Design (ARUCAD) hosted a meaningful seminar that brought together art and medicine. The seminar, titled  ""Healing Bowls Dedicated to Dr. Fazıl Küçük, the Remedy of a Society,""  took …"
https://arucad.edu.tr/en/how-drumming-shapes-culture-session-held-at-arucad/,https://arucad.edu.tr/en/how-drumming-shapes-culture-session-held-at-arucad/,“How Drumming Shapes Culture” Session Held at ARUCAD,EN,Haber / news,"drumming, shapes, culture, session, held, drumming shapes, shapes culture, rhythm, adams, rhythmic, spans, musical, gabriel, sin","Gabriel Adams met with students at ARUCAD for the session titled  “How Drumming Shapes Culture,”  held on 16 December 2025 at BA SIN 01. Drawing on a journey that spans African rhythmic traditions and contemporary music …"
https://arucad.edu.tr/en/in-situ-26-sound-arts-and-design-community-showcase/,https://arucad.edu.tr/en/in-situ-26-sound-arts-and-design-community-showcase/,In Situ 26: Sound Arts and Design Community Showcase,EN,Haber / news,"müzik, ses sanatları, music, situ, sound, arts, design, community, showcase, community showcase, design community, sound arts, unwind, annual, town, celebration, celebrate","The first edition of In Situ, the annual Sound Arts and Design Community Showcase, took place on April 9 at Bandabuliya Stage, bringing together students from ARUCAD’s Sound Arts and Design Department."
https://arucad.edu.tr/en/inclusive-education-focused-conference-by-the-arucad-english-preparatory-school/,https://arucad.edu.tr/en/inclusive-education-focused-conference-by-the-arucad-english-preparatory-school/,Inclusive Education–Focused Conference by the ARUCAD English Preparatory School,EN,Haber / news,"seminer, konferans, etkinlik, İngilizce hazırlık, preparatory school, inclusive, education, focused, conference, english, preparatory, school, language education, organized english, heard, mclaughlin, educators, learner","The conference titled “Every Voice Matters: Creativity, Compassion, and Trust in Inclusive English Language Education,” organized by the English Preparatory School of Arkın University of Creative Arts and Design (ARUCAD)…"
https://arucad.edu.tr/en/inner-talks-exhibition-opens-at-art-rooms/,https://arucad.edu.tr/en/inner-talks-exhibition-opens-at-art-rooms/,“INNER TALKS” Exhibition Opens at ART ROOMS,EN,Haber / news,"sergi, exhibition, seminer, konferans, etkinlik, inner, talks, opens, art, rooms, inner talks, need protection, childhood adulthood, doğruyol, childhood, protection, adulthood, striped","Artist Deniz Doğruyol’s solo exhibition “INNER TALKS”, which explores the relationship between childhood, adulthood, transformation and the need for protection, opened to art enthusiasts at ART ROOMS Gallery in Girne on …"
https://arucad.edu.tr/en/interdisciplinary-performance-dynamics-seminar-held-at-arucad/,https://arucad.edu.tr/en/interdisciplinary-performance-dynamics-seminar-held-at-arucad/,“Interdisciplinary Performance Dynamics” Seminar Held at ARUCAD,EN,Haber / news,"seminer, konferans, etkinlik, interdisciplinary, performance, dynamics, seminar, held, çağıl kaya, tamer temel, interdisciplinary performance, interdisciplinarity, çağıl, tamer, kaya, genre, genres","Arkin University of Creative Arts and Design (ARUCAD) hosted the seminar “Interdisciplinary Performance Dynamics,” focusing on interdisciplinary production practices in the performing arts. The seminar featured interdisc…"
https://arucad.edu.tr/en/interdisciplinary-production-practices-in-performing-arts-webinar-held-at-arucad/,https://arucad.edu.tr/en/interdisciplinary-production-practices-in-performing-arts-webinar-held-at-arucad/,“Interdisciplinary Production Practices in Performing Arts” Webinar Held at ARUCAD,EN,Haber / news,"interdisciplinary, production, practices, performing, arts, webinar, held, practices performing, interdisciplinary production, production practices, türe, text, zinnure, aramızdaki","The Department of Acting at ARUCAD held a webinar featuring actor, director, and writer Zinnure Türe as part of the Experience Sharing course seminar series. Titled “Interdisciplinary Production Practices in Performing A…"
https://arucad.edu.tr/en/lotr-my-precious-interdisciplinary-student-exhibition/,https://arucad.edu.tr/en/lotr-my-precious-interdisciplinary-student-exhibition/,“LOTR: My Precious” Interdisciplinary Student Exhibition,EN,Haber / news,"sergi, exhibition, lotr, precious, interdisciplinary, student, interdisciplinary creative, creative practice, research based, lord, rings, fellowship, alice, outcomes, ring","On 26 June 2026, the ARUCAD Faculty of Arts presented the interdisciplinary student exhibition titled ""LOTR: My Precious"" at the Art Gallery in The Kiss Building on the Main Campus."
https://arucad.edu.tr/en/mail-art-workshop-held-at-arucad/,https://arucad.edu.tr/en/mail-art-workshop-held-at-arucad/,Mail Art Workshop Held At ARUCAD,EN,Haber / news,"atölye, workshop, mail, art, held, mail art, genco gülan, artist genco, gülan, circulating, genco, interaction, worked, planned, shareable","The two-day Mail Art workshop, held at Arkın University of Creative Arts and Design (ARUCAD) on April 20-21, 2026, with the participation of artist Genco Gülan and under the guidance of Assoc. Prof. Dr. Pervin Kurçeren, …"
https://arucad.edu.tr/en/media-and-the-limits-of-freedom-of-expression-seminar-held-at-arucad/,https://arucad.edu.tr/en/media-and-the-limits-of-freedom-of-expression-seminar-held-at-arucad/,“Media and the Limits of Freedom of Expression” Seminar Held at ARUCAD,EN,Haber / news,"seminer, konferans, etkinlik, media, limits, freedom, expression, seminar, held, freedom expression, media limits, limits freedom, rights, atlı, mine, protects, disturbing","Organized by the Visual Communication Design Department of Arkın University of Creative Arts and Design (ARUCAD), the seminar titled “Media and the Limits of Freedom of Expression” was held on April 10, 2025, at the Conf…"
https://arucad.edu.tr/en/mehmet-yasin-spoke-at-arucad-on-poetry-philosophy-and-encounters/,https://arucad.edu.tr/en/mehmet-yasin-spoke-at-arucad-on-poetry-philosophy-and-encounters/,"Mehmet Yaşın Spoke at ARUCAD on Poetry, Philosophy, and Encounters",EN,Haber / news,"mehmet, yaşın, spoke, poetry, philosophy, encounters, mehmet yaşın, sappho rumi, philosophical thought, sappho, prose, poetic, rumi, literary, yasin","Arkin University of Creative Arts and Design (ARUCAD) hosted poet and writer Mehmet Yaşın at an event held on Tuesday evening, May 5, at 6:30 PM at the Bandabuliya Campus. Moderated by Assistant Professor Dr. Hakan Karah…"
https://arucad.edu.tr/en/mehves-beyidoglus-see-through-exhibition-opened-at-art-rooms-gallery/,https://arucad.edu.tr/en/mehves-beyidoglus-see-through-exhibition-opened-at-art-rooms-gallery/,Mehveş Beyidoğlu’s “See Through” Exhibition Opened at Art Rooms Gallery,EN,Haber / news,"sergi, exhibition, mehveş, beyidoğlu, see, opened, art, rooms, gallery, rooms gallery, mehveş beyidoğlu, art rooms, paint, stains, traces, mehves, beyidoglus","The ""See Through"" solo exhibition by Mehveş Beyidoğlu, one of the first graduates of Arkın University of Creative Arts and Design (ARUCAD), was unveiled with an opening cocktail at Art Rooms Gallery."
https://arucad.edu.tr/en/melissa-ugolini-joined-arucads-online-seminar-titled-interdisciplinary-collaboration/,https://arucad.edu.tr/en/melissa-ugolini-joined-arucads-online-seminar-titled-interdisciplinary-collaboration/,Melissa Ugolini Joined ARUCAD’s Online Seminar Titled “Interdisciplinary Collaboration”,EN,Haber / news,"seminer, konferans, etkinlik, laboratuvar, lab, melissa, ugolini, joined, online, seminar, titled, interdisciplinary, collaboration, interdisciplinary collaboration, online seminar, melissa ugolini, sustained, informs, expands, arucads","As part of the Department of Modern Dance at Arkin University of Creative Arts and Design (ARUCAD), international dancer, choreographer, and rehearsal director Melissa Ugolini was hosted as the guest of an online seminar…"
https://arucad.edu.tr/en/meryem-ozkurt-delivers-media-in-the-post-truth-era-seminar-at-arucad/,https://arucad.edu.tr/en/meryem-ozkurt-delivers-media-in-the-post-truth-era-seminar-at-arucad/,Meryem Özkurt Delivers “Media in the Post-Truth Era” Seminar at ARUCAD,EN,Haber / news,"seminer, konferans, etkinlik, meryem, özkurt, delivers, media, post, truth, era, seminar, truth era, özkurt shared, post truth, bayrak, brtk, radio, ozkurt","The seminar titled“Media in the Post-Truth Era”organized by the New Media and Communication Department of Arkın University of Creative Arts and Design (ARUCAD), was held on April 30, 2025, in room DA CLA02. The guest spe…"
https://arucad.edu.tr/en/methodologies-and-practices-in-composition-based-sound-webinar-held-at-arucad/,https://arucad.edu.tr/en/methodologies-and-practices-in-composition-based-sound-webinar-held-at-arucad/,“Methodologies and Practices in Composition-Based Sound” Webinar Held at ARUCAD,EN,Haber / news,"müzik, ses sanatları, music, methodologies, practices, composition, based, sound, webinar, held, composition based, based sound, sound production, erkmen, side, sounds, structural","The “Methodologies and Practices in Composition-Based Sound” webinar, organized by the Department of Sound Arts and Design at Arkin University of Creative Arts and Design (ARUCAD), was held with the participation of musi…"
https://arucad.edu.tr/en/mike-bergs-innocent-of-theory-exhibition-at-art-rooms/,https://arucad.edu.tr/en/mike-bergs-innocent-of-theory-exhibition-at-art-rooms/,Mike Berg’s “Innocent of Theory” Exhibition at Art Rooms,EN,Haber / news,"sergi, exhibition, mike, berg, innocent, theory, art, rooms, innocent theory, mike berg, art rooms, complexity, spent, openness, ambiguity, bergs","The exhibition titled “Innocent of Theory” by Mike Berg, organized by Art Rooms Gallery in collaboration with Arkın University of Creative Arts and Design (ARUCAD), met with art audiences at an opening cocktail held on F…"
https://arucad.edu.tr/en/mine-atli-addressed-human-trafficking-at-arucad/,https://arucad.edu.tr/en/mine-atli-addressed-human-trafficking-at-arucad/,Mine Atlı Addressed Human Trafficking at ARUCAD,EN,Haber / news,"mine, atlı, addressed, human, trafficking, human trafficking, inclusion office, equity inclusion, security, equity, inclusion, conference, advocate, victims, atli","The first event organized by Arkın University of Creative Arts and Design (ARUCAD) Diversity, Equity and Inclusion Office took place on Wednesday, 5 November 2025, featuring Mine Atlı, a Turkish Cypriot politician, lawye…"
https://arucad.edu.tr/en/modern-dance-workshop-with-salvatore-cataldo-held-at-arucad/,https://arucad.edu.tr/en/modern-dance-workshop-with-salvatore-cataldo-held-at-arucad/,Modern Dance Workshop with Salvatore Cataldo Held at ARUCAD,EN,Haber / news,"atölye, workshop, dans, dance, modern, salvatore, cataldo, held, modern dance, dance workshop, salvatore cataldo, coach, spe03, sharing, east, builds","The “Modern Dance Workshop: Independent Career Pathways” was held at ARUCAD on Friday, 21 November 2025, in BA SPE03. Dancer, actor, and movement coach Salvatore Cataldo met with students as part of the Sharing Experienc…"
https://arucad.edu.tr/en/moodboard-development-for-arucad-fyve-active-sportswear-design-competition-workshop-was-held/,https://arucad.edu.tr/en/moodboard-development-for-arucad-fyve-active-sportswear-design-competition-workshop-was-held/,“Moodboard Development for ARUCAD FYVE Active Sportswear Design Competition” Workshop Was Held,EN,Haber / news,"spor, sports, atölye, workshop, yarışma, competition, moodboard, development, fyve, active, sportswear, design, held, sportswear design, active sportswear, fyve active, moodboards, directions","Organized by the Textile and Fashion Design Department, this workshop focused on the development of moodboards as a key step in the sportswear design process. Through visual storytelling, material exploration, and concep…"
https://arucad.edu.tr/en/mustafa-batibenizs-new-exhibition-post-colonial-humanoids-at-arucad-art-space/,https://arucad.edu.tr/en/mustafa-batibenizs-new-exhibition-post-colonial-humanoids-at-arucad-art-space/,Mustafa Batıbeniz’s New Exhibition “Post-Colonial Humaoids” at ARUCAD Art Space,EN,Haber / news,"sergi, exhibition, mustafa, batıbeniz, post, colonial, humaoids, art, space, post colonial, colonial humanoids, exhibition post, humanoids, humanoid, beings, batibenizs","The new exhibition Post-Colonial Humanoids by interdisciplinary artist Mustafa Batıbeniz has opened at ARUCAD Art Space in Nicosia. Drawing on Cyprus’s post-colonial memory, the exhibition brings together humanoid beings…"
https://arucad.edu.tr/en/new-years-gala-by-the-arucad-faculty-of-music-and-performing-arts/,https://arucad.edu.tr/en/new-years-gala-by-the-arucad-faculty-of-music-and-performing-arts/,New Year’s Gala by the ARUCAD Faculty of Music and Performing Arts,EN,Haber / news,"müzik, ses sanatları, music, year, gala, faculty, performing, arts, year gala, ins doğa, ins ataman, ins, uluçlar, supervision, performances, kınış, years","The New Year’s Gala, prepared by the Faculty of Music and Performing Arts of Arkın University of Creative Arts and Design (ARUCAD) together with its students, was held on Thursday, December 25, 2025, at Bandabuliya Stage…"
https://arucad.edu.tr/en/news-photography-seminar-with-ugur-kaptanoglu-held-at-arucad/,https://arucad.edu.tr/en/news-photography-seminar-with-ugur-kaptanoglu-held-at-arucad/,“News Photography” Seminar with Uğur Kaptanoğlu Held at ARUCAD,EN,Haber / news,"seminer, konferans, etkinlik, fotoğraf, photography, news, seminar, uğur, kaptanoğlu, held, news photography, uğur kaptanoğlu, reporters, coverage, deceased, respecting, unauthorized, unethical, ugur, kaptanoglu","Organized by the Department of New Media and Communication at Arkın University of Creative Arts and Design (ARUCAD), the seminar welcomed journalist and visual communication specialist Uğur Kaptanoğlu as guest speaker. H…"
https://arucad.edu.tr/en/occupational-safety-and-health-awareness-trainings-held-at-arucad/,https://arucad.edu.tr/en/occupational-safety-and-health-awareness-trainings-held-at-arucad/,Occupational Safety and Health Awareness Trainings Held at ARUCAD,EN,Haber / news,"occupational, safety, health, awareness, trainings, held, occupational safety, safety health, awareness trainings, workplace, accidents, osh, emir, taşçıoğlu",Arkin University of Creative Arts and Design (ARUCAD) successfully held Basic Occupational Safety and Health (OSH) Awareness Trainings to raise awareness in the field of workplace safety. The trainings took place on Marc…
https://arucad.edu.tr/en/onur-hamilton-karaoglu-spoke-on-dystopian-utopia-at-arucad/,https://arucad.edu.tr/en/onur-hamilton-karaoglu-spoke-on-dystopian-utopia-at-arucad/,Onur Hamilton Karaoğlu Spoke on “Dystopian Utopia” at ARUCAD,EN,Haber / news,"onur, hamilton, karaoğlu, spoke, dystopian, utopia, dystopian utopia, onur hamilton, hamilton karaoğlu, structuring, webinar, backbone, performance, narratives, karaoglu","The Acting Department at Arkin University of Creative Arts and Design hosted a webinar titled “Dystopian Utopia” on Thursday, April 2, 2026. Theatre actor and performance artist Onur Hamilton Karaoğlu joined as the speak…"
https://arucad.edu.tr/en/pathways-to-a-global-design-career-session-held-at-arucad/,https://arucad.edu.tr/en/pathways-to-a-global-design-career-session-held-at-arucad/,“Pathways to a Global Design Career” Session Held at ARUCAD,EN,Haber / news,"kariyer, mezunlar, career, alumni, pathways, global, design, session, held, global design, domus academy, fashion design, milan, domus, academy, fashion, uluşan","Arkin University of Creative Arts and Design (ARUCAD) Department of Textile and Fashion Design hosted the international opportunities session “Pathways to a Global Design Career” on May 20, 2026."
https://arucad.edu.tr/en/pattern-literacy-read-cut-sew-unisex-vest-production/,https://arucad.edu.tr/en/pattern-literacy-read-cut-sew-unisex-vest-production/,"Pattern Literacy: Read, Cut, Sew – Unisex Vest Production",EN,Haber / news,"pattern, literacy, cut, sew, unisex, vest, production, pattern literacy, body form, unisex vest, patterns, boğa, cutting, sewing","Organized by the Arkın University of Creative Arts and Design (ARUCAD) Department of Textile and Fashion Design, the workshop titled “Pattern Literacy: Read, Cut, Sew – Unisex Vest Production” was held as a practice-base…"
https://arucad.edu.tr/en/performances-addressing-social-issues-took-place-at-bandabuliya-stage/,https://arucad.edu.tr/en/performances-addressing-social-issues-took-place-at-bandabuliya-stage/,Performances Addressing Social Issues Took Place at Bandabuliya Stage,EN,Haber / news,"performances, addressing, social, issues, took, place, bandabuliya, stage, climate crisis, organized diversity, language performance, hunger, violence, crisis","Performances organized by the Diversity, Equity and Inclusion Office and the Sustainability Office of Arkın University of Creative Arts and Design (ARUCAD) were presented by students of the Faculty of Music and Performin…"
https://arucad.edu.tr/en/photography-department-showcased-spring-semester-works-in-frames-of-spring-exhibition/,https://arucad.edu.tr/en/photography-department-showcased-spring-semester-works-in-frames-of-spring-exhibition/,Photography Department Showcased Spring Semester Works in “Frames of Spring” Exhibition,EN,Haber / news,"sergi, exhibition, fotoğraf, photography, department, showcased, spring, semester, works, frames, frames spring, experiments, revealed, macro, hilarion, hidden",Frames of Spring came to life with the creative energy of our Photography students.
https://arucad.edu.tr/en/practical-archaeology-training-held-on-arucad-campus/,https://arucad.edu.tr/en/practical-archaeology-training-held-on-arucad-campus/,Practical Archaeology Training Held on ARUCAD Campus,EN,Haber / news,"kampüs, campus life, seramik, cam, ceramics, glass, practical, archaeology, training, held, campus, archaeological, setup, practiced, excavation, measuring, dry, exercise, helping, fieldwork","As part of the ARHA 102 – Methods and Theories in Archaeology course at Arkin University of Creative Arts and Design (ARUCAD), a practical training session was conducted on campus."
https://arucad.edu.tr/en/president-of-nicosia-badminton-club-denerels-visit-to-arucad-rector-vehbi-in-appreciation/,https://arucad.edu.tr/en/president-of-nicosia-badminton-club-denerels-visit-to-arucad-rector-vehbi-in-appreciation/,President of Nicosia Badminton Club Denerel’s Visit to ARUCAD Rector Vehbi in Appreciation,EN,Haber / news,"öğrenci kulüpleri, student clubs, yönetim, administration, rektörlük, president, nicosia, badminton, club, denerel, visit, rector, vehbi, appreciation, president nicosia, nicosia badminton, badminton club, özdal, nevzad, denerels","President of Nicosia Badminton Club, Assoc. Prof. Dr. Nevzad Denerel, visited Arkın University of Creative Arts and Design (ARUCAD) Rector, Prof. Dr. Asım Vehbi, to express gratitude for the university’s support in the r…"
https://arucad.edu.tr/en/printing-wonders-workshop-held-at-arucad/,https://arucad.edu.tr/en/printing-wonders-workshop-held-at-arucad/,“Printing Wonders Workshop” Held at ARUCAD,EN,Haber / news,"atölye, workshop, printing, wonders, held, printing wonders, wonders workshop, print, typographic, akbaytogan, korhan, typography, printmaking, engaged, experimentation","The “Printing Wonders Workshop,” conducted by Sen. Ins. Korhan Akbaytogan, was held as part of the Visual Communication Design program at Arkin University of Creative Arts and Design (ARUCAD).  Bringing together fundamen…"
https://arucad.edu.tr/en/prof-aydin-teker-led-a-series-of-workshops-at-arucad/,https://arucad.edu.tr/en/prof-aydin-teker-led-a-series-of-workshops-at-arucad/,Prof. Aydın Teker Led a Series of Workshops at ARUCAD,EN,Haber / news,"atölye, workshop, aydın, teker, led, series, workshops, aydın teker, series workshops, contemporary dance, body, redefined, dance, sculpting, space, enabled, aydin","The Contemporary Dance Department at Arkin University of Creative Arts and Design hosted a series of workshops titled “Sculpting Space Through Body,” led by one of the prominent figures in contemporary dance, Prof. Aydın…"
https://arucad.edu.tr/en/prof-dr-kerem-karaboga-shared-his-theatre-journey-and-understanding-of-mastery-at-the-masters-talk-about-their-masters-conversation/,https://arucad.edu.tr/en/prof-dr-kerem-karaboga-shared-his-theatre-journey-and-understanding-of-mastery-at-the-masters-talk-about-their-masters-conversation/,Prof. Dr. Kerem Karaboğa Shared His Theatre Journey and Understanding of Mastery at the “Masters Talk About Their Masters” Conversation,EN,Haber / news,"seminer, konferans, etkinlik, tiyatro, theatre, lisansüstü, yüksek lisans, graduate studies, kerem, karaboğa, shared, journey, understanding, mastery, masters, talk, conversation, 20th episode, episode masters, artistic career, gürün, karaboga","Prof. Dr. Kerem Karaboğa, Dean of the Faculty of Music and Performing Arts at Arkin University of Creative Arts and Design (ARUCAD), was a guest on the 20th episode of the “Masters Talk About Their Masters” conversation …"
https://arucad.edu.tr/en/prof-dr-latife-summerer-presented-on-the-archaeology-of-kyrenia-at-arucad/,https://arucad.edu.tr/en/prof-dr-latife-summerer-presented-on-the-archaeology-of-kyrenia-at-arucad/,Prof. Dr. Latife Summerer Presented on the Archaeology of Kyrenia at ARUCAD,EN,Haber / news,"latife, summerer, presented, archaeology, kyrenia, archaeology kyrenia, archaeological research, latife summerer, archaeological, interpreting, piecing, uncovering, layered, data","At Arkin University of Creative Arts and Design, a webinar titled “Girne Beneath The Surface: Piecing Together The Archaeology Of Kyrenia” was held on Thursday, April 2, 2026. Prof. Dr. Latife Summerer joined students at…"
https://arucad.edu.tr/en/prof-dr-nur-sozen-introduced-design-with-nature-at-arucad/,https://arucad.edu.tr/en/prof-dr-nur-sozen-introduced-design-with-nature-at-arucad/,Prof. Dr. Nur Sözen Introduced “Design with Nature” at ARUCAD,EN,Haber / news,"nur, sözen, introduced, design, nature, design nature, nature based, ecological design, ecological, ian, cla05, mcharg, systemic, webinar, sozen","At Arkin University of Creative Arts and Design, a webinar titled “Design with Nature” was held on Tuesday, March 31, 2026, with Prof. Dr. Nur Sözen joining students via live online connection. Held at TK CLA05, the sess…"
https://arucad.edu.tr/en/prof-tugce-ulugun-tuna-discussed-the-relationship-between-body-and-space-at-an-arucad-acting-department-webinar/,https://arucad.edu.tr/en/prof-tugce-ulugun-tuna-discussed-the-relationship-between-body-and-space-at-an-arucad-acting-department-webinar/,Prof. Tuğçe Ulugün Tuna Discussed the Relationship Between Body and Space at an ARUCAD Acting Department Webinar,EN,Haber / news,"tuğçe, ulugün, tuna, discussed, relationship, body, space, acting, department, webinar, hidden subject, tuğçe ulugün, ulugün tuna, hidden, tugce, ulugun","Arkin University of Creative Arts and Design (ARUCAD) Acting Department hosted a webinar titled “On Body and Space”, bringing together students with Prof. Tuğçe Ulugün Tuna—an award-winning choreographer, contemporary da…"
https://arucad.edu.tr/en/protocol-signed-between-european-university-of-lefke-and-arkin-university-of-creative-arts-and-design/,https://arucad.edu.tr/en/protocol-signed-between-european-university-of-lefke-and-arkin-university-of-creative-arts-and-design/,Protocol Signed Between European University of Lefke and Arkin University of Creative Arts and Design,EN,Haber / news,"protokol, iş birliği, cooperation, protocol, signed, european, lefke, creative, arts, design, joint work, protocol would, ali yükselen, eul, yükselen, possessed, would","A protocol was signed between European University of Lefke (EUL) and Arkin University of Creative Arts and Design (ARUCAD) with the aim of strengthening academic cooperation. The signing ceremony, held at European Univer…"
https://arucad.edu.tr/en/public-broadcasting-seminar-with-halil-davulcu-held-at-arucad/,https://arucad.edu.tr/en/public-broadcasting-seminar-with-halil-davulcu-held-at-arucad/,Public Broadcasting Seminar with Halil Davulcu Held at ARUCAD,EN,Haber / news,"seminer, konferans, etkinlik, public, broadcasting, seminar, halil, davulcu, held, public broadcasting, broadcasting seminar, halil davulcu, host, producer, maintain, guests, accident","As part of a seminar organized by the Department of New Media and Communication at Arkın University of Creative Arts and Design (ARUCAD), experienced TV producer and director Halil Davulcu met with students to engage in …"
https://arucad.edu.tr/en/quo-vadis-technology-and-semiotics-colloquium-held-at-the-conference-hall/,https://arucad.edu.tr/en/quo-vadis-technology-and-semiotics-colloquium-held-at-the-conference-hall/,Quo Vadis? Technology and Semiotics Colloquium Held at the Conference Hall,EN,Haber / news,"seminer, konferans, etkinlik, quo, vadis, technology, semiotics, colloquium, held, conference, hall, meaning making, vadis technology, technology semiotics, sign, woke, apocalyptic","Quo Vadis? Technology and Semiotics, a semiotics graduate course colloquium took place on 15th of June 2026 at 17:30 at the Conference Hall. The colloquium featured five presentations by graduate students currently enrol…"
https://arucad.edu.tr/en/reconsidering-turkish-theatre-in-the-republics-centenary-edited-by-prof-dr-kerem-karaboga-dean-of-the-faculty-of-music-and-performing-arts-at-arucad-has-been-published/,https://arucad.edu.tr/en/reconsidering-turkish-theatre-in-the-republics-centenary-edited-by-prof-dr-kerem-karaboga-dean-of-the-faculty-of-music-and-performing-arts-at-arucad-has-been-published/,"“(Re)considering Turkish Theatre in the Republic’s Centenary,” Edited by Prof. Dr. Kerem Karaboğa, Dean of the Faculty of Music and Performing Arts at ARUCAD, Has Been Published",EN,Haber / news,"tiyatro, theatre, müzik, ses sanatları, music, considering, turkish, republic, centenary, edited, kerem, karaboğa, dean, faculty, performing, arts, published, turkish theatre, centenary edited, edited kerem, reconsidering, republics, karaboga","""(Re)considering Turkish Theatre in the Republic’s Centenary,"" edited and prefaced by Prof. Dr. Kerem Karaboğa, Dean of the Faculty of Music and Performing Arts at Arkın University of Creative Arts and Design (ARUCAD), h…"
https://arucad.edu.tr/en/roots-and-routes-exhibition-by-arucad-graduates-at-art-rooms/,https://arucad.edu.tr/en/roots-and-routes-exhibition-by-arucad-graduates-at-art-rooms/,“Roots and Routes” Exhibition by ARUCAD Graduates at Art Rooms,EN,Haber / news,"sergi, exhibition, lisansüstü, yüksek lisans, graduate studies, roots, routes, graduates, art, rooms, graduation shows, rooms gallery, roots routes, buse, çeft, shows, gallery, missed","The  “Roots and Routes”  selection, featuring works by graduates of the Arkin University of Creative Arts and Design (ARUCAD) Department of Plastic Arts, was presented to art enthusiasts with an opening cocktail held at …"
https://arucad.edu.tr/en/saint-hilarion-through-the-lens-photography-workshop-and-field-trip-held-at-arucad/,https://arucad.edu.tr/en/saint-hilarion-through-the-lens-photography-workshop-and-field-trip-held-at-arucad/,“Saint Hilarion Through the Lens” Photography Workshop and Field Trip Held at ARUCAD,EN,Haber / news,"atölye, workshop, fotoğraf, photography, saint, hilarion, lens, field, trip, held, saint hilarion, hilarion lens, workshop field, photographic, observation, natural","Arkin University of Creative Arts and Design (ARUCAD) Department of Photography organised the photography workshop and field trip “Saint Hilarion Through the Lens” on May 20, 2026."
https://arucad.edu.tr/en/scaling-a-creative-agency-seminar-held-at-arucad/,https://arucad.edu.tr/en/scaling-a-creative-agency-seminar-held-at-arucad/,“Scaling a Creative Agency” Seminar Held at ARUCAD,EN,Haber / news,"seminer, konferans, etkinlik, scaling, creative, agency, seminar, held, creative agency, scaling creative, seminar held, demirkent, client, yasar, redesign, resonates, navigating","Arkın University of Creative Arts and Design (ARUCAD) hosted a special seminar as part of the COMM204 – Innovative Approaches in Communication course, led by Asst. Prof. Dr. Huri Yontucu. The seminar, held on April 24, 2…"
https://arucad.edu.tr/en/seeds-of-innovation-seminar-and-workshop-held-at-arucad-with-tobia-repossi/,https://arucad.edu.tr/en/seeds-of-innovation-seminar-and-workshop-held-at-arucad-with-tobia-repossi/,“Seeds of Innovation” Seminar and Workshop Held at ARUCAD with Tobia Repossi,EN,Haber / news,"seminer, konferans, etkinlik, atölye, workshop, seeds, innovation, seminar, held, tobia, repossi, seeds innovation, innovation seminar, seminar workshop, oat, silpa, pitching, methodology","Arkın University of Creative Arts and Design (ARUCAD) held the “Seeds of Innovation” seminar and workshop with Tobia Repossi on Wednesday morning, 5 November 2025, at the Printmaking Studio, with the participation of 23 …"
https://arucad.edu.tr/en/seminar-everything-can-be-an-instrument-was-held-with-the-participation-of-musician-oytun-kusku/,https://arucad.edu.tr/en/seminar-everything-can-be-an-instrument-was-held-with-the-participation-of-musician-oytun-kusku/,"Seminar “Everything Can Be an Instrument,” was held with the participation of musician Oytun Küskü",EN,Haber / news,"seminer, konferans, etkinlik, müzik, ses sanatları, music, seminar, everything, instrument, held, participation, musician, oytun, küskü, discovered, unconventional, instruments, sound, transformed, rhythm, kusku","Throughout this The Sound Arts and Design Department seminar, participants explored experimental approaches to sound production and discovered how everyday objects and unconventional tools can be transformed into instrum…"
https://arucad.edu.tr/en/seminar-meaning-and-narrative-in-musical-improvisation-held-at-arucad/,https://arucad.edu.tr/en/seminar-meaning-and-narrative-in-musical-improvisation-held-at-arucad/,Seminar “Meaning and Narrative in Musical Improvisation” Held at ARUCAD,EN,Haber / news,"seminer, konferans, etkinlik, müzik, ses sanatları, music, seminar, meaning, narrative, musical, improvisation, held, meaning narrative, musical improvisation, seminar meaning, cahit, kutrafalı, sino3, player, tunay","The seminar Meaning and Narrative in Musical Improvisation, organized by the Sound Arts Design Department at Arkin University of Creative Arts and Design (ARUCAD), was held at BA SINO3 with bass player and composer Cahit…"
https://arucad.edu.tr/en/seminar-on-fashion-in-practice-experiences-changes-and-creative-pathways-held-at-arucad/,https://arucad.edu.tr/en/seminar-on-fashion-in-practice-experiences-changes-and-creative-pathways-held-at-arucad/,"Seminar on “Fashion in Practice: Experiences, Changes and Creative Pathways” Held at ARUCAD",EN,Haber / news,"seminer, konferans, etkinlik, tekstil ve moda tasarımı, fashion, seminar, practice, experiences, changes, creative, pathways, held, fashion production, seminar fashion, practice experiences, designer, personal, shifting","Arkin University of Creative Arts and Design (ARUCAD) Department of Textile and Fashion Design hosted the seminar “Fashion in Practice: Experiences, Changes and Creative Pathways” on May 21, 2026."
https://arucad.edu.tr/en/seminar-on-makam-and-microtonality-held-at-arucad-department-of-sound-arts-and-design/,https://arucad.edu.tr/en/seminar-on-makam-and-microtonality-held-at-arucad-department-of-sound-arts-and-design/,Seminar on Makam and Microtonality Held at ARUCAD Department of Sound Arts and Design,EN,Haber / news,"seminer, konferans, etkinlik, müzik, ses sanatları, music, seminar, makam, microtonality, held, department, sound, arts, design, contemporary composition, sound arts, department sound, kınış, makams, microtonal","As part of the seminar series organised by the ARUCAD Department of Sound Arts and Design, Sen. Ins. Ataman Kınış delivered a presentation titled “Digital Dialogues with Traditional Principles: Contemporary Composition t…"
https://arucad.edu.tr/en/seminar-on-on-tourism-play-held-at-arucad/,https://arucad.edu.tr/en/seminar-on-on-tourism-play-held-at-arucad/,Seminar on “On Tourism Play” Held at ARUCAD,EN,Haber / news,"seminer, konferans, etkinlik, tiyatro, theatre, seminar, tourism, play, held, seminar tourism, tourism play, correia play, correia, tiago, staging, urban, transformation, policeman","Arkin University of Creative Arts and Design (ARUCAD) Acting Department hosted the seminar “On Tourism Play” on May 18, 2026."
https://arucad.edu.tr/en/seminar-on-patient-rights-media-and-civil-society-held-at-arucad/,https://arucad.edu.tr/en/seminar-on-patient-rights-media-and-civil-society-held-at-arucad/,"Seminar on Patient Rights, Media, and Civil Society Held at ARUCAD",EN,Haber / news,"seminer, konferans, etkinlik, seminar, patient, rights, media, civil, society, held, patient rights, rights based, civil society, advocacy, imge, emete, struggle","As part of the Innovative Practices course offered by the Department of New Media and Communication at Arkın University of Creative Arts and Design (ARUCAD), a seminar titled “Patient Rights, Media, and Civil Society: A …"
https://arucad.edu.tr/en/seminar-on-the-future-of-creative-services-held-at-arucad/,https://arucad.edu.tr/en/seminar-on-the-future-of-creative-services-held-at-arucad/,Seminar on the Future of Creative Services Held at ARUCAD,EN,Haber / news,"seminer, konferans, etkinlik, seminar, future, creative, services, held, future creative, technology creative, creative services, gökeri, accelerating, embedded, diminished, 4dees, advancements","Arkin University of Creative Arts and Design (ARUCAD) organised a seminar titled “Future of Creative Services” on 4 May 2026 at the ARUCAD Conference Hall, aimed at students from the Departments of Visual Communication D…"
https://arucad.edu.tr/en/seminar-on-the-production-process-challenges-and-proper-management-of-visual-content-in-corporate-settings-held-at-arucad-2/,https://arucad.edu.tr/en/seminar-on-the-production-process-challenges-and-proper-management-of-visual-content-in-corporate-settings-held-at-arucad-2/,"Seminar on “The Production Process, Challenges, and Proper Management of Visual Content in Corporate Settings” Held at ARUCAD",EN,Haber / news,"seminer, konferans, etkinlik, seminar, production, process, challenges, proper, management, visual, content, corporate, settings, held, challenges proper, proper management, management visual","Organized by the Department of New Media and Communication at Arkin University of Creative Arts and Design (ARUCAD), the seminar titled “The Production Process, Challenges, and Proper Management of Visual Content in Corp…"
https://arucad.edu.tr/en/seminar-on-the-turkish-cypriot-theatre-movement-and-the-nicosia-municipal-theatre-held/,https://arucad.edu.tr/en/seminar-on-the-turkish-cypriot-theatre-movement-and-the-nicosia-municipal-theatre-held/,Seminar on the Turkish Cypriot Theatre Movement and the Nicosia Municipal Theatre Held,EN,Haber / news,"seminer, konferans, etkinlik, tiyatro, theatre, seminar, turkish, cypriot, movement, nicosia, municipal, held, nicosia municipal, municipal theatre, cypriot theatre, hikmet, ersoy, birthday","As part of the Experience Sharing course, the seminar titled “The Turkish Cypriot Theatre Movement and the Nicosia Municipal Theatre” was held on 15 January 2026 at BA SIN03. Moderated by Sen. Ins. Şafak Ersözlü, the sem…"
https://arucad.edu.tr/en/seminar-the-role-of-press-and-freedom-of-expression-in-a-democratic-society-held-at-arucad/,https://arucad.edu.tr/en/seminar-the-role-of-press-and-freedom-of-expression-in-a-democratic-society-held-at-arucad/,Seminar: “The Role of Press and Freedom of Expression in a Democratic Society” Held at ARUCAD,EN,Haber / news,"seminer, konferans, etkinlik, seminar, role, press, freedom, expression, democratic, society, held, press freedom, freedom expression, role press, legal, rights, law","Organized by the ARUCAD New Media Department, the seminar titled “The Role of Press and Freedom of Expression in a Democratic Society” addressed freedom of expression and press freedom from a legal perspective, emphasizi…"
https://arucad.edu.tr/en/sen-ins-batu-gundal-led-moodboard-workshop-ii-at-arucad/,https://arucad.edu.tr/en/sen-ins-batu-gundal-led-moodboard-workshop-ii-at-arucad/,Sen. Ins. Batu Gündal Led “Moodboard Workshop II” at ARUCAD,EN,Haber / news,"atölye, workshop, ins, batu, gündal, led, moodboard, moodboard workshop, batu gündal, ins batu, narratives, coherent, moodboards, lpc01, visual, gundal","The New Media and Communication Department at Arkin University of Creative Arts and Design hosted a seminar titled “Moodboard Workshop II” on Tuesday, April 7, 2026, at RO LPC01. Sen. Ins. Batu Gündal from the Department…"
https://arucad.edu.tr/en/sevki-usta-discussed-data-driven-marketing-approaches-at-arucad/,https://arucad.edu.tr/en/sevki-usta-discussed-data-driven-marketing-approaches-at-arucad/,Şevki Usta Discussed Data-Driven Marketing Approaches at ARUCAD,EN,Haber / news,"şevki, usta, discussed, data, driven, marketing, approaches, şevki usta, data driven, digital marketing, campaign, measurement, strategic, marketers, sevki","At Arkin University of Creative Arts and Design, a seminar titled “Data-Driven Marketing Approaches in the Digital Era” was held on April 7, 2026, at FM-CLA01. Şevki Usta, Head of ARUCAD Data Systems Office, met with stu…"
https://arucad.edu.tr/en/silent-images-come-to-life-with-sound-at-arucads-foley-workshop/,https://arucad.edu.tr/en/silent-images-come-to-life-with-sound-at-arucads-foley-workshop/,Silent Images Come to Life with Sound at ARUCAD’s Foley Workshop,EN,Haber / news,"atölye, workshop, müzik, ses sanatları, music, silent, images, come, life, sound, foley, foley workshop, kamil bartu, bartu feridun, scene, asphalt, rainy, sounds, arucads","As part of the New Media and Communication Department at Arkin University of Creative Arts and Design (ARUCAD), a workshop titled “Sound Design: Foley Workshop” was held on 28 April 2026 under the coordination of Dr. Kam…"
https://arucad.edu.tr/en/somatic-dialogue-webinar-held/,https://arucad.edu.tr/en/somatic-dialogue-webinar-held/,Somatic Dialogue Webinar Held,EN,Haber / news,"somatic, dialogue, webinar, held, somatic dialogue, somatic practice, dialogue webinar, yedek, body, yourself, possibilities, opens, entity, remembers","As part of the Somatic Dialogue webinar, the relationship between body and mind was explored through somatic approaches. Organized by the ARUCAD Acting Department, the webinar drew on guided movement and dance improvisat…"
https://arucad.edu.tr/en/students-from-bursa-nilufer-bursa-zeki-muren-fine-arts-high-school-took-the-stage-at-our-university/,https://arucad.edu.tr/en/students-from-bursa-nilufer-bursa-zeki-muren-fine-arts-high-school-took-the-stage-at-our-university/,Students from Bursa Nilüfer Bursa Zeki Müren Fine Arts High School took the stage at our University,EN,Haber / news,"burs, scholarship, lise öğrencileri, high school, students, bursa, nilüfer, zeki, müren, fine, arts, high, school, took, stage, zeki müren, students bursa, müren fine, nilufer, muren",Students from Bursa Nilüfer Bursa Zeki Müren Fine Arts High School took the stage at the “Zeki Müren Will See You Too” Turkish Classical Music event held at our University Conference Hall.
https://arucad.edu.tr/en/synthesis-101-by-lefkosia-modular-sessions-workshop-held-at-arucad/,https://arucad.edu.tr/en/synthesis-101-by-lefkosia-modular-sessions-workshop-held-at-arucad/,“Synthesis 101 by Lefkosia Modular Sessions” Workshop Held at ARUCAD,EN,Haber / news,"atölye, workshop, synthesis, lefkosia, modular, sessions, held, synthesis lefkosia, sessions workshop, modular synthesis, atesh, hadj, vcv, rack, signal","The “Synthesis 101 by Lefkosia Modular Sessions” workshop, organised by Department of Sound Arts and Design, was held at Arkin University of Creative Arts and Design (ARUCAD).  Led by Atesh K. and Hadj, the workshop intr…"
https://arucad.edu.tr/en/tariq-khayyat-discussed-reshaping-cities-and-communities-at-arucad/,https://arucad.edu.tr/en/tariq-khayyat-discussed-reshaping-cities-and-communities-at-arucad/,Tariq Khayyat Discussed Reshaping Cities and Communities at ARUCAD,EN,Haber / news,"tariq, khayyat, discussed, reshaping, cities, communities, tariq khayyat, cities communities, reshaping cities, reimagined, architecture, sde03, centered, spatial","A webinar titled “Reshaping the Cities & Communities,” organized by the Interior Architecture and Environmental Design Department at Arkin University of Creative Arts and Design, was held on Wednesday, April 1, 2026, at …"
https://arucad.edu.tr/en/technical-visit-by-arucad-ceramics-and-plastic-arts-departments-traces-of-antiquity-cyprus-bronze-age-art/,https://arucad.edu.tr/en/technical-visit-by-arucad-ceramics-and-plastic-arts-departments-traces-of-antiquity-cyprus-bronze-age-art/,Technical Visit by ARUCAD Ceramics and Plastic Arts Departments: “Traces of Antiquity: Cyprus Bronze Age Art”,EN,Haber / news,"seramik, cam, ceramics, glass, technical, visit, plastic, arts, departments, traces, antiquity, cyprus, bronze, age, art, age art, cyprus bronze, bronze age","The Ceramics and Plastic Arts Departments at Arkin University of Creative Arts and Design (ARUCAD) organised a technical visit titled “Traces of Antiquity: Cyprus Bronze Age Art” on May 7, 2026. The visit brought togethe…"
https://arucad.edu.tr/en/textile-and-fashion-design-department-hosted-3d-textile-and-fashion-design-workshop-with-asst-prof-dr-yunus-luckinger/,https://arucad.edu.tr/en/textile-and-fashion-design-department-hosted-3d-textile-and-fashion-design-workshop-with-asst-prof-dr-yunus-luckinger/,Textile and Fashion Design Department Hosted “3D Textile and Fashion Design Workshop” with Asst. Prof. Dr. Yunus Luckinger,EN,Haber / news,"atölye, workshop, tekstil ve moda tasarımı, fashion, textile, design, department, hosted, yunus, luckinger, textile fashion, fashion design, design processes, printing, accessible, technology","Arkin University of Creative Arts and Design (ARUCAD) Textile and Fashion Design Department organized the workshop titled “3D Textile and Fashion Design Workshop” on April 9, 2026, led by Asst. Prof. Dr. Yunus Luckinger,…"
https://arucad.edu.tr/en/the-5th-arucad-education-workshop-held-with-the-participation-of-prof-dr-binnur-yesilyaprak/,https://arucad.edu.tr/en/the-5th-arucad-education-workshop-held-with-the-participation-of-prof-dr-binnur-yesilyaprak/,The 5th ARUCAD Education Workshop Held with the Participation of Prof. Dr. Binnur Yeşilyaprak,EN,Haber / news,"atölye, workshop, 5th, education, held, participation, binnur, yeşilyaprak, natural software, binnur yeşilyaprak, academician author, brain, stone, teachers, born, yesilyaprak","Arkın University of Creative Arts and Design (ARUCAD) held the fifth edition of its traditional education workshops for high school and middle school teachers in Northern Cyprus on Thursday, December 11, at the Universit…"
https://arucad.edu.tr/en/the-7th-international-congress-of-landscape-architecture-research-took-place-at-arucad/,https://arucad.edu.tr/en/the-7th-international-congress-of-landscape-architecture-research-took-place-at-arucad/,The 7th International Congress of Landscape Architecture Research Took Place at ARUCAD,EN,Haber / news,"uluslararası, erasmus, international, araştırma, research, mimarlık, architecture, 7th, congress, landscape, took, place, climate sensitive, sensitive design, landscape architecture, iclar, climate, sensitive","Arkin University of Creative Arts and Design (ARUCAD) hosted the 7th International Congress of Landscape Architecture Research (ICLAR 2025) on 20–21 November 2025. Held at the ARUCAD Conference Hall in Kyrenia, the congr…"
https://arucad.edu.tr/en/the-bring-your-mat-pilates-event-was-held/,https://arucad.edu.tr/en/the-bring-your-mat-pilates-event-was-held/,The Bring Your Mat Pilates Event Was Held,EN,Haber / news,"bring, mat, pilates, event, held, bring mat, mat pilates, pilates event, pause, reconnect, calm, varanoğulları, routines, intensity","The Bring Your Mat Pilates Event, organized to support physical and mental well-being and to offer a pause from the intensity of daily life, brought participants together in a shared movement experience. Due to weather c…"
https://arucad.edu.tr/en/the-cooperation-protocol-between-arucad-and-canakkale-onsekiz-mart-university-has-been-expanded/,https://arucad.edu.tr/en/the-cooperation-protocol-between-arucad-and-canakkale-onsekiz-mart-university-has-been-expanded/,The Cooperation Protocol Between ARUCAD and Çanakkale Onsekiz Mart University Has Been Expanded,EN,Haber / news,"protokol, iş birliği, cooperation, protocol, çanakkale, onsekiz, mart, expanded, çomü rector, rector cüneyt, cüneyt erenoğlu, çomü, cüneyt, erenoğlu, exchanges, signing, canakkale","The ongoing collaboration between Arkin University of Creative Arts and Design (ARUCAD) and Çanakkale Onsekiz Mart University (ÇOMÜ) has been expanded with a new protocol, now encompassing a broader scope in scientific, …"
https://arucad.edu.tr/en/the-first-session-of-the-body-and-creativity-workshop-held-at-arucad/,https://arucad.edu.tr/en/the-first-session-of-the-body-and-creativity-workshop-held-at-arucad/,The First Session of the “Body and Creativity” Workshop Held at ARUCAD,EN,Haber / news,"atölye, workshop, first, session, body, creativity, held, aydın teker, body creativity, relationship body, symmetry, slow, teker, aydın, dancers","Within the scope of the Contemporary Dance Department at Arkin University of Creative Arts and Design (ARUCAD), the first session of the workshop titled “Body and Creativity” was held on January 8, 2026. Led by artist, c…"
https://arucad.edu.tr/en/the-future-of-industrial-design-programmes-discussed-at-arucad/,https://arucad.edu.tr/en/the-future-of-industrial-design-programmes-discussed-at-arucad/,The Future of Industrial Design Programmes Discussed at ARUCAD,EN,Haber / news,"endüstriyel tasarım, product design, future, industrial, design, programmes, discussed, industrial design, etak meeting, design education, etak, 38th, meeting, durations, etmk, exchanged","Arkin University of Creative Arts and Design (ARUCAD) hosted the 38th Term Meeting of the Academic Council of Industrial Design Departments (ETAK). The meeting, which brought together heads of Industrial Design Departmen…"
https://arucad.edu.tr/en/the-informance-event-was-held/,https://arucad.edu.tr/en/the-informance-event-was-held/,The Informance Event Was Held,EN,Haber / news,"informance, event, held, celebrating, combinations, fun, formal, semi, close, compositions, supportive, progress, class, exploration","The Informance, held by the Faculty of Music and Performing Arts, brought together Contemporary Dance students to share short combinations and compositions developed throughout the semester in a semi-formal studio settin…"
https://arucad.edu.tr/en/the-journey-of-paper-seminar-held-at-arucad/,https://arucad.edu.tr/en/the-journey-of-paper-seminar-held-at-arucad/,“The Journey of Paper” Seminar Held at ARUCAD,EN,Haber / news,"seminer, konferans, etkinlik, journey, paper, seminar, held, journey paper, paper seminar, ibrahim müteferrika, kksd, müteferrika, museum, chairperson, chemical, vural, appreciation","Organized as part of the 10th anniversary events of the Cyprus Paper Artists Association (KKSD), “The Journey of Paper”  seminar was hosted by Arkin University of Creative Arts and Design (ARUCAD) with the contribution o…"
https://arucad.edu.tr/en/the-opening-of-entanglement-niloufar-jaberis-solo-exhibition-took-place-at-arucad-art-space/,https://arucad.edu.tr/en/the-opening-of-entanglement-niloufar-jaberis-solo-exhibition-took-place-at-arucad-art-space/,"The Opening of ENTANGLEMENT, Niloufar Jaberi’s Solo Exhibition, Took Place at ARUCAD Art Space",EN,Haber / news,"sergi, exhibition, opening, entanglement, niloufar, jaberi, solo, took, place, art, space, art space, forces, control, letting, jaberis","The opening of ENTANGLEMENT, Niloufar Jaberi's solo exhibition, took place at ARUCAD Art Space on last night."
https://arucad.edu.tr/en/the-seminar-titled-production-processes-in-performing-arts-was-held-at-arucad-bandabuliya-stage/,https://arucad.edu.tr/en/the-seminar-titled-production-processes-in-performing-arts-was-held-at-arucad-bandabuliya-stage/,The seminar titled “Production Processes in Performing Arts” was held at ARUCAD Bandabuliya Stage,EN,Haber / news,"seminer, konferans, etkinlik, seminar, titled, production, processes, performing, arts, held, bandabuliya, stage, processes performing, performing arts, production processes, operator, execution","Focusing on production processes in performing arts, the session explored the dynamics of creation shaped at the intersection of creativity, performance, and technical execution."
https://arucad.edu.tr/en/the-seminar-titled-software-development-processes-with-data-systems-coordinator-sevki-usta-was-successfully-held/,https://arucad.edu.tr/en/the-seminar-titled-software-development-processes-with-data-systems-coordinator-sevki-usta-was-successfully-held/,The seminar titled “Software Development Processes” with Data Systems Coordinator Şevki Usta was successfully held,EN,Haber / news,"seminer, konferans, etkinlik, seminar, titled, software, development, processes, data, systems, coordinator, şevki, usta, successfully, held, software development, development processes, sevki","Throughout the seminar, participants gained insight into software development processes, project production stages, and practical application examples. The session offered inspiring perspectives on contemporary approache…"
https://arucad.edu.tr/en/the-seminar-titled-the-full-journey-of-mixing-and-mastering-was-held-at-arucad/,https://arucad.edu.tr/en/the-seminar-titled-the-full-journey-of-mixing-and-mastering-was-held-at-arucad/,The seminar titled “The Full Journey of Mixing and Mastering” was held at ARUCAD,EN,Haber / news,"seminer, konferans, etkinlik, lisansüstü, yüksek lisans, graduate studies, seminar, titled, full, journey, mixing, mastering, held, mixing mastering, full journey, yazgın, refined, output, sonic, raw","The session focused on the complete process of mixing and mastering, exploring how raw recordings are transformed into professional sound through both technical precision and creative decision-making."
https://arucad.edu.tr/en/the-seminar-titled-video-content-production-with-artificial-intelligence-was-held-at-arucad/,https://arucad.edu.tr/en/the-seminar-titled-video-content-production-with-artificial-intelligence-was-held-at-arucad/,The seminar titled “Video Content Production with Artificial Intelligence” was held at ARUCAD,EN,Haber / news,"seminer, konferans, etkinlik, yapay zeka, AI, seminar, titled, content, production, artificial, intelligence, held, content production, titled content, production artificial, müftügıl, alumna, ögüç, lpc01","Organized by the New Media and Communication Department, the seminar titled “Video Content Production with Artificial Intelligence” was successfully held on May 11, 2026, at FM LPC01. The session explored the transformat…"
https://arucad.edu.tr/en/the-two-faces-of-the-dramatic-body-classical-pantomime-corporeal-mime-held-at-arucad/,https://arucad.edu.tr/en/the-two-faces-of-the-dramatic-body-classical-pantomime-corporeal-mime-held-at-arucad/,“The Two Faces of the Dramatic Body: Classical Pantomime & Corporeal Mime” Held at ARUCAD,EN,Haber / news,"faces, dramatic, body, classical, pantomime, corporeal, mime, held, classical pantomime, corporeal mime, faces dramatic, side, workshop, physical","The workshop titled “The Two Faces of the Dramatic Body: Classical Pantomime & Corporeal Mime,” organized by the Department of Acting at Arkın University of Creative Arts and Design (ARUCAD), was successfully held. Led b…"
https://arucad.edu.tr/en/theatricality-in-choreography-webinar-held-at-arucad-acting-department/,https://arucad.edu.tr/en/theatricality-in-choreography-webinar-held-at-arucad-acting-department/,Theatricality in Choreography” Webinar Held at ARUCAD Acting Department,EN,Haber / news,"theatricality, choreography, webinar, held, acting, department, theatricality choreography, choreography webinar, acting department, ergin, sometimes, improvisation, performer, presence","The “Theatricality in Choreography” webinar, organised by ARUCAD’s Acting Department, was held on Thursday, 20 November 2025. Independent contemporary dance artist Cansu Ergin joined the session to discuss choreography, …"
https://arucad.edu.tr/en/training-on-understanding-and-implementing-the-united-nations-sustainable-development-goals-sdgs-held-at-arucad/,https://arucad.edu.tr/en/training-on-understanding-and-implementing-the-united-nations-sustainable-development-goals-sdgs-held-at-arucad/,Training on “Understanding and Implementing the United Nations Sustainable Development Goals (SDGs)” Held at ARUCAD,EN,Haber / news,"sürdürülebilirlik, SDG, training, understanding, implementing, united, nations, sustainable, development, goals, sdgs, held, goals sdgs, sustainable development, nations sustainable, sdg","Arkin University of Creative Arts and Design (ARUCAD) Sustainability Center hosted a training session titled “Understanding and Implementing the United Nations Sustainable Development Goals (SDGs)” on May 22, 2026, at th…"
https://arucad.edu.tr/en/two-major-game-focused-events-held-at-arucad/,https://arucad.edu.tr/en/two-major-game-focused-events-held-at-arucad/,Two Major Game-Focused Events Held at ARUCAD,EN,Haber / news,"dijital oyun tasarımı, game design, major, game, focused, events, held, game music, music week, music sound, gameplay, week, zaifoğlu, games, music, expo","Arkin University of Creative Arts and Design (ARUCAD) hosted two major events in January focusing on game music, sound design, and digital game production. Organized by the Department of Sound Arts and Design, ARUCAD Gam…"
https://arucad.edu.tr/en/unstitched-a-creative-reconstruction-workshop-held-at-arucad/,https://arucad.edu.tr/en/unstitched-a-creative-reconstruction-workshop-held-at-arucad/,“Unstitched: A Creative Reconstruction” Workshop Held at ARUCAD,EN,Haber / news,"atölye, workshop, unstitched, creative, reconstruction, held, unstitched creative, creative reconstruction, bodies identities, identities, rethought, bodies, fashion, fit, wearable","The workshop titled “Unstitched: A Creative Reconstruction – A Creative Studio Open to All Bodies and Identities,” organized by the Textile and Fashion Design Department at ARUCAD, was held on Friday, 16 January 2026, at…"
https://arucad.edu.tr/en/visual-arts-department-alumni-student-meeting-hasan-kayiplar-and-kundai-mharadze/,https://arucad.edu.tr/en/visual-arts-department-alumni-student-meeting-hasan-kayiplar-and-kundai-mharadze/,Visual Arts Department Alumni-Student Meeting: Hasan Kayıplar and Kundai Mharadze,EN,Haber / news,"kariyer, mezunlar, career, alumni, visual, arts, department, student, meeting, hasan, kayıplar, kundai, mharadze, alumni student, kayıplar kundai, kundai mharadze, insightful, kayiplar","As part of the Alumni–Student Meetings organized by the ARUCAD Plastic Arts Department, graduates Hasan Kayıplar and Kundai Mharadze met with students."
https://arucad.edu.tr/en/visual-communication-design-students-presented-their-graduation-projects/,https://arucad.edu.tr/en/visual-communication-design-students-presented-their-graduation-projects/,Visual Communication Design Students Presented Their Graduation Projects.,EN,Haber / news,"mezuniyet, graduation, görsel iletişim tasarımı, graphic design, visual, communication, design, students, presented, projects, presented graduation, students presented, graduation projects, inst, akbaytoğan, supervised, presentations","Visual Communication Design students presented their graduation projects, developed throughout the semester, during final project presentations attended by faculty members. Supervised by Sen. Inst. Korhan Akbaytoğan, the…"
https://arucad.edu.tr/en/voices-talk-series-resumes-mete-hatay-as-our-first-guest/,https://arucad.edu.tr/en/voices-talk-series-resumes-mete-hatay-as-our-first-guest/,Voices Talk Series Resumes: Mete Hatay as Our First Guest,EN,Haber / news,"seminer, konferans, etkinlik, voices, talk, series, resumes, mete, hatay, first, guest, mete hatay, art culture, voices talk, retreat, situation, neoliberal","The Voices talk series, organized by the Art and Culture Office of Arkın University of Creative Arts and Design (ARUCAD), has returned after a seven-year break. The first session of the renewed series took place on Thurs…"
https://arucad.edu.tr/en/water-diaries-exhibition-by-johan-thom-opens-at-arucad-art-space/,https://arucad.edu.tr/en/water-diaries-exhibition-by-johan-thom-opens-at-arucad-art-space/,“Water Diaries” Exhibition by Johan Thom Opens at ARUCAD Art Space,EN,Haber / news,"sergi, exhibition, water, diaries, johan, thom, opens, art, space, encounters water, johan thom, başak şenova, curator, encounters, başak","Johan Thom meets audiences at ARUCAD Art Space with his first solo exhibition in Cyprus. Curated by Başak Şenova, the exhibition titled Water Diaries brings together three different series by the artist: Mexico Diaries (…"
https://arucad.edu.tr/en/webinar-a-sonic-spirituality-in-istanbul-perspectives-from-a-colombian-ethnomusicologist-held/,https://arucad.edu.tr/en/webinar-a-sonic-spirituality-in-istanbul-perspectives-from-a-colombian-ethnomusicologist-held/,Webinar: “A Sonic Spirituality in Istanbul: Perspectives from a Colombian Ethnomusicologist” Held,EN,Haber / news,"müzik, ses sanatları, music, webinar, sonic, spirituality, istanbul, perspectives, colombian, ethnomusicologist, held, sonic spirituality, spirituality istanbul, istanbul perspectives, ethnomusicological, castrill, listening","As part of ARUCAD Department of Sound Arts Design’s webinar series, the talk titled “A Sonic Spirituality in Istanbul: Perspectives from a Colombian Ethnomusicologist” was held. Assistant Professor Dr. Juan Castrillón dr…"
https://arucad.edu.tr/en/webinar-art-as-a-contact-zone-held-at-arucad/,https://arucad.edu.tr/en/webinar-art-as-a-contact-zone-held-at-arucad/,Webinar “Art as a Contact Zone” Held at ARUCAD,EN,Haber / news,"iletişim, contact, adres, telefon, webinar, art, zone, held, contact zone, art contact, webinar art, choreography, observation, relationality, transformation, rupture, yüksek","The webinar Art as a Contact Zone: Choreography of Artistic Research and Transformation, organized by the Contemporary Dance Department at Arkin University of Creative Arts and Design (ARUCAD), was held with academic Dr.…"
https://arucad.edu.tr/en/webinar-beyond-one-skill-becoming-a-versatile-communicator-held-at-arucad/,https://arucad.edu.tr/en/webinar-beyond-one-skill-becoming-a-versatile-communicator-held-at-arucad/,Webinar: “Beyond One Skill: Becoming a Versatile Communicator” Held at ARUCAD,EN,Haber / news,"webinar, beyond, skill, becoming, versatile, communicator, held, beyond skill, skill becoming, becoming versatile, increasingly, strategic, versatility, expertise","Organized by the ARUCAD Visual Communication Design Department, the webinar titled “Beyond One Skill: Becoming a Versatile Communicator” focused on the increasingly multidisciplinary nature of communication. Featuring Tu…"
https://arucad.edu.tr/en/webinar-cultural-encounters-in-theatre-and-beyond-held-at-arucad-acting-department/,https://arucad.edu.tr/en/webinar-cultural-encounters-in-theatre-and-beyond-held-at-arucad-acting-department/,Webinar “Cultural Encounters in Theatre and Beyond” Held at ARUCAD Acting Department,EN,Haber / news,"tiyatro, theatre, webinar, cultural, encounters, beyond, held, acting, department, cultural encounters, encounters theatre, theatre beyond, albak, güneş, intercultural","The “Cultural Encounters in Theatre and Beyond” web seminar, organized by the Acting Department of Arkın University of Creative Arts and Design (ARUCAD) within the Experience Sharing course, was held on Thursday, 8 Janua…"
https://arucad.edu.tr/en/webinar-on-audition-techniques-for-commercials-and-tv-series-held-at-arucad/,https://arucad.edu.tr/en/webinar-on-audition-techniques-for-commercials-and-tv-series-held-at-arucad/,Webinar on “Audition Techniques for Commercials and TV Series” Held at ARUCAD,EN,Haber / news,"webinar, audition, techniques, commercials, series, held, commercials series, audition techniques, techniques commercials, casting, headshots, cvs, taha, bozkurt","Arkin University of Creative Arts and Design (ARUCAD) Faculty of Music and Performing Arts hosted a webinar titled “Audition Techniques for Commercials and TV Series” on May 7, 2026."
https://arucad.edu.tr/en/webinar-on-beyond-soundpainting-sound-movement-and-collective-creation-held-at-arucad/,https://arucad.edu.tr/en/webinar-on-beyond-soundpainting-sound-movement-and-collective-creation-held-at-arucad/,"Webinar on “Beyond Soundpainting: Sound, Movement and Collective Creation” Held at ARUCAD",EN,Haber / news,"müzik, ses sanatları, music, resim, heykel, güzel sanatlar, webinar, beyond, soundpainting, sound, movement, collective, creation, held, sound movement, collective creation, movement collective, yılmaz, deniz, hierarchical","Arkin University of Creative Arts and Design (ARUCAD) Acting Department hosted the webinar “Beyond Soundpainting: Sound, Movement and Collective Creation” on May 14, 2026."
https://arucad.edu.tr/en/webinar-on-evaluation-of-cultural-landscape-resources-in-rural-design-canakkale-example-held-at-arucad/,https://arucad.edu.tr/en/webinar-on-evaluation-of-cultural-landscape-resources-in-rural-design-canakkale-example-held-at-arucad/,Webinar on “Evaluation of Cultural Landscape Resources in Rural Design: Çanakkale Example” Held at ARUCAD,EN,Haber / news,"sınav takvimi, exam schedule, webinar, evaluation, cultural, landscape, resources, rural, design, çanakkale, example, held, cultural landscape, evaluation cultural, landscape resources, settlements, canakkale","Arkin University of Creative Arts and Design (ARUCAD) Department of Urban Design and Landscape Architecture hosted the webinar “Evaluation of Cultural Landscape Resources in Rural Design: Çanakkale Example” on May 14, 20…"
https://arucad.edu.tr/en/webinar-on-from-design-to-production-50-years-held-at-arucad/,https://arucad.edu.tr/en/webinar-on-from-design-to-production-50-years-held-at-arucad/,Webinar on “From Design to Production: 50+ Years” Held at ARUCAD,EN,Haber / news,"webinar, design, production, years, held, production years, design production, industrial design, akman, industrial, tangible, oya, shifting, evolve","Arkin University of Creative Arts and Design (ARUCAD) hosted a webinar titled “From Design to Production: 50+ Years” on April 30, 2026."
https://arucad.edu.tr/en/webinar-on-fundamental-principles-of-production-and-lighting-design-held-at-arucad/,https://arucad.edu.tr/en/webinar-on-fundamental-principles-of-production-and-lighting-design-held-at-arucad/,Webinar on “Fundamental Principles of Production and Lighting Design” Held at ARUCAD,EN,Haber / news,"webinar, fundamental, principles, production, lighting, design, held, lighting design, production lighting, webinar fundamental, kara, utku, angles, directs","The webinar Fundamental Principles of Production and Lighting Design, organized by the Acting Department at Arkin University of Creative Arts and Design (ARUCAD), was held with lighting, stage and projection designer Utk…"
https://arucad.edu.tr/en/what-keeps-mankind-alive-premiere/,https://arucad.edu.tr/en/what-keeps-mankind-alive-premiere/,What Keeps Mankind Alive? Premiere,EN,Haber / news,"keeps, mankind, alive, premiere, keeps mankind, mankind alive, bandabuliya stage, brecht, june, revisited, premiered, bertolt, weill, graduating","Created as a collaborative end-of-year production by the first graduating students of ARUCAD’s Acting, Contemporary Dance, and Sound Arts Design programmes, the performance drew inspiration from the works of Bertolt Brec…"
https://arucad.edu.tr/en/winners-of-the-details-from-our-history-design-competition-in-memory-of-tuncer-bagiskan-announced/,https://arucad.edu.tr/en/winners-of-the-details-from-our-history-design-competition-in-memory-of-tuncer-bagiskan-announced/,Winners of the “DETAILS FROM OUR HISTORY” Design Competition in Memory of Tuncer Bağışkan Announced,EN,Haber / news,"yarışma, competition, winners, details, history, design, memory, tuncer, bağışkan, announced, prize usd, first place, ceramics category, prize, usd, bagiskan","The winners of the “DETAILS FROM OUR HISTORY” design competition, organized in memory of Turkish Cypriot researcher, writer, and archaeologist Tuncer Bağışkan, have been announced. The competition was held in collaborati…"
https://arucad.edu.tr/en/with-tijen-lawton-at-the-department-of-acting-the-body-as-a-continuously-evolving-archive/,https://arucad.edu.tr/en/with-tijen-lawton-at-the-department-of-acting-the-body-as-a-continuously-evolving-archive/,With Tijen Lawton at the Department of Acting: “The Body as a Continuously Evolving Archive,EN,Haber / news,"tijen, lawton, department, acting, body, continuously, evolving, archive, conscious risk, body open, system seminar, risk, action, endurance","As part of the Sharing Experiences course, the Department of Acting at Arkin University of Creative Arts and Design (ARUCAD) hosted performance artist Tijen Lawton in an online session held on Thursday, 4 December 2025. …"
https://arucad.edu.tr/en/works-by-arucad-students-exhibited-in-baku/,https://arucad.edu.tr/en/works-by-arucad-students-exhibited-in-baku/,Works by ARUCAD Students Exhibited in Baku,EN,Haber / news,"works, students, exhibited, baku, young artists, exhibition, azerbaijan, toured, multinational, dsiz, sudenur, tristan, mojares, melihe","The artworks of five students from Arkın Creative Arts and Design University (ARUCAD) were featured in the international exhibition titled  “Sərhədsiz İncəsənət” (Art Without Borders), held at the Azerbaijan National Mus…"
https://arucad.edu.tr/en/workshop-on-life-safety-in-architecture-applying-building-codes-in-design-held-at-arucad/,https://arucad.edu.tr/en/workshop-on-life-safety-in-architecture-applying-building-codes-in-design-held-at-arucad/,Workshop on “Life Safety in Architecture: Applying Building Codes in Design” Held at ARUCAD,EN,Haber / news,"başvuru, application, kayıt, atölye, workshop, mimarlık, architecture, life, safety, applying, building, codes, design, held, building codes, life safety, workshop life, architectural, regulations","Arkin University of Creative Arts and Design (ARUCAD) Department of Architecture hosted the workshop “Life Safety in Architecture: Applying Building Codes in Design” on May 13, 2026."
https://arucad.edu.tr/en/workshop-the-distillery-forge-design-process-and-challenges-held-at-arucad/,https://arucad.edu.tr/en/workshop-the-distillery-forge-design-process-and-challenges-held-at-arucad/,Workshop “The Distillery Forge: Design Process and Challenges” Held at ARUCAD,EN,Haber / news,"atölye, workshop, distillery, forge, design, process, challenges, held, workshop distillery, distillery forge, forge design, simzer, architectural, encountered, kaya","The workshop The Distillery Forge: Design Process and Challenges, organized by the Architecture Department at Arkin University of Creative Arts and Design (ARUCAD), was held at TK CLA01 with architect Simzer Kaya and mod…"
https://arucad.edu.tr/en/world-dance-day-celebrated-with-a-special-program-by-arucads-contemporary-dance-department/,https://arucad.edu.tr/en/world-dance-day-celebrated-with-a-special-program-by-arucads-contemporary-dance-department/,World Dance Day Celebrated with a Special Program by ARUCAD’s Contemporary Dance Department,EN,Haber / news,"dans, dance, world, day, celebrated, special, program, contemporary, department, contemporary dance, bodily expression, dance department, teker, bodily, don, arucads","The Contemporary Dance Department at the Arkin University of Creative Arts and Design (ARUCAD) organized a special event on Tuesday, April 29, to celebrate the expressive power of dance and its deep connection with the h…"
https://arucad.edu.tr/endustriye-tasarim-programlarinin-gelecegi-arucadda-masaya-yatirildi/,https://arucad.edu.tr/endustriye-tasarim-programlarinin-gelecegi-arucadda-masaya-yatirildi/,Endüstriye Tasarım Programlarının Geleceği ARUCAD’da Masaya Yatırıldı,TR,Haber / news,"endüstriye, tasarım, programlarının, geleceği, masaya, yatırıldı, endüstriyel tasarım, tasarım eğitiminin, eğitiminin güncel, etak, endüstriyel, görüş, toplantının, alışverişinde, endustriye, tasarim, programlarinin, gelecegi, arucadda, yatirildi","Arkın Yaratıcı Sanatlar ve Tasarım Üniversitesi (ARUCAD), Endüstriyel Tasarım Bölümleri Akademik Konseyi’nin (ETAK) 38. Dönem Toplantısına ev sahipliği yaptı. Türkiye'de ve Kuzey Kıbrıs Türk Cumhuriyeti’nde bulunan ünive…"
https://arucad.edu.tr/eser-kececinin-suspended-between-sergisi-acildi/,https://arucad.edu.tr/eser-kececinin-suspended-between-sergisi-acildi/,Eser Keçeci’nin “Suspended Between” Sergisi Açıldı,TR,Haber / news,"sergi, exhibition, eser, keçeci, suspended, sergisi, açıldı, eser keçeci, rooms gallery, art rooms, geçişlere, müdahaleler, düş, kaybolmaya, evren, rüyanın, kececinin, acildi","Eser Keçeci’nin dördüncü kişisel sergisi Suspended Between, 10 Haziran’da Art Rooms Gallery’de düzenlenen açılış kokteyliyle sanatseverlerle buluştu."
https://arucad.edu.tr/ess-2025-konferansi-arucadda-basladi/,https://arucad.edu.tr/ess-2025-konferansi-arucadda-basladi/,E&SS 2025 Konferansı ARUCAD’da Başladı,TR,Haber / news,"seminer, konferans, etkinlik, konferansı, başladı, sosyal bilimlerin, çevrimiçi yüz, sosyal bilimler, bilimlerin, ekonomi, konferansın, bilimler, yüze, bilimi, paylaşımının, duyuyoruz, siyaset, ess, konferansi, arucadda, basladi","Arkın Yaratıcı Sanatlar ve Tasarım Üniversitesi (ARUCAD), sosyal bilimler alanında dünyanın dört bir yanından gelen akademisyen ve araştırmacıları ağırlıyor. 13. Uluslararası Ekonomi ve Sosyal Bilimler Konferansı (E&SS 2…"
https://arucad.edu.tr/fotograf-bolumu-bahar-donemi-uretimlerini-frames-of-spring-sergisinde-bir-araya-getirdi/,https://arucad.edu.tr/fotograf-bolumu-bahar-donemi-uretimlerini-frames-of-spring-sergisinde-bir-araya-getirdi/,Fotoğraf Bölümü Bahar Dönemi Üretimlerini “Frames of Spring” Sergisinde Bir Araya Getirdi,TR,Haber / news,"sergi, exhibition, fotoğraf, photography, bölümü, bahar, dönemi, üretimlerini, frames, spring, sergisinde, araya, getirdi, frames spring, fotoğraf bölümü, araya getirdi, dokusundan, fotograf, bolumu, donemi, uretimlerini","Frames of Spring, Fotoğraf Bölümü öğrencilerimizin üretim dolu bir bahar dönemini bir araya getirdi."
https://arucad.edu.tr/fusun-aroglu-kadin-girisimciligini-deneyimleriyle-anlatti/,https://arucad.edu.tr/fusun-aroglu-kadin-girisimciligini-deneyimleriyle-anlatti/,Füsun Aroğlu Kadın Girişimciliğini Deneyimleriyle Anlattı,TR,Haber / news,"füsun, aroğlu, kadın, girişimciliğini, deneyimleriyle, anlattı, güçlü ilişkiler, girişimciliğin yalnızca, ortaya koydu, işini, girişimciliğin, azim, karşılaştığı, başarının, fusun, aroglu, kadin, girisimciligini, anlatti","Arkın Yaratıcı Sanatlar ve Tasarım Üniversitesi’nde 6 Nisan 2026 tarihinde gerçekleştirilen “Kıbrıs’ta Kadın Girişimciliği” başlıklı seminerde, iş insanı Füsun Aroğlu öğrencilerle bir araya geldi. Etkinlikte Aroğlu, kadı…"
https://arucad.edu.tr/gorsel-iletisim-tasarimi-ogrencileri-bitirme-projelerini-sundu/,https://arucad.edu.tr/gorsel-iletisim-tasarimi-ogrencileri-bitirme-projelerini-sundu/,Görsel İletişim Tasarımı Öğrencileri Bitirme Projelerini Sundu,TR,Haber / news,"iletişim, contact, adres, telefon, görsel iletişim tasarımı, graphic design, görsel, tasarımı, öğrencileri, bitirme, projelerini, sundu, bitirme projelerini, iletişim tasarımı, görsel iletişim, sunumlarla, sunumlarında, akbaytoğan, düşüncenin, gorsel, iletisim, tasarimi, ogrencileri","Görsel İletişim Tasarımı Bölümü öğrencileri, dönem boyunca geliştirdikleri bitirme projelerini fakülte öğretim üyelerinin katılımıyla gerçekleştirilen final proje sunumlarında paylaştı. Öğretim Görevlisi Korhan Akbaytoğa…"
https://arucad.edu.tr/gozden-cikarilanlar-projesi-ile-surdurulebilirlik-ve-yaraticilik-bir-arada/,https://arucad.edu.tr/gozden-cikarilanlar-projesi-ile-surdurulebilirlik-ve-yaraticilik-bir-arada/,“Gözden Çıkarılanlar” Projesi ile Sürdürülebilirlik ve Yaratıcılık Bir Arada,TR,Haber / news,"iş ilanı, job vacancy, sürdürülebilirlik, SDG, gözden, çıkarılanlar, projesi, yaratıcılık, arada, sürdürülebilir kalkınma, gözden çıkarılanlar, yaratıcı iletişim, sdg, tüketim, kalkınma, ürünler, sürdürülebilir, gozden, cikarilanlar, surdurulebilirlik, yaraticilik","ARUCAD Yeni Medya ve İletişim Bölümü öğrencileri, Dr. Ahmet İyici'nin yürüttüğü RKLM132 Yaratıcı Reklam Tasarımı dersi kapsamında geliştirdikleri “Gözden Çıkarılanlar” projesiyle sürdürülebilirlik, geri dönüşüm ve yaratı…"
https://arucad.edu.tr/halil-davulcu-ile-kamusal-yayincilik-uzerine-seminer-gerceklesti/,https://arucad.edu.tr/halil-davulcu-ile-kamusal-yayincilik-uzerine-seminer-gerceklesti/,Halil Davulcu ile Kamusal Yayıncılık Üzerine Seminer Gerçekleşti,TR,Haber / news,"seminer, konferans, etkinlik, halil, davulcu, kamusal, yayıncılık, gerçekleşti, program yapımcısı, halil davulcu, yapımcısı, sunucunun, gerektiğini, yayın, yayıncılığın, gözetilmesi, yayincilik, uzerine, gerceklesti","Arkın Yaratıcı Sanatlar ve Tasarım Üniversitesi (ARUCAD) Yeni Medya ve İletişim Bölümü tarafından düzenlenen seminer kapsamında, deneyimli program yapımcısı ve yönetmen Halil Davulcu, öğrencilerle kamusal yayıncılığın te…"
https://arucad.edu.tr/in-situ-26-ses-sanatlari-tasarimi-bolumu-topluluk-gosterisi/,https://arucad.edu.tr/in-situ-26-ses-sanatlari-tasarimi-bolumu-topluluk-gosterisi/,In Situ 26: Ses Sanatları Tasarımı Bölümü Topluluk Gösterisi,TR,Haber / news,"müzik, ses sanatları, music, situ, ses, sanatları, tasarımı, bölümü, topluluk, gösterisi, sanatları tasarımı, tasarımı bölümü, vitrini, yaklaşımlardaki, paylaşımların, atmosferle, sanatlari, tasarimi, bolumu, gosterisi","Ses Sanatları ve Tasarımı Bölümü’nün her yıl düzenlenmesi planlanan topluluk vitrini In Situ’nun ilk edisyonu, 9 Nisan’da Bandabuliya Sahnesi’nde gerçekleşti."
https://arucad.edu.tr/informance-etkinligi-gerceklestirildi/,https://arucad.edu.tr/informance-etkinligi-gerceklestirildi/,Informance Etkinliği Gerçekleştirildi,TR,Haber / news,"ınformance, etkinliği, gerçekleştirildi, dönem boyunca, paylaştıkları, kutlandı, kombinasyonları, kompozisyonları, kılarken, edinilen, dönem, derslerde, ürettikleri, gelişimlerini, informance, etkinligi, gerceklestirildi","Müzik ve Sahne Sanatları Fakültesi bünyesinde gerçekleştirilen, Modern Dans Bölümü öğrencilerinin dönem boyunca derslerde ürettikleri kısa kombinasyonları ve kompozisyonları paylaştıkları yarı-resmi bir stüdyo buluşması …"
https://arucad.edu.tr/inner-talks-sergisi-art-roomsda-acildi/,https://arucad.edu.tr/inner-talks-sergisi-art-roomsda-acildi/,“INNER TALKS” Sergisi ART ROOMS’da Açıldı,TR,Haber / news,"sergi, exhibition, seminer, konferans, etkinlik, ınner, talks, sergisi, art, rooms, açıldı, ınner talks, kimi zaman, çocukluk yetişkinlik, doğruyol, korunma, çocukluk, kimi, yetişkinlik, inner, roomsda, acildi","Sanatçı Deniz Doğruyol’un çocukluk, yetişkinlik, dönüşüm ve korunma ihtiyacı arasındaki ilişkiyi ele aldığı “INNER TALKS” başlıklı kişisel sergisi, 17 Eylül’de ART ROOMS Galeri Girne’de sanatseverlerle buluştu."
https://arucad.edu.tr/insan-neyle-yasar-seyirciyle-bulustu/,https://arucad.edu.tr/insan-neyle-yasar-seyirciyle-bulustu/,"İnsan Neyle Yaşar?, Seyirciyle Buluştu",TR,Haber / news,"insan, neyle, yaşar, seyirciyle, buluştu, insan neyle, neyle yaşar, haziran bandabuliya, brecht, haziran, gerçekliklerine, zamansız, temsiller, sahnesi, yasar, bulustu","ARUCAD Müzik ve Sahne Sanatları Fakültesi Oyunculuk, Modern Dans ve Ses Sanatları Tasarımı bölümlerinin ilk mezunlarının ortak üretimi olan bu yıl sonu prodüksiyonu; Bertolt Brecht ve Kurt Weill’in eserlerinden ilhamla, …"
https://arucad.edu.tr/istanbulda-sonik-spiritualite-kolombiyali-bir-etnomuzikologun-perspektifleri-baslikli-web-semineri-gerceklestirildi/,https://arucad.edu.tr/istanbulda-sonik-spiritualite-kolombiyali-bir-etnomuzikologun-perspektifleri-baslikli-web-semineri-gerceklestirildi/,“İstanbul’da Sonik Spiritüalite: Kolombiyalı Bir Etnomüzikoloğun Perspektifleri” Başlıklı Web Semineri Gerçekleştirildi,TR,Haber / news,"seminer, konferans, etkinlik, müzik, ses sanatları, music, istanbul, sonik, spiritüalite, kolombiyalı, etnomüzikoloğun, perspektifleri, başlıklı, web, semineri, gerçekleştirildi, istanbul sonik, sonik spiritüalite, spiritüalite kolombiyalı, etnomüzikolojik, istanbulda, spiritualite, kolombiyali, etnomuzikologun, baslikli, gerceklestirildi",Arkın Yaratıcı Sanatlar ve Tasarım Üniversitesi (ARUCAD) Ses Sanatları Tasarımı Bölümü’nün web semineri serisi kapsamında düzenlenen “İstanbul’da Sonik Spiritüalite: Kolombiyalı Bir Etnomüzikoloğun Perspektifleri” başlık…
https://arucad.edu.tr/johan-thomun-water-diaries-su-gunlukleri-sergisi-arucad-art-spacete-acildi/,https://arucad.edu.tr/johan-thomun-water-diaries-su-gunlukleri-sergisi-arucad-art-spacete-acildi/,Johan Thom’un “Water Diaries (Su Günlükleri)” Sergisi ARUCAD Art Space’te Açıldı,TR,Haber / news,"sergi, exhibition, johan, thom, water, diaries, günlükleri, sergisi, art, space, açıldı, johan thom, kimi zaman, başak şenova, suyla, küratör, thomun, gunlukleri, spacete, acildi","Johan Thom, Kıbrıs’taki ilk kişisel sergisiyle ARUCAD Art Space’te izleyiciyle buluştu. Başak Şenova küratörlüğünde hazırlanan Water Diaries (Su Günlükleri) sergisi, sanatçının üç farklı serisini bir araya getiriyor: Mek…"
https://arucad.edu.tr/kahveni-kap-gel-tanisalim-etkinligi-gerceklesti/,https://arucad.edu.tr/kahveni-kap-gel-tanisalim-etkinligi-gerceklesti/,"Kahveni Kap, Gel Tanışalım! Etkinliği Gerçekleşti",TR,Haber / news,"kahveni, kap, gel, tanışalım, etkinliği, gerçekleşti, kahveni kap, kap gel, gel tanışalım, klinik, psikolog, danışmanlık, simge, koçar, tanisalim, etkinligi, gerceklesti","ARUCAD Psikolojik Danışmanlık ve Rehberlik Merkezi tarafından düzenlenen “Kahveni Kap, Gel Tanışalım!” etkinliği, Klinik Psikolog Simge Koçar eşliğinde gerçekleştirildi. Etkinlikte, akademik dönemin ilk ayına dair deneyi…"
https://arucad.edu.tr/kalip-literaturu-atolyesi-unisex-yelek-uretimi-gerceklestirildi/,https://arucad.edu.tr/kalip-literaturu-atolyesi-unisex-yelek-uretimi-gerceklestirildi/,Kalıp Literatürü Atölyesi: Unisex Yelek Üretimi Gerçekleştirildi,TR,Haber / news,"atölye, workshop, kalıp, literatürü, atölyesi, unisex, yelek, üretimi, gerçekleştirildi, kalıp literatürü, unisex yelek, beden form, kalıbın, tasarımcının, kalıbı, dikim, kalip, literaturu, atolyesi, uretimi, gerceklestirildi","ARUCAD Tekstil ve Moda Tasarımı Bölümü tarafından düzenlenen “Kalıp Literatürü: Oku, Kes, Dik – Unisex Yelek Üretimi” başlıklı atölye, kalıbı bir tasarım dili ve üretim aracı olarak ele alan uygulamalı bir öğrenme süreci…"
https://arucad.edu.tr/karmi-koruma-alaninda-mimari-rolove-ve-belgeleme-calismasi-gerceklestirildi/,https://arucad.edu.tr/karmi-koruma-alaninda-mimari-rolove-ve-belgeleme-calismasi-gerceklestirildi/,Karmi Koruma Alanı’nda Mimari Rölöve ve Belgeleme Çalışması Gerçekleştirildi,TR,Haber / news,"karmi, koruma, alanı, mimari, rölöve, belgeleme, çalışması, gerçekleştirildi, koruma alanı, karmi koruma, mimari rölöve, saha, çalışmalarının, yürütülmesine, alaninda, rolove, calismasi, gerceklestirildi","Arkın Yaratıcı Sanatlar ve Tasarım Üniversitesi Mimarlık Bölümü ile İç Mimarlık ve Çevre Tasarımı Bölümleri kapsamında yürütülen ARCH/INAD 262 “Koruma ve Restorasyonun Temelleri” dersi çerçevesinde, 30 Nisan ve 7 Mayıs 2…"
https://arucad.edu.tr/kibris-kagit-sanatcilari-derneginin-kksd-10-kurulus-yili-etkinlikleri-kapsaminda-duzenlenen-kagidin-yolculugu-semineri-arkin-yaratici-sanatlar-ve-tasarim-universitesi-a/,https://arucad.edu.tr/kibris-kagit-sanatcilari-derneginin-kksd-10-kurulus-yili-etkinlikleri-kapsaminda-duzenlenen-kagidin-yolculugu-semineri-arkin-yaratici-sanatlar-ve-tasarim-universitesi-a/,"“Kağıdın Yolculuğu” Semineri, ARUCAD’da Gerçekleşti",TR,Haber / news,"seminer, konferans, etkinlik, kağıdın, yolculuğu, semineri, gerçekleşti, kağıdın yolculuğu, ibrahim müteferrika, kıbrıs kağıt, kâğıdın, kağıt, müteferrika, kksd, kimyasal, kâğıt, müzesi, kibris, kagit, sanatcilari, derneginin, kurulus, yili, etkinlikleri, kapsaminda, duzenlenen, kagidin, yolculugu, yaratici, sanatlar, tasarim","Kıbrıs Kağıt Sanatçıları Derneği’nin (KKSD) 10. kuruluş yılı etkinlikleri kapsamında düzenlenen “Kağıdın Yolculuğu” Semineri, Arkın Yaratıcı Sanatlar ve Tasarım Üniversitesi (ARUCAD) ev sahipliğinde, Kuzey Kıbrıs Türk Cu…"
https://arucad.edu.tr/kibris-turk-tiyatro-hareketi-ve-lefkosa-belediye-tiyatrosu-semineri-gerceklestirildi/,https://arucad.edu.tr/kibris-turk-tiyatro-hareketi-ve-lefkosa-belediye-tiyatrosu-semineri-gerceklestirildi/,Kıbrıs Türk Tiyatro Hareketi ve Lefkoşa Belediye Tiyatrosu Semineri Gerçekleştirildi,TR,Haber / news,"seminer, konferans, etkinlik, tiyatro, theatre, kıbrıs, türk, hareketi, lefkoşa, belediye, tiyatrosu, semineri, gerçekleştirildi, belediye tiyatrosu, lefkoşa belediye, kıbrıs türk, tiyatronun, ersoy, kibris, turk, lefkosa, gerceklestirildi","Arkın Yaratıcı Sanatlar ve Tasarım Üniversitesi Sahne Sanatları Fakültesi Oyunculuk Bölümü bünyesinde, Deneyimlerin Paylaşımı dersi kapsamında düzenlenen “Kıbrıs Türk Tiyatro Hareketi ve Lefkoşa Belediye Tiyatrosu” başlı…"
https://arucad.edu.tr/kibris-universiteler-birligi-eurie-2026da-kuzey-kibris-yuksekogretimini-temsil-etti/,https://arucad.edu.tr/kibris-universiteler-birligi-eurie-2026da-kuzey-kibris-yuksekogretimini-temsil-etti/,"Kıbrıs Üniversiteler Birliği, EURIE 2026’da Kuzey Kıbrıs Yükseköğretimini Temsil Etti",TR,Haber / news,"kıbrıs, üniversiteler, birliği, eurıe, 2026, kuzey, yükseköğretimini, temsil, etti, üniversiteler birliği, kıbrıs üniversiteler, kıbrıs yükseköğretim, küb, avrasya, kibris, universiteler, birligi, eurie, 2026da, yuksekogretimini","Avrasya Üniversiteler Birliği (EURAS) tarafından 11’incisi düzenlenen 2026 Avrasya Yükseköğretim Zirvesi (EURIE 2026), 7–9 Nisan 2026 tarihleri arasında İstanbul Lütfi Kırdar Kongre Merkezi’nde gerçekleştirildi. Zirve, d…"
https://arucad.edu.tr/kibrisin-sanat-uretimini-istanbula-tasiyan-disconnect-sergisi-mine-sanat-galerisi-deneyselde/,https://arucad.edu.tr/kibrisin-sanat-uretimini-istanbula-tasiyan-disconnect-sergisi-mine-sanat-galerisi-deneyselde/,Kıbrıs’ın Sanat Üretimini İstanbul’a Taşıyan “Dısconnect” Sergisi Mine Sanat Galerisi Deneysel’de!,TR,Haber / news,"sergi, exhibition, kıbrıs, sanat, üretimini, istanbul, taşıyan, dısconnect, sergisi, mine, galerisi, deneysel, dısconnect sergisi, mine sanat, galerisi deneysel, kadıköy, kibrisin, uretimini, istanbula, tasiyan, disconnect, deneyselde","Kuzey Kıbrıs’ın sanat ve tasarım odaklı tematik üniversitesi Arkın Yaratıcı Sanatlar ve Tasarım Üniversitesi’nin (ARUCAD) öğrencileri, mezunları ve sanatçı-akademisyen, ARUCAD Plastik Sanatlar Bölümü Öğretim Üyesi Prof. …"
https://arucad.edu.tr/kohi-local-coffee-housea-gerceklestirilen-egitim-gezisi/,https://arucad.edu.tr/kohi-local-coffee-housea-gerceklestirilen-egitim-gezisi/,Kohi Local Coffee House’a Gerçekleştirilen Eğitim Gezisi,TR,Haber / news,"ücret, tuition fees, kohi, local, coffee, house, gerçekleştirilen, eğitim, gezisi, house gerçekleştirilen, kohi local, local coffee, incelenirken, yaşamla, gözlemler, uygulandığı, housea, gerceklestirilen, egitim","Yeni Medya ve İletişim Bölümü kapsamında, 5 Mayıs 2026 tarihinde Kohi Local Coffee House’a gerçekleştirilen eğitim gezisi başarıyla tamamlandı. Öğrenciler, yerinde öğrenme deneyimiyle mekânsal kimlik, görsel dil ve tasar…"
https://arucad.edu.tr/kub-kurumsal-akreditasyon-egitim-calistayi-gerceklestirildi/,https://arucad.edu.tr/kub-kurumsal-akreditasyon-egitim-calistayi-gerceklestirildi/,KÜB Kurumsal Akreditasyon Eğitim Çalıştayı Gerçekleştirildi,TR,Haber / news,"akreditasyon, accreditation, küb, kurumsal, eğitim, çalıştayı, gerçekleştirildi, kurumsal akreditasyon, küb kurumsal, yökak yürütülen, çalıştayın, üniversitelerinin, arel, üniversiteler, yökak, kub, egitim, calistayi, gerceklestirildi","Kıbrıs Üniversiteler Birliği (KÜB) tarafından, kurumsal akreditasyon süreçlerine yönelik deneyim paylaşımını ve hazırlık kapasitesini güçlendirmek amacıyla düzenlenen Kurumsal Akreditasyon Deneyim Paylaşımı Eğitim Çalışt…"
https://arucad.edu.tr/kurumsal-iletisim-ofisi-yeni-medya-ve-iletisim-bolumu-ve-gorsel-iletisim-tasarimi-ogrencilerini-arkin-rodin-collection-galleryde-agirladi/,https://arucad.edu.tr/kurumsal-iletisim-ofisi-yeni-medya-ve-iletisim-bolumu-ve-gorsel-iletisim-tasarimi-ogrencilerini-arkin-rodin-collection-galleryde-agirladi/,"Kurumsal İletişim Ofisi, Yeni Medya ve İletişim Bölümü ve Görsel İletişim Tasarımı öğrencilerini Arkın Rodin Collection Gallery’de ağırladı",TR,Haber / news,"iletişim, contact, adres, telefon, Rodin koleksiyonu, Arkın Rodin Gallery, görsel iletişim tasarımı, graphic design, yeni medya, journalism, kurumsal, ofisi, medya, bölümü, görsel, tasarımı, öğrencilerini, rodin, collection, gallery, ağırladı, kurumsal iletişim, iletişim ofisi, rodin collection, iletisim, bolumu, gorsel, tasarimi, ogrencilerini, galleryde, agirladi","Yrd. Doç. Dr. Huri Yontucu tarafından verilen Yenilikçi Uygulamalar dersi kapsamında, Kurumsal İletişim Ofisi tarafından iki gün boyunca Arkın Rodin Collection Gallery gezisi düzenlendi. Kurumsal İletişim Ofisi Koordinat…"
https://arucad.edu.tr/lefke-avrupa-universitesi-ile-arkin-yaratici-sanatlar-ve-tasarim-universitesi-arasinda-protokol-imzalandi/,https://arucad.edu.tr/lefke-avrupa-universitesi-ile-arkin-yaratici-sanatlar-ve-tasarim-universitesi-arasinda-protokol-imzalandi/,Lefke Avrupa Üniversitesi ile Arkın Yaratıcı Sanatlar ve Tasarım Üniversitesi Arasında Protokol İmzalandı,TR,Haber / news,"protokol, iş birliği, cooperation, lefke, avrupa, yaratıcı, sanatlar, tasarım, imzalandı, üniversitelerin bilgi, ali yükselen, mehmet ali, yükselen, protokolün, laü, diledi, yaratici, tasarim, arasinda, imzalandi",Lefke Avrupa Üniversitesi (LAÜ) ile Arkın Yaratıcı Sanatlar ve Tasarım Üniversitesi (ARUCAD) arasında akademik iş birliğini güçlendirmek amacıyla bir protokol imzalandı. Lefke Avrupa Üniversitesi’nde gerçekleştirilen imz…
https://arucad.edu.tr/lefkosa-badminton-kulubu-baskani-denerelden-arucad-rektoru-vehbiye-tesekkur-ziyareti/,https://arucad.edu.tr/lefkosa-badminton-kulubu-baskani-denerelden-arucad-rektoru-vehbiye-tesekkur-ziyareti/,Lefkoşa Badminton Kulübü Başkanı Denerel’den ARUCAD Rektörü Vehbi’ye Teşekkür Ziyareti,TR,Haber / news,"yönetim, administration, rektörlük, lefkoşa, badminton, kulübü, başkanı, denerel, rektörü, vehbi, teşekkür, ziyareti, lefkoşa badminton, badminton kulübü, ahmet özdal, sporun, özdal, lefkosa, kulubu, baskani, denerelden, rektoru, vehbiye, tesekkur","Lefkoşa Badminton Kulübü Başkanı Doç. Dr. Nevzad Denerel, geçtiğimiz hafta Arkın Yaratıcı Sanatlar ve Tasarım Üniversitesi (ARUCAD) sponsorluğunda düzenlenen Ahmet Özdal Kış Kupası Turnuvası’na sağladığı destek nedeniyle…"
https://arucad.edu.tr/lotr-my-precious-disiplinlerarasi-ogrenci-sergisi/,https://arucad.edu.tr/lotr-my-precious-disiplinlerarasi-ogrenci-sergisi/,“LOTR: My Precious” Disiplinlerarası Öğrenci Sergisi,TR,Haber / news,"sergi, exhibition, lotr, precious, disiplinlerarası, sergisi, disiplinlerarası üretim, araştırma temelli, öğrenme çıktıları, sağlamıştır, yaklaşımı, çıktıları, gerçekleştirilmiş, karşılanmıştır, filminden, disiplinlerarasi, ogrenci","ARUCAD Sanat Fakültesi bünyesinde, 26 Haziran 2026 tarihinde Ana Kampüs The Kiss Binası Sanat Galerisi’nde “LOTR: My Precious” başlıklı disiplinlerarası öğrenci sergisi gerçekleştirilmiştir."
https://arucad.edu.tr/makro-dunyaya-yakindan-bakis/,https://arucad.edu.tr/makro-dunyaya-yakindan-bakis/,Makro dünyaya yakından bakış,TR,Haber / news,"makro, dünyaya, yakından, bakış, makro fotoğrafçılık, gıfder, fotoğrafçılık, kareler, objektifinden, çelikeri, bakma, etkinlikten, dünyalar, karmi, dunyaya, yakindan, bakis","ARUCAD Fotoğraf Bölümü ile GIFDER iş birliğinde düzenlenen “Makro Fotoğrafçılık Atölyesi”, 15 Mayıs 2026 tarihinde Karmi’de gerçekleştirildi."
https://arucad.edu.tr/matini-al-gel-pilates-etkinligi-performans-studyosunda-gerceklestirildi/,https://arucad.edu.tr/matini-al-gel-pilates-etkinligi-performans-studyosunda-gerceklestirildi/,Matını Al Gel Pilates Etkinliği Performans Stüdyosu’nda Gerçekleştirildi,TR,Haber / news,"stüdyo, studio, matını, gel, pilates, etkinliği, performans, stüdyosu, gerçekleştirildi, matını gel, gel pilates, pilates etkinliği, azaltmak, sebebiyle, açmaya, sakinleşme, matini, etkinligi, studyosunda, gerceklestirildi","Fiziksel ve zihinsel iyi oluşu desteklemek, stres ve günlük yaşamın yoğunluğunu azaltmak amacıyla düzenlenen Matını Al Gel Pilates Etkinliği, katılımcıları bir araya getirdi. Hava muhalefeti sebebiyle ana kampüs çim alan…"
https://arucad.edu.tr/mehmet-yasin-arucadda-siir-felsefe-ve-karsilasmalar-uzerine-konustu/,https://arucad.edu.tr/mehmet-yasin-arucadda-siir-felsefe-ve-karsilasmalar-uzerine-konustu/,"Mehmet Yaşın ARUCAD’da Şiir, Felsefe ve Karşılaşmalar Üzerine Konuştu",TR,Haber / news,"mehmet, yaşın, şiir, felsefe, karşılaşmalar, konuştu, mehmet yaşın, sapfo rumi, çoğu zaman, şiirin, sapfo, rumi, okunabileceğini, zamanlar, yasin, arucadda, siir, karsilasmalar, uzerine, konustu","Arkın Yaratıcı Sanatlar ve Tasarım Üniversitesi (ARUCAD), 5 Mayıs Salı akşamı saat 18.30’da Bandabuliya Kampüsü’nde düzenlediği etkinlikte şair ve yazar Mehmet Yaşın’ı ağırladı. Görsel İletişim Tasarımı Bölüm Başkanı Yrd…"
https://arucad.edu.tr/mehves-beyidoglunun-gecirgen-sergisi-art-rooms-galeride-acildi/,https://arucad.edu.tr/mehves-beyidoglunun-gecirgen-sergisi-art-rooms-galeride-acildi/,Mehveş Beyidoğlu’nun “Geçirgen” Sergisi Art Rooms Galeri’de Açıldı,TR,Haber / news,"sergi, exhibition, mehveş, beyidoğlu, geçirgen, sergisi, art, rooms, galeri, açıldı, beyidoğlu geçirgen, rooms galeri, mehveş beyidoğlu, izleri, boya, pas, mehves, beyidoglunun, gecirgen, galeride, acildi","Arkın Yaratıcı Sanatlar ve Tasarım Üniversitesi’nin (ARUCAD) ilk mezunlarından sanatçı Mehveş Beyidoğlu’nun “Geçirgen/See Through” başlıklı kişisel sergisi, Art Rooms Galeri’de gerçekleşen açılış kokteyliyle sanatseverle…"
https://arucad.edu.tr/melissa-ugolini-arucadda-disiplinler-arasi-is-birligi-uzerine-web-semineri-gerceklestirdi/,https://arucad.edu.tr/melissa-ugolini-arucadda-disiplinler-arasi-is-birligi-uzerine-web-semineri-gerceklestirdi/,Melissa Ugolini ARUCAD’da Disiplinler Arası İş Birliği Üzerine Web Semineri Gerçekleştirdi,TR,Haber / news,"seminer, konferans, etkinlik, protokol, iş birliği, cooperation, melissa, ugolini, disiplinler, arası, birliği, web, semineri, gerçekleştirdi, disiplinler arası, ugolini disiplinler, arası birliği, planlanarak, derinleştiğini, söyleşisi, arucadda, arasi, birligi, uzerine, gerceklestirdi","Arkın Yaratıcı Sanatlar ve Tasarım Üniversitesi (ARUCAD) Modern Dans Bölümü tarafından düzenlenen web seminerinin konuğu, uluslararası dansçı, koreograf ve prova yönetmeni Melissa Ugolini oldu. “Disiplinler Arası İş Birl…"
https://arucad.edu.tr/mersinlik-ve-kaplica-bolgelerine-arkeolojik-alan-ziyareti-gerceklestirildi/,https://arucad.edu.tr/mersinlik-ve-kaplica-bolgelerine-arkeolojik-alan-ziyareti-gerceklestirildi/,Mersinlik ve Kaplıca bölgelerine arkeolojik alan ziyareti gerçekleştirildi,TR,Haber / news,"mersinlik, kaplıca, bölgelerine, arkeolojik, ziyareti, gerçekleştirildi, kaplıca bölgelerine, mersinlik kaplıca, kalıntılarla, gömü, yerinde, hellenistik, mezar, incelenerek, kaplica, bolgelerine, gerceklestirildi","ARHA 104 “Kıbrıs ve Anadolu Arkeolojisi II” dersi kapsamında, Hellenistik ve Roma dönemlerine odaklanan Mersinlik ve Kaplıca bölgelerine bir saha gezisi gerçekleştirildi. Gezi kapsamında bir mezar yapısı incelenerek öğre…"
https://arucad.edu.tr/meryem-ozkurt-arucadda-hakikat-sonrasi-cagda-medya-seminerini-gerceklestirdi/,https://arucad.edu.tr/meryem-ozkurt-arucadda-hakikat-sonrasi-cagda-medya-seminerini-gerceklestirdi/,Meryem Özkurt ARUCAD’da “Hakikat Sonrası Çağda Medya” Seminerini Gerçekleştirdi,TR,Haber / news,"seminer, konferans, etkinlik, meryem, özkurt, hakikat, sonrası, çağda, medya, seminerini, gerçekleştirdi, hakikat sonrası, meryem özkurt, sonrası çağda, bayrak, brtk, zekânın, ozkurt, arucadda, sonrasi, cagda, gerceklestirdi","Arkın Yaratıcı Sanatlar ve Tasarım Üniversitesi (ARUCAD) Yeni Medya ve İletişim Bölümü tarafından düzenlenen “Hakikat Sonrası Çağda Medya” başlıklı seminer, 30 Nisan 2025 tarihinde DA CLA02 salonunda gerçekleşti. Etkinli…"
https://arucad.edu.tr/mezun-bulusmasi-ceren-ozcaka-ve-oyku-muftugul/,https://arucad.edu.tr/mezun-bulusmasi-ceren-ozcaka-ve-oyku-muftugul/,Mezun Buluşması: Ceren Özçaka ve Öykü Müftügül,TR,Haber / news,"kariyer, mezunlar, career, alumni, mezun, buluşması, ceren, özçaka, öykü, müftügül, ceren özçaka, özçaka öykü, öykü müftügül, mezunlarımız, anılarını, gerçekleştirdiler, motive, dönemlerinden, bulusmasi, ozcaka, oyku, muftugul","ARUCAD Mezun–Öğrenci Buluşmaları kapsamında, Yeni Medya ve İletişim Bölümü mezunlarımız Ceren Özçaka ve Öykü Müftügül öğrencilerle bir araya geldi."
https://arucad.edu.tr/mezun-bulusmasi-nafas-taheri/,https://arucad.edu.tr/mezun-bulusmasi-nafas-taheri/,Mezun Buluşması: Nafas Taheri,TR,Haber / news,"kariyer, mezunlar, career, alumni, mezun, buluşması, nafas, taheri, nafas taheri, anılara, mezunumuz, içgörüler, yolunu, öğrencilik, buluşmada, yolculuğunu, düşündürücü, öğrencilerle, bulusmasi","ARUCAD mezun–öğrenci buluşmaları kapsamında, mezunumuz Nafas Taheri öğrencilerle bir araya geldi."
https://arucad.edu.tr/mike-bergin-innocent-of-theory-sergisi-art-roomsda/,https://arucad.edu.tr/mike-bergin-innocent-of-theory-sergisi-art-roomsda/,Mike Berg’in “Innocent of Theory” Sergisi Art Rooms’da,TR,Haber / news,"sergi, exhibition, mike, berg, ınnocent, theory, sergisi, art, rooms, rooms galeri, davet ediyor, art rooms, galeri, izleyiciyi, sanatçının, sanatseverlerle, bergin, innocent, roomsda","Art Rooms Galeri’nin Arkın Yaratıcı Sanatlar ve Tasarım Üniversitesi (ARUCAD) işbirliğinde düzenlediği Mike Berg’in “Innocent of Theory” başlıklı sergisi, 28 Kasım Cuma akşamı düzenlenen açılış kokteyliyle sanatseverlerl…"
https://arucad.edu.tr/mimar-tunc-adanir-arucadin-lefkosa-uray-sokak-donusum-projesini-anlatti/,https://arucad.edu.tr/mimar-tunc-adanir-arucadin-lefkosa-uray-sokak-donusum-projesini-anlatti/,"Mimar Tunç Adanır, ARUCAD’ın Lefkoşa Uray Sokak Dönüşüm Projesini Anlattı",TR,Haber / news,"mimar, tunç, adanır, lefkoşa, uray, sokak, dönüşüm, projesini, anlattı, tunç adanır, uray sokak, seminerde lefkoşa, yapının, işlevlendirilerek, tunc, adanir, arucadin, lefkosa, donusum, anlatti","Arkın Yaratıcı Sanatlar ve Tasarım Üniversitesi (ARUCAD), mimarlık ve kentsel miras alanında önemli bir projeye ışık tutan bir seminere ev sahipliği yaptı. Yüksek Mimar Tunç Adanır , ARUCAD İç Mimarlık ve Çevre Tasarımı …"
https://arucad.edu.tr/mimarlikta-yeni-ufuklar-xr-teknolojileri-arucadda-ele-alindi/,https://arucad.edu.tr/mimarlikta-yeni-ufuklar-xr-teknolojileri-arucadda-ele-alindi/,Mimarlıkta Yeni Ufuklar: XR Teknolojileri ARUCAD’da Ele Alındı,TR,Haber / news,"mimarlık, architecture, mimarlıkta, ufuklar, teknolojileri, ele, alındı, lidar tarama, entegre edildiği, tasarım süreçlerine, tarama, lidar, gözlemledi, teknolojilerinin, gerçeklik, mimarlikta, arucadda, alindi","Arkın Yaratıcı Sanatlar ve Tasarım Üniversitesi Mimarlık Bölümü tarafından, 13 Mart Cuma günü “Immersive Architecture: XR Technologies in Contemporary Design Practice” başlıklı bir atölye çalışması gerçekleştirildi. Mima…"
https://arucad.edu.tr/mine-atli-arucadda-insan-ticareti-konusunu-ele-aldi/,https://arucad.edu.tr/mine-atli-arucadda-insan-ticareti-konusunu-ele-aldi/,"Mine Atlı, ARUCAD’da İnsan Ticareti Konusunu Ele Aldı",TR,Haber / news,"mine, atlı, insan, ticareti, konusunu, ele, mine atlı, konuşmasında insan, insan ticaretinin, ticaretinin, kadın, hukuki, kıbrıslı, güvenlik, atli, arucadda, aldi","Arkın Yaratıcı Sanatlar ve Tasarım Üniversitesi (ARUCAD) Çeşitlilik, Eşitlik ve Kapsayıcılık Ofisi’nin düzenlediği ilk etkinlikte, Kıbrıslı Türk siyasetçi, avukat ve insan hakları savunucusu Mine Atlı konuk edildi."
https://arucad.edu.tr/mixing-ve-mastering-surecinin-tum-yolculugu-baslikli-seminer-arucadda-gerceklestirildi/,https://arucad.edu.tr/mixing-ve-mastering-surecinin-tum-yolculugu-baslikli-seminer-arucadda-gerceklestirildi/,"“Mixing ve Mastering Sürecinin Tüm Yolculuğu” başlıklı seminer, ARUCAD’da gerçekleştirildi",TR,Haber / news,"seminer, konferans, etkinlik, lisansüstü, yüksek lisans, graduate studies, mixing, mastering, sürecinin, yolculuğu, başlıklı, gerçekleştirildi, mixing mastering, kayıtların, yazgın, ham, aşamalarına, dinamikleri, ürüne, surecinin, tum, yolculugu, baslikli, arucadda, gerceklestirildi","Etkinlikte mixing ve mastering süreçleri bütüncül bir yaklaşımla ele alınarak, ham kayıtların profesyonel bir son ürüne dönüşüm süreci incelendi."
https://arucad.edu.tr/modern-dans-bolumunden-onleyici-ve-onarici-fizyoterapi-semineri/,https://arucad.edu.tr/modern-dans-bolumunden-onleyici-ve-onarici-fizyoterapi-semineri/,Modern Dans Bölümü’nden Önleyici ve Onarıcı Fizyoterapi Semineri,TR,Haber / news,"seminer, konferans, etkinlik, dans, dance, modern, bölümü, önleyici, onarıcı, fizyoterapi, semineri, önleyici onarıcı, onarıcı fizyoterapi, dans bölümü, bedeniyle, fizyoterapist, sürdürülebilirliğinin, sağlanmasına, bolumunden, onleyici, onarici","Arkın Yaratıcı Sanatlar ve Tasarım Üniversitesi (ARUCAD) Modern Dans Bölümü tarafından düzenlenen “Güçlü Ama Kırılgan: Dansçının Bedeniyle Çalışmak – Önleyici ve Onarıcı Fizyoterapi” başlıklı seminer, 26 Aralık 2025 Cuma…"
https://arucad.edu.tr/mustafa-batibenizin-yeni-sergisi-somurgecilik-sonrasi-insansilari-arucad-art-spacete/,https://arucad.edu.tr/mustafa-batibenizin-yeni-sergisi-somurgecilik-sonrasi-insansilari-arucad-art-spacete/,Mustafa Batıbeniz’in Yeni Sergisi “Sömürgecilik Sonrası İnsansılar” ARUCAD Art Space’te,TR,Haber / news,"sergi, exhibition, mustafa, batıbeniz, sergisi, sömürgecilik, sonrası, insansılar, art, space, sömürgecilik sonrası, sonrası insansıları, art space, insansıları, hafızasından, insansı, batibenizin, somurgecilik, sonrasi, insansilari, spacete","Disiplinlerarası çalışmalarıyla dikkat çeken sanatçı Mustafa Batıbeniz’in yeni sergisi “Sömürgecilik Sonrası İnsansıları” (Post-Colonial Humanoids), Lefkoşa’da yer alan ARUCAD Art Space’te açıldı. Kıbrıs’ın sömürgecilik …"
https://arucad.edu.tr/muzeler-haftasi-seramik-atolyesi-cocuk-etkinligine-arucad-akademik-katkisi/,https://arucad.edu.tr/muzeler-haftasi-seramik-atolyesi-cocuk-etkinligine-arucad-akademik-katkisi/,Müzeler Haftası Seramik Atölyesi Çocuk Etkinliğine ARUCAD Akademik Katkısı,TR,Haber / news,"atölye, workshop, seramik, cam, ceramics, glass, müzeler, haftası, atölyesi, çocuk, etkinliğine, akademik, katkısı, atölyesi çocuk, müzeler haftası, görev almıştır, eğitmen, almıştır, ekibi, muzeler, haftasi, atolyesi, cocuk, etkinligine, katkisi","Eski Eserler ve Müzeler Dairesi Girne Bölge Şube Amirliği tarafından 18–24 Mayıs 2026 Müzeler Haftası kapsamında Girne Kalesi’nde düzenlenen seramik atölyesi çocuk etkinliği, paydaş iş birliğiyle yürütülen ve kültürel mi…"
https://arucad.edu.tr/muzisyen-oytun-kuskunun-katilimiyla-her-sey-bir-enstruman-olabilir-baslikli-seminer-duzenlendi/,https://arucad.edu.tr/muzisyen-oytun-kuskunun-katilimiyla-her-sey-bir-enstruman-olabilir-baslikli-seminer-duzenlendi/,Müzisyen Oytun Küskü’nün katılımıyla “Her Şey Bir Enstrüman Olabilir” başlıklı seminer düzenlendi,TR,Haber / news,"seminer, konferans, etkinlik, laboratuvar, lab, müzisyen, oytun, küskü, katılımıyla, şey, enstrüman, olabilir, başlıklı, düzenlendi, nesnelerin, alışılmadık, enstrümana, dönüşebileceğini, muzisyen, kuskunun, katilimiyla, sey, enstruman, baslikli, duzenlendi","Ses Sanatları ve Tasarım Bölümü'nün bu seminerinde katılımcılar, ses üretimine yönelik deneysel yaklaşımları keşfederken gündelik nesnelerin ve alışılmadık araçların nasıl birer enstrümana dönüşebileceğini deneyimleme fı…"
https://arucad.edu.tr/niloufar-jaberinin-entanglement-adli-kisisel-sergisinin-acilisi-arucad-art-spacede-gerceklestirildi/,https://arucad.edu.tr/niloufar-jaberinin-entanglement-adli-kisisel-sergisinin-acilisi-arucad-art-spacede-gerceklestirildi/,"Niloufar Jaberi’nin ENTANGLEMENT Adlı Kişisel Sergisinin Açılışı, ARUCAD Art Space’de Gerçekleştirildi",TR,Haber / news,"sergi, exhibition, niloufar, jaberi, entanglement, adlı, kişisel, sergisinin, açılışı, art, space, gerçekleştirildi, kişisel sergisinin, sergisinin açılışı, space gerçekleştirildi, görünmez, jaberinin, adli, kisisel, acilisi, spacede, gerceklestirildi","Niloufar Jaberi'nin ENTANGLEMENT adlı kişisel sergisinin açılışı, dün akşam ARUCAD Art Space'de gerçekleştirildi."
https://arucad.edu.tr/ogr-gor-batu-gundal-arucadda-moodboard-atolyesi-ii-seminerini-gerceklestirdi/,https://arucad.edu.tr/ogr-gor-batu-gundal-arucadda-moodboard-atolyesi-ii-seminerini-gerceklestirdi/,Öğr. Gör. Batu Gündal ARUCAD’da “Moodboard Atölyesi II” Seminerini Gerçekleştirdi,TR,Haber / news,"seminer, konferans, etkinlik, atölye, workshop, batu, gündal, moodboard, atölyesi, seminerini, gerçekleştirdi, moodboard atölyesi, seminerde görsel, batu gündal, kullanımının, görsel, kavramların, aktarılırken, araştırmanın, ogr, gor, gundal, arucadda, atolyesi, gerceklestirdi","Arkın Yaratıcı Sanatlar ve Tasarım Üniversitesi Yeni Medya ve İletişim Bölümü tarafından düzenlenen “Moodboard Atölyesi II” başlıklı seminer, 7 Nisan 2026 Salı günü RO LPC01’de gerçekleştirildi. Plastik Sanatlar Bölümü’n…"
https://arucad.edu.tr/onur-hamilton-karaoglu-arucadda-distopik-utopya-uzerine-konustu/,https://arucad.edu.tr/onur-hamilton-karaoglu-arucadda-distopik-utopya-uzerine-konustu/,Onur Hamilton Karaoğlu ARUCAD’da “Distopik Ütopya” Üzerine Konuştu,TR,Haber / news,"onur, hamilton, karaoğlu, distopik, ütopya, konuştu, onur hamilton, hamilton karaoğlu, distopik ütopya, sanatlarının, üretiminde, performans, performansın, oyuncusu, karaoglu, arucadda, utopya, uzerine, konustu","Arkın Yaratıcı Sanatlar ve Tasarım Üniversitesi Oyunculuk Bölümü tarafından düzenlenen “Distopik Ütopya” başlıklı web semineri, 2 Nisan 2026 Perşembe günü gerçekleştirildi. Tiyatro oyuncusu ve performans sanatçısı Onur H…"
https://arucad.edu.tr/oyun-sektorunde-yapay-zeka-ve-yaratici-uretim-tartisildi/,https://arucad.edu.tr/oyun-sektorunde-yapay-zeka-ve-yaratici-uretim-tartisildi/,Oyun sektöründe yapay zeka ve yaratıcı üretim tartışıldı,TR,Haber / news,"yapay zeka, AI, oyun, sektöründe, yapay, zeka, yaratıcı, üretim, tartışıldı, flamy fish, fish studio, seminerde yapay, flamy, fish, alicik, teknolojilerinin, sektorunde, yaratici, uretim, tartisildi",Arkın Yaratıcı Sanatlar ve Tasarım Üniversitesi bünyesinde 27 Nisan tarihinde “Insight Talks From a Game Designer in Cyprus – Flamy Fish Studio” başlıklı bir seminer gerçekleştirildi. Oyun geliştirme alanına odaklanan et…
https://arucad.edu.tr/oyunculuk-bolumunde-tijen-lawton-ile-beden-surekli-evrilen-bir-arsiv/,https://arucad.edu.tr/oyunculuk-bolumunde-tijen-lawton-ile-beden-surekli-evrilen-bir-arsiv/,"Oyunculuk Bölümü’nde Tijen Lawton ile: “Beden, sürekli evrilen bir arşiv",TR,Haber / news,"oyunculuk, bölümü, tijen, lawton, beden, sürekli, evrilen, arşiv, bilinçli risk, açık sistem, seminerde lawton, bedenini, rolün, sistem, bolumunde, surekli, arsiv","Arkın Yaratıcı Sanatlar ve Tasarım Üniversitesi (ARUCAD) Müzik ve Sahne Sanatları Fakültesi Oyunculuk Bölümü, Deneyimlerin Paylaşımı dersi kapsamında 4 Aralık 2025 Perşembe günü çevrimiçi olarak düzenlenen buluşmada perf…"
https://arucad.edu.tr/plastik-sanatlar-bolumu-mezun-ogrenci-bulusma-hasan-kayiplar-ve-kundai-mharadze/,https://arucad.edu.tr/plastik-sanatlar-bolumu-mezun-ogrenci-bulusma-hasan-kayiplar-ve-kundai-mharadze/,Plastik Sanatlar Bölümü Mezun–Öğrenci Buluşma: Hasan Kayıplar ve Kundai Mharadze,TR,Haber / news,"kariyer, mezunlar, career, alumni, resim, heykel, güzel sanatlar, plastik, sanatlar, bölümü, mezun, buluşma, hasan, kayıplar, kundai, mharadze, kayıplar kundai, kundai mharadze, hasan kayıplar, mezunlarımız, paylaşırken, bolumu, ogrenci, bulusma, kayiplar",ARUCAD Plastik Sanatlar Bölümü tarafından düzenlenen Mezun–Öğrenci Buluşmaları kapsamında mezunlarımız Hasan Kayıplar ve Kundai Mharadze öğrencilerle bir araya geldi.
https://arucad.edu.tr/plastik-sanatlar-bolumunde-sanatci-katilimli-uygulamali-atolye-calismasi-gerceklestirildi/,https://arucad.edu.tr/plastik-sanatlar-bolumunde-sanatci-katilimli-uygulamali-atolye-calismasi-gerceklestirildi/,Plastik Sanatlar Bölümünde Sanatçı Katılımlı Uygulamalı Atölye Çalışması Gerçekleştirildi,TR,Haber / news,"atölye, workshop, resim, heykel, güzel sanatlar, plastik, sanatlar, bölümünde, sanatçı, katılımlı, uygulamalı, çalışması, gerçekleştirildi, heykel üretim, plastik sanatlar, sanatçı ledelle, ledelle, moe, bolumunde, sanatci, katilimli, uygulamali, atolye, calismasi, gerceklestirildi","ARUCAD Plastik Sanatlar Bölümü tarafından düzenlenen “Metal ve Çimentodan Karma Teknik Heykel Üretim Süreçleri” başlıklı atölye çalışması, 18–19 Aralık 2025 tarihlerinde gerçekleştirildi. Yrd. Doç. Dr. Raif Dimililer koo…"
https://arucad.edu.tr/prof-aydin-teker-arucadda-uc-atolye-gerceklestirdi/,https://arucad.edu.tr/prof-aydin-teker-arucadda-uc-atolye-gerceklestirdi/,Prof. Aydın Teker ARUCAD’da Üç Atölye Gerçekleştirdi,TR,Haber / news,"atölye, workshop, aydın, teker, gerçekleştirdi, aydın teker, atölye serisi, modern dans, mekânı, serisi, mekânla, yaklaşmalarını, yılına, katılımcılara, dans, aydin, arucadda, atolye, gerceklestirdi","Arkın Yaratıcı Sanatlar ve Tasarım Üniversitesi Modern Dans Bölümü tarafından düzenlenen “Bedenle Mekânı Şekillendirmek” başlıklı atölye serisi, çağdaş dansın önemli isimlerinden Prof. Aydın Teker’in yürütücülüğünde gerç…"
https://arucad.edu.tr/prof-dr-kerem-karaboga-ustalar-ustalarini-anlatiyor-soylesisinde-tiyatro-yolculugunu-ve-ustalik-anlayisini-paylasti/,https://arucad.edu.tr/prof-dr-kerem-karaboga-ustalar-ustalarini-anlatiyor-soylesisinde-tiyatro-yolculugunu-ve-ustalik-anlayisini-paylasti/,"Prof. Dr. Kerem Karaboğa, “Ustalar Ustalarını Anlatıyor” Söyleşisinde Tiyatro Yolculuğunu ve Ustalık Anlayışını Paylaştı",TR,Haber / news,"seminer, konferans, etkinlik, tiyatro, theatre, kerem, karaboğa, ustalar, ustalarını, anlatıyor, söyleşisinde, yolculuğunu, ustalık, anlayışını, paylaştı, belirten karaboğa, karaboğa tiyatroya, sanat yaşamında, karaboga, ustalarini, anlatiyor, soylesisinde, yolculugunu, ustalik, anlayisini, paylasti","Arkın Yaratıcı Sanatlar ve Tasarım Üniversitesi (ARUCAD) Müzik ve Sahne Sanatları Fakültesi Dekanı Prof. Dr. Kerem Karaboğa, Türkiye Tiyatro Vakfı tarafından düzenlenen “Ustalar Ustalarını Anlatıyor” söyleşi serisinin 20…"
https://arucad.edu.tr/prof-dr-latife-summerer-arucadda-girne-arkeolojisini-anlatti/,https://arucad.edu.tr/prof-dr-latife-summerer-arucadda-girne-arkeolojisini-anlatti/,Prof. Dr. Latife Summerer ARUCAD’da Girne Arkeolojisini Anlattı,TR,Haber / news,"latife, summerer, girne, arkeolojisini, anlattı, girne arkeolojisini, arkeolojik araştırma, alındı seminer, arkeolojik, tarihsel, birleştirmek, çıkarmanın, arkeologların, problemler, arucadda, anlatti","Arkın Yaratıcı Sanatlar ve Tasarım Üniversitesi’nde 2 Nisan 2026 Perşembe günü gerçekleştirilen “Girne’nin Yüzey Altı: Girne Arkeolojisini Birleştirmek” başlıklı web seminerinde, Prof. Dr. Latife Summerer öğrencilerle bi…"
https://arucad.edu.tr/prof-dr-nur-sozen-arucadda-doga-ile-tasarim-yaklasimini-anlatti/,https://arucad.edu.tr/prof-dr-nur-sozen-arucadda-doga-ile-tasarim-yaklasimini-anlatti/,Prof. Dr. Nur Sözen ARUCAD’da “Doğa ile Tasarım” Yaklaşımını Anlattı,TR,Haber / news,"nur, sözen, doğa, tasarım, yaklaşımını, anlattı, doğa tasarım, doğa temelli, nur sözen, ekolojik, uyumlu, planlama, konuşmacının, bağlantıyla, sozen, arucadda, doga, tasarim, yaklasimini, anlatti","Arkın Yaratıcı Sanatlar ve Tasarım Üniversitesi’nde 31 Mart 2026 Salı günü gerçekleştirilen “Doğa ile Tasarım” başlıklı web seminerinde, Prof. Dr. Nur Sözen öğrencilerle çevrim içi olarak bir araya geldi. TK CLA05’te ger…"
https://arucad.edu.tr/prof-tugce-ulugun-tuna-arucad-oyunculuk-bolumu-web-seminerinde-beden-ve-mekan-iliskisini-anlatti/,https://arucad.edu.tr/prof-tugce-ulugun-tuna-arucad-oyunculuk-bolumu-web-seminerinde-beden-ve-mekan-iliskisini-anlatti/,Prof. Tuğçe Ulugün Tuna ARUCAD Oyunculuk Bölümü Web Semineri’nde “Beden ve Mekân” İlişkisini Anlattı,TR,Haber / news,"seminer, konferans, etkinlik, tuğçe, ulugün, tuna, oyunculuk, bölümü, web, semineri, beden, mekân, ilişkisini, anlattı, tuğçe ulugün, ulugün tuna, mekâna özgü, tugce, ulugun, bolumu, seminerinde, mekan, iliskisini, anlatti","Arkın Yaratıcı Sanatlar ve Tasarım Üniversitesi (ARUCAD) Oyunculuk Bölümü tarafından düzenlenen “Beden ve Mekân Üzerine” başlıklı web seminerinde; ödüllü koreograf, çağdaş dans ve disiplinlerarası performans sanatçısı, b…"
https://arucad.edu.tr/quo-vadis-teknoloji-ve-gostergebilim-kolokyumu-konferans-salonunda-gerceklestirildi/,https://arucad.edu.tr/quo-vadis-teknoloji-ve-gostergebilim-kolokyumu-konferans-salonunda-gerceklestirildi/,Quo Vadis? Teknoloji ve Göstergebilim Kolokyumu Konferans Salonu’nda Gerçekleştirildi,TR,Haber / news,"seminer, konferans, etkinlik, quo, vadis, teknoloji, göstergebilim, kolokyumu, salonu, gerçekleştirildi, vadis teknoloji, teknoloji göstergebilim, artificial ıntelligence, gösterge, ıntelligence, woke, gostergebilim, salonunda, gerceklestirildi","Quo Vadis? Teknoloji ve Göstergebilim başlıklı, göstergebilim yüksek lisans dersi kolokyumu 15 Haziran 2026 tarihinde saat 17.30’da Konferans Salonu’nda gerçekleştirildi. Kolokyumda, derse kayıtlı yüksek lisans öğrencile…"
https://arucad.edu.tr/sahne-sanatlarinda-produksiyon-surecleri-baslikli-seminer-arucad-bandabuliya-sahnesinde-gerceklestirildi/,https://arucad.edu.tr/sahne-sanatlarinda-produksiyon-surecleri-baslikli-seminer-arucad-bandabuliya-sahnesinde-gerceklestirildi/,"“Sahne Sanatlarında Prodüksiyon Süreçleri” başlıklı seminer, ARUCAD Bandabuliya Sahnesi’nde gerçekleştirildi",TR,Haber / news,"seminer, konferans, etkinlik, sahne, sanatlarında, prodüksiyon, süreçleri, başlıklı, bandabuliya, sahnesi, gerçekleştirildi, sahne sanatlarında, operatörü, prodüksiyonlarında, akışlarını, çıktılar, sanatlarinda, produksiyon, surecleri, baslikli, sahnesinde, gerceklestirildi","Sahne üretiminde yaratıcı ve teknik süreçlerin ele alındığı etkinlikte, sanatsal fikirlerin performansa dönüşümüne dair dinamikler paylaşıldı."
https://arucad.edu.tr/sevki-usta-arucadda-veri-odakli-pazarlama-yaklasimlarini-anlatti/,https://arucad.edu.tr/sevki-usta-arucadda-veri-odakli-pazarlama-yaklasimlarini-anlatti/,Şevki Usta ARUCAD’da Veri Odaklı Pazarlama Yaklaşımlarını Anlattı,TR,Haber / news,"şevki, usta, veri, odaklı, pazarlama, yaklaşımlarını, anlattı, şevki usta, odaklı pazarlama, dijital pazarlama, ölçümleme, verinin, stratejik, kullanıcı, sevki, arucadda, odakli, yaklasimlarini, anlatti","Arkın Yaratıcı Sanatlar ve Tasarım Üniversitesi’nde, 7 Nisan 2026 tarihinde FM-CLA01’de gerçekleştirilen “Dijital Dönemde Veri Odaklı Pazarlama Yaklaşımları” başlıklı seminerde, ARUCAD Veri Sistemleri Daire Başkanı Şevki…"
https://arucad.edu.tr/sinirlar-performansi-izleyicisiyle-bulusuyor/,https://arucad.edu.tr/sinirlar-performansi-izleyicisiyle-bulusuyor/,“Sınırlar” Performansı İzleyicisiyle Buluşuyor,TR,Haber / news,"sınırlar, performansı, izleyicisiyle, buluşuyor, ayrışma, çözümsüz, vurmalı, çalgılar, gerçeklikleri, düşündürdü, sakar, sesler, baran, metni, sinirlar, performansi, bulusuyor","Ses Sanatları ve Tasarımı öğrencisi Baran Sakar’ın mezuniyet projesi olarak sahnelenen Boundaries; canlı vurmalı çalgılar, elektronik sesler, hareket ve metni bir araya getirerek kimlik, ayrışma ve Kıbrıs’ın çözümsüz ger…"
https://arucad.edu.tr/sivil-savunma-teskilat-baskanligindan-arucad-rektoru-prof-dr-asim-vehbiye-nezaket-ziyareti/,https://arucad.edu.tr/sivil-savunma-teskilat-baskanligindan-arucad-rektoru-prof-dr-asim-vehbiye-nezaket-ziyareti/,Sivil Savunma Teşkilat Başkanlığı’ndan ARUCAD Rektörü Prof. Dr. Asım Vehbi’ye Nezaket Ziyareti,TR,Haber / news,"yönetim, administration, rektörlük, sivil, savunma, teşkilat, başkanlığı, rektörü, asım, vehbi, nezaket, ziyareti, sivil savunma, savunma teşkilat, teşkilat başkanlığı, ziyaretinde, afet, teskilat, baskanligindan, rektoru, asim, vehbiye","Sivil Savunma Teşkilat Başkanlığı yetkilileri, Arkın Yaratıcı Sanatlar ve Tasarım Üniversitesi (ARUCAD) Rektörü Prof. Dr. Asım Vehbi’ye nezaket ziyaretinde bulundu. Sivil Savunma Teşkilat Başkanı Atilla Karaca, Girne Böl…"
https://arucad.edu.tr/somatik-diyalog-web-semineri-gerceklestirildi/,https://arucad.edu.tr/somatik-diyalog-web-semineri-gerceklestirildi/,Somatik Diyalog Web Semineri Gerçekleştirildi,TR,Haber / news,"seminer, konferans, etkinlik, somatik, diyalog, web, semineri, gerçekleştirildi, somatik diyalog, diyalog web, bedenle kurulan, yedek, uzam, bedenimiz, kendinizi, imkânlar, bedenle, gerceklestirildi","Somatik Diyalog web semineri kapsamında, beden ile zihin arasındaki ilişki somatik yaklaşımlar üzerinden ele alındı. ARUCAD Oyunculuk Bölümü tarafından düzenlenen seminerde, yönlendirmeli hareket ve dans doğaçlamalarında…"
https://arucad.edu.tr/tariq-khayyat-arucadda-kentleri-ve-topluluklari-yeniden-sekillendirmeyi-anlatti/,https://arucad.edu.tr/tariq-khayyat-arucadda-kentleri-ve-topluluklari-yeniden-sekillendirmeyi-anlatti/,Tariq Khayyat ARUCAD’da Kentleri ve Toplulukları Yeniden Şekillendirmeyi Anlattı,TR,Haber / news,"tariq, khayyat, kentleri, toplulukları, yeniden, şekillendirmeyi, anlattı, tariq khayyat, kentleri toplulukları, toplulukları yeniden, mimarlığın, süreçlerindeki, mekânsal, deneyimini, arucadda, topluluklari, sekillendirmeyi, anlatti","Arkın Yaratıcı Sanatlar ve Tasarım Üniversitesi İç Mimarlık ve Çevre Tasarımı Bölümü tarafından düzenlenen “Kentleri ve Toplulukları Yeniden Şekillendirmek” başlıklı web semineri, 1 Nisan 2026 Çarşamba günü IR SDE03’te g…"
https://arucad.edu.tr/tekstil-ve-moda-tasarimi-bolumunden-3d-tekstil-ve-moda-tasarimi-atolyesi/,https://arucad.edu.tr/tekstil-ve-moda-tasarimi-bolumunden-3d-tekstil-ve-moda-tasarimi-atolyesi/,Tekstil ve Moda Tasarımı Bölümü’nden “3D Tekstil ve Moda Tasarımı Atölyesi”,TR,Haber / news,"atölye, workshop, tekstil ve moda tasarımı, fashion, tekstil, moda, tasarımı, bölümü, atölyesi, tekstil moda, moda tasarımı, tasarımı atölyesi, baskının, malzeme, teknolojinin, teknoloji, desteklediği, dönüştürebileceğine, tasarimi, bolumunden, atolyesi","Arkın Yaratıcı Sanatlar ve Tasarım Üniversitesi (ARUCAD) Tekstil ve Moda Tasarımı Bölümü tarafından, 9 Nisan 2026 tarihinde Dijital Oyun Tasarımı Bölüm Başkanı Yrd. Doç. Dr. Yunus Luckinger yürütücülüğünde “3D Tekstil ve…"
https://arucad.edu.tr/toplumsal-cinsiyet-esitligi-semineri-gerceklestirildi/,https://arucad.edu.tr/toplumsal-cinsiyet-esitligi-semineri-gerceklestirildi/,Toplumsal Cinsiyet Eşitliği Semineri Gerçekleştirildi,TR,Haber / news,"seminer, konferans, etkinlik, toplumsal, cinsiyet, eşitliği, semineri, gerçekleştirildi, cinsiyet eşitliği, toplumsal cinsiyet, insan hakları, aile, şiddetle, ilerledi, hakları, yönetimler, aktivisti, esitligi, gerceklestirildi","ARUCAD’da düzenlenen “Toplumsal Cinsiyet Eşitliği” başlıklı seminer gerçekleştirildi. Seminerde toplumsal cinsiyet eşitliği kavramı; hukuk, insan hakları, demokrasi ve yerel yönetimler bağlamında ele alındı."
https://arucad.edu.tr/toprak-ve-suyu-ekolojik-kulturel-ve-politik-aktorler-olarak-dusunduren-karma-sergi-soil-water-mediterranean-crossing-toprak-ve-su-akdeniz-gecisi-art-rooms-galeride-aci/,https://arucad.edu.tr/toprak-ve-suyu-ekolojik-kulturel-ve-politik-aktorler-olarak-dusunduren-karma-sergi-soil-water-mediterranean-crossing-toprak-ve-su-akdeniz-gecisi-art-rooms-galeride-aci/,Toprak ve Suyu Ekolojik Kültürel ve Politik Aktörler Olarak Düşündüren Karma Sergi “Soil & Water: Mediterranean Crossing” (Toprak ve Su: Akdeniz Geçişi) Art Rooms Galeri’de Açıldı,TR,Haber / news,"sergi, exhibition, toprak, suyu, ekolojik, kültürel, politik, aktörler, düşündüren, karma, soil, water, mediterranean, crossing, akdeniz, geçişi, art, rooms, galeri, açıldı, crossing toprak, toprak akdeniz, akdeniz geçişi, kulturel, aktorler, dusunduren, gecisi, galeride, aci","Girne’de bulunan çağdaş sanat galerisi Art Rooms’un yeni karma sergisi “Soil & Water: Mediterranean Crossing” [Toprak ve Su: Akdeniz Geçişi] ziyarete açıldı! Küratörlüğünü Başak Şenova’nın üstlendiği sergi, toprağı ve su…"
https://arucad.edu.tr/tuncer-bagiskan-anisina-duzenlenen-tarihimizden-detaylar-tasarim-yarismasinin-kazananlari-aciklandi/,https://arucad.edu.tr/tuncer-bagiskan-anisina-duzenlenen-tarihimizden-detaylar-tasarim-yarismasinin-kazananlari-aciklandi/,Tuncer Bağışkan Anısına Düzenlenen “TARİHİMİZDEN DETAYLAR” Tasarım Yarışmasının Kazananları Açıklandı,TR,Haber / news,"yarışma, competition, tuncer, bağışkan, anısına, düzenlenen, tarihimizden, tasarım, yarışmasının, kazananları, açıklandı, ödülü usd, fotoğraf kategorilerinde, gören yaş, kategorisinde, birincilik, bagiskan, anisina, duzenlenen, tasarim, yarismasinin, kazananlari, aciklandi","Arkın Yaratıcı Sanatlar ve Tasarım Üniversitesi (ARUCAD) ile Kıbrıs Türk Eğitim Vakfı (KTEV) işbirliğinde, Kıbrıslı Türk araştırmacı, yazar ve arkeolog Tuncer Bağışkan’ın anısını yaşatmak amacıyla düzenlenen “TARİHİMİZDE…"
https://arucad.edu.tr/tuncer-bagiskan-anisina-duzenlenen-tarihimizden-detaylar-tasarim-yarismasinin-odul-toreni-gerceklestirildi/,https://arucad.edu.tr/tuncer-bagiskan-anisina-duzenlenen-tarihimizden-detaylar-tasarim-yarismasinin-odul-toreni-gerceklestirildi/,Tuncer Bağışkan Anısına Düzenlenen “TARİHİMİZDEN DETAYLAR” Tasarım Yarışmasının Ödül Töreni Gerçekleştirildi,TR,Haber / news,"yarışma, competition, tuncer, bağışkan, anısına, düzenlenen, tarihimizden, tasarım, yarışmasının, ödül, töreni, gerçekleştirildi, türk eğitim, eğitim vakfı, başkanı umure, ödülünü, bagiskan, anisina, duzenlenen, tasarim, yarismasinin, odul, toreni, gerceklestirildi","Arkın Yaratıcı Sanatlar ve Tasarım Üniversitesi (ARUCAD) ile Kıbrıs Türk Eğitim Vakfı (KTEV) işbirliğinde, Kıbrıslı Türk araştırmacı, yazar ve arkeolog Tuncer Bağışkan’ın anısına düzenlenen “TARİHİMİZDEN DETAYLAR” başlık…"
https://arucad.edu.tr/ugur-kaptanoglu-ile-haber-fotografciligi-semineri-gerceklestirildi/,https://arucad.edu.tr/ugur-kaptanoglu-ile-haber-fotografciligi-semineri-gerceklestirildi/,Uğur Kaptanoğlu ile “Haber Fotoğrafçılığı” Semineri Gerçekleştirildi,TR,Haber / news,"seminer, konferans, etkinlik, fotoğraf, photography, uğur, kaptanoğlu, haber, fotoğrafçılığı, semineri, gerçekleştirildi, kaptanoğlu haber, uğur kaptanoğlu, muhabirinin, çalışırken, muhabirle, haberin, konusuydu, yayılmasının, ugur, kaptanoglu, fotografciligi, gerceklestirildi","Arkın Yaratıcı Sanatlar ve Tasarım Üniversitesi (ARUCAD) Yeni Medya ve İletişim Bölümü tarafından düzenlenen seminere, gazeteci ve görsel iletişim uzmanı Uğur Kaptanoğlu konuk oldu. Yenilikçi Uygulamalar dersi kapsamında…"
https://arucad.edu.tr/universiteler-arasi-masa-tenisi-musabakalarinda-sampiyon-arucad/,https://arucad.edu.tr/universiteler-arasi-masa-tenisi-musabakalarinda-sampiyon-arucad/,Üniversiteler Arası Masa Tenisi Müsabakalarında Şampiyon ARUCAD,TR,Haber / news,"üniversiteler, arası, masa, tenisi, müsabakalarında, şampiyon, masa tenisi, tenisi müsabakalarında, takımı turnuvayı, tamamlayarak, turnuvayı, federasyonu, takımı, müsabakalarda, universiteler, arasi, musabakalarinda, sampiyon","Arkın Yaratıcı Sanatlar ve Tasarım Üniversitesi (ARUCAD), Kuzey Kıbrıs Üniversite Sporları Federasyonu tarafından düzenlenen KKTC 24. Spor Oyunları kapsamında gerçekleştirilen Üniversiteler Arası Masa Tenisi Müsabakaları…"
https://arucad.edu.tr/universitemiz-bursa-nilufer-bursa-zeki-muren-guzel-sanatlar-lisesi-ogrencileri-sahne-aldi/,https://arucad.edu.tr/universitemiz-bursa-nilufer-bursa-zeki-muren-guzel-sanatlar-lisesi-ogrencileri-sahne-aldi/,Üniversitemiz Bursa Nilüfer Bursa Zeki Müren Güzel Sanatlar Lisesi öğrencileri sahne aldı,TR,Haber / news,"burs, scholarship, lise öğrencileri, high school, üniversitemiz, bursa, nilüfer, zeki, müren, güzel, sanatlar, lisesi, öğrencileri, sahne, zeki müren, müren güzel, lisesi öğrencileri, görecek, universitemiz, nilufer, muren, guzel, ogrencileri, aldi","Üniversitemiz Konferans Salonu’nda gerçekleşen “Zeki Müren Sizi de Görecek” Türk Sanat Müziği etkinliğinde, Bursa Nilüfer Bursa Zeki Müren Güzel Sanatlar Lisesi öğrencileri sahne aldı."
https://arucad.edu.tr/unlu-oyuncu-cem-yigit-uzumoglu-arucadda-web-seminerine-katildi/,https://arucad.edu.tr/unlu-oyuncu-cem-yigit-uzumoglu-arucadda-web-seminerine-katildi/,Ünlü Oyuncu Cem Yiğit Üzümoğlu ARUCAD’da Web Seminerine Katıldı,TR,Haber / news,"seminer, konferans, etkinlik, ünlü, oyuncu, cem, yiğit, üzümoğlu, web, seminerine, katıldı, oyuncular sendikası, ünlü oyuncu, cem yiğit, sendikası, adil, oyuncular, unlu, yigit, uzumoglu, arucadda, katildi","Arkın Yaratıcı Sanatlar ve Tasarım Üniversitesi (ARUCAD) Oyunculuk Bölümü kapsamında düzenlenen web seminerinin konuğu, ünlü oyuncu ve Oyuncular Sendikası Yönetim Kurulu üyesi Cem Yiğit Üzümoğlu oldu. 6 Kasım 2025 Perşem…"
https://arucad.edu.tr/veri-sistemleri-koordinatoru-sevki-usta-ile-yazilim-gelistirme-surecleri-baslikli-seminer-gerceklestirildi/,https://arucad.edu.tr/veri-sistemleri-koordinatoru-sevki-usta-ile-yazilim-gelistirme-surecleri-baslikli-seminer-gerceklestirildi/,Veri Sistemleri Koordinatörü Şevki Usta ile “Yazılım Geliştirme Süreçleri” başlıklı seminer gerçekleştirildi,TR,Haber / news,"seminer, konferans, etkinlik, veri, sistemleri, koordinatörü, şevki, usta, yazılım, geliştirme, süreçleri, başlıklı, gerçekleştirildi, yazılım geliştirme, geliştirme süreçleri, paylaşımlarla, koordinatoru, sevki, yazilim, gelistirme, surecleri, baslikli, gerceklestirildi","Seminer boyunca katılımcılar; yazılım geliştirme süreçleri, proje üretim aşamaları ve örnek uygulamalar üzerine kapsamlı bilgiler edinme fırsatı buldu. Oturum, yazılım geliştirme alanındaki güncel yaklaşımlar ve üretim s…"
https://arucad.edu.tr/voices-konusmalar-serisi-yeniden-basladi-ilk-konuk-mete-hatay/,https://arucad.edu.tr/voices-konusmalar-serisi-yeniden-basladi-ilk-konuk-mete-hatay/,Voices Konuşmalar Serisi Yeniden Başladı: İlk Konuk Mete Hatay,TR,Haber / news,"voices, konuşmalar, serisi, yeniden, başladı, ilk, konuk, mete, hatay, mete hatay, değinen hatay, sanat kültür, engellenmeye, durum, konusmalar, basladi","Arkın Yaratıcı Sanatlar ve Tasarım Üniversitesi (ARUCAD) Sanat ve Kültür Ofisi tarafından düzenlenen Voices konuşmalar serisi, 7 yıllık bir aranın ardından yeniden izleyiciyle buluştu. 16 Nisan Perşembe akşamı ARUCAD Art…"
https://arucad.edu.tr/yapay-zeka-ile-video-icerik-uretimi-baslikli-seminer-arucadda-gerceklestirildi/,https://arucad.edu.tr/yapay-zeka-ile-video-icerik-uretimi-baslikli-seminer-arucadda-gerceklestirildi/,"“Yapay Zeka ile Video İçerik Üretimi” başlıklı seminer, ARUCAD’da gerçekleştirildi",TR,Haber / news,"seminer, konferans, etkinlik, yapay zeka, AI, yapay, zeka, içerik, üretimi, başlıklı, gerçekleştirildi, zeka içerik, zekanın içerik, üretimi başlıklı, zekanın, kullanımları, mezunumuz, entegrasyonuna, icerik, uretimi, baslikli, arucadda, gerceklestirildi","Yeni Medya ve İletişim Bölümü tarafından düzenlenen “Yapay Zeka ile Video İçerik Üretimi” başlıklı seminer, 11 Mayıs 2026 tarihinde FM LPC01’de başarıyla gerçekleştirildi. Seminerde, yapay zekanın video içerik üretiminde…"
https://arucad.edu.tr/yonetmen-omer-sinir-arucadda-kamera-onu-oyunculuk-ve-komedi-uzerine-deneyimlerini-paylasti/,https://arucad.edu.tr/yonetmen-omer-sinir-arucadda-kamera-onu-oyunculuk-ve-komedi-uzerine-deneyimlerini-paylasti/,Yönetmen Ömer Sinir ARUCAD’da “Kamera Önü Oyunculuk ve Komedi” Üzerine Deneyimlerini Paylaştı,TR,Haber / news,"yönetmen, ömer, sinir, kamera, önü, oyunculuk, komedi, deneyimlerini, paylaştı, kamera önü, önü oyunculuk, oyunculuk komedi, audition, dizi, yonetmen, omer, arucadda, onu, uzerine, paylasti","Arkın Yaratıcı Sanatlar ve Tasarım Üniversitesi (ARUCAD) Oyunculuk Bölümü’nün düzenlediği “Kamera Önü Oyunculuk ve Komedi” başlıklı web seminerinde, dizi/film/reklam yönetmeni Ömer Sinir öğrencilerle buluştu. Etkinlik, Ö…"
https://arucad.edu.tr/yrd-doc-dr-ali-cagan-uzman-enerji-verimliligi-ve-surdurulebilir-kamu-alimlari-alaninda-yurutulen-projede-arucadi-temsilen-gorev-aliyor/,https://arucad.edu.tr/yrd-doc-dr-ali-cagan-uzman-enerji-verimliligi-ve-surdurulebilir-kamu-alimlari-alaninda-yurutulen-projede-arucadi-temsilen-gorev-aliyor/,"Yrd. Doç. Dr. Ali Çağan Uzman, Enerji Verimliliği ve Sürdürülebilir Kamu Alımları Alanında Yürütülen Projede ARUCAD’ı Temsilen Görev Alıyor",TR,Haber / news,"sürdürülebilirlik, SDG, yrd, ali, çağan, uzman, enerji, verimliliği, sürdürülebilir, kamu, alımları, alanında, yürütülen, projede, temsilen, görev, alıyor, enerji verimliliğinin, enerji verimliliği, sürdürülebilir kamu, doc, cagan, verimliligi, surdurulebilir, alimlari, alaninda, yurutulen, arucadi, gorev, aliyor","Arkın Yaratıcı Sanatlar ve Tasarım Üniversitesi (ARUCAD) Yeni Medya ve İletişim Bölümü öğretim üyesi Yrd. Doç. Dr. Ali Çağan Uzman, mühendislik ve danışmanlık alanlarında faaliyet gösteren STANTEC ile kamu ve özel sektör…"
https://arucad.edu.tr/en/rt-program/acting/,https://arucad.edu.tr/en/rt-program/acting/,Acting,EN,Akademik program / program,"acting, matching skin, skin tone, makeup remover, brush, matching, blush, remover, makeup, skin, kryolan, concealer, moisturizer, ivory","The purpose of the ARUCAD Acting Department is to train artists who contribute creatively or practically, who have contemporary acting and text interpretation skills, who are sensitive to the current social agenda and wh…"
https://arucad.edu.tr/en/rt-program/archaeology/,https://arucad.edu.tr/en/rt-program/archaeology/,Archaeology,EN,Akademik program / program,"archaeology, architecture art, art architecture, semester arha, arha, rome, aphendrika, karpas, peninsula, byzantine, empire, tombs, coast, baroque","The Department of Archaeology aims to offer an educational approach shaped by innovative theoretical and methodological applications in archaeology, art history, visual culture, cultural heritage management, and museolog…"
https://arucad.edu.tr/en/rt-program/architecture-2/,https://arucad.edu.tr/en/rt-program/architecture-2/,Architecture,EN,Akademik program / program,"mimarlık, architecture, doctor architecture, architecture programme, xxx elective, doctor, xxx, elective, competent, scientists, architectural, credits, programme, scientific, phd","The purpose of establishing ARUCAD Doctor of Architecture (PhD) programme is to cultivate competent and contemporary scholars who are capable of producing creative solutions to rapidly increasing global problems (e.g., u…"
https://arucad.edu.tr/en/rt-program/architecture/,https://arucad.edu.tr/en/rt-program/architecture/,Architecture,EN,Akademik program / program,"mimarlık, architecture, department elective, archxxx department, ects arch, arch, archxxx, elective, architectural, ects, code, title, ecology, scales, sensitivity",The profession of architecture has become one the most preferred and sought-after profession in our region and the world.
https://arucad.edu.tr/en/rt-program/art-and-design/,https://arucad.edu.tr/en/rt-program/art-and-design/,Art and Design,EN,Akademik program / program,"art, design, art design, doctorate art, design disciplines, doctorate, suitable, programme, synthesise, synthesising, uncombined, candidates, theses, universally","The Doctorate in Art and Design programme aims to convey the phenomenon of art and design to student candidates who understand, synthesise, and particularly wish to produce in different art and design disciplines, provid…"
https://arucad.edu.tr/en/rt-program/art/,https://arucad.edu.tr/en/rt-program/art/,Art,EN,Akademik program / program,"art, contemporary artistic, equips students, master programme, equips, programme, multidisciplinary, utili, cultivates, maximise, interpretation, rich, explore, artistic",The Arts Masters Programme aims to cultivate artists who can seamlessly blend traditional and contemporary artistic practices utili sing a multidisciplinary perspective. The programme equips students with the skills to e…
https://arucad.edu.tr/en/rt-program/arts-and-cultural-management/,https://arucad.edu.tr/en/rt-program/arts-and-cultural-management/,Arts and Cultural Management,EN,Akademik program / program,"arts, cultural, management, arts cultural, cultural management, culture arts, headings, specialised, sub, programme, maps, doctorate, sector, multidisciplinary","The Doctorate of Arts and Cultural Management programme offers an interdisciplinary education that enables students to analyse the components of the culture and arts industry, examine the structures and policies of these…"
https://arucad.edu.tr/en/rt-program/ceramics/,https://arucad.edu.tr/en/rt-program/ceramics/,Ceramics,EN,Akademik program / program,"seramik, cam, ceramics, glass, course student, ceramic glass, cerg ceramic, cerg, mold, plaster, forming, glaze, ceramic, blowing, refractory, silicone",The Department of Ceramics offers a specialist programme that combines traditional production techniques and contemporary art.
https://arucad.edu.tr/en/rt-program/communication-studies/,https://arucad.edu.tr/en/rt-program/communication-studies/,Communication Studies,EN,Akademik program / program,"communication, studies, communication studies, master programme, programme communication, master, programme, profile, specialist, globalisation, groundwork, outlook, specialise, worldview",The Master’s Programme in Communication Studies aims to cultivate communication experts capable of understanding and critically analysing today’s dynamic communication environment. By adopting an interdisciplinary approa…
https://arucad.edu.tr/en/rt-program/contemporary-dance/,https://arucad.edu.tr/en/rt-program/contemporary-dance/,Contemporary Dance,EN,Akademik program / program,"dans, dance, contemporary, elective fmpa, contemporary dance, performance art, cndc, ballet, fmpa, dancing, choreographers, dancers, choreography, elective, interpreting","ARUCAD Contemporary Dance Department is designed to train qualified artists who can contribute effectively to contemporary dance and accelerate the spread of the art of dance through their efforts, knowledge and experien…"
https://arucad.edu.tr/en/rt-program/design/,https://arucad.edu.tr/en/rt-program/design/,Design,EN,Akademik program / program,"design, area elective, master design, design programme, thesis, credits, elective, dsgn501, dsgn506, grad501, 18th, area, master, arch505","The primary objective of the ARUCAD Master’s in Design Programme is to provide students who have graduated from Architecture, Interior Architecture, Landscape Architecture, Urban and Industrial Design undergraduate progr…"
https://arucad.edu.tr/en/rt-program/digital-game-design/,https://arucad.edu.tr/en/rt-program/digital-game-design/,Digital Game Design,EN,Akademik program / program,"dijital oyun tasarımı, game design, digital, game, design, game development, total credits, design2, competence, engines, history3, knows, terminology, art3, texturing","The rapidly growing global digital game industry, which seems to be focused on software development, can actually be designed as holistically through the discipline of communication, as it is essentially an entertainment…"
https://arucad.edu.tr/en/rt-program/film-design-and-directing/,https://arucad.edu.tr/en/rt-program/film-design-and-directing/,Film Design and Directing,EN,Akademik program / program,"sinema, film, televizyon, design, directing, course students, course designed, film production, fide, comm, scenario, feminist, cinematography, cinema, peculiar, feminism",The Department of Film Design and Directing is designed to handle the multidimensional and variable creation processes from an innovative perspective.
https://arucad.edu.tr/en/rt-program/industrial-design/,https://arucad.edu.tr/en/rt-program/industrial-design/,Industrial Design,EN,Akademik program / program,"endüstriyel tasarım, product design, industrial, design, xxxx xxx, xxx department, ects indd, indd, xxxx, xxx, inad, product, elective, ects, code, title",The knowledge and skills gained will provide our graduates with career opportunities in both national and international businesses
https://arucad.edu.tr/en/rt-program/interior-architecture-and-environmental-design/,https://arucad.edu.tr/en/rt-program/interior-architecture-and-environmental-design/,Interior Architecture and Environmental Design,EN,Akademik program / program,"iç mimarlık, interior architecture, mimarlık, architecture, interior, environmental, design, department elective, course title, title ects, inad, elective, ects, code, spatial, title, 1inad327green",The Interior Architecture and Environmental Design department does not have an education program that only means creating visual and cultural identities for places.
https://arucad.edu.tr/en/rt-program/interior-design/,https://arucad.edu.tr/en/rt-program/interior-design/,Interior Design,EN,Akademik program / program,"iç mimarlık, interior architecture, interior, design, interior design, department interior, course includes, imet, upholstery, commands, stock, definition, lesson, inventory, illumination, brand","IMET 101 – DESIGN PRINCIPLES AND SPACE Defining existing spaces, programming the design, examining research and working methods related to design, researching the elements that will create data for the design, and creati…"
https://arucad.edu.tr/en/rt-program/media-and-communication-studies/,https://arucad.edu.tr/en/rt-program/media-and-communication-studies/,Media and Communication Studies,EN,Akademik program / program,"media, communication, studies, media communication, programme media, depth knowledge, surveillance, doctoral, digitalisation, programme, depth, debates, society, aiming","The Doctoral Programme in Media and Communication Studies is an academic programme that aims to examine in depth the dynamic relationships between media, communication, and society through an interdisciplinary understand…"
https://arucad.edu.tr/en/rt-program/new-media-and-communication/,https://arucad.edu.tr/en/rt-program/new-media-and-communication/,New Media and Communication,EN,Akademik program / program,"yeni medya, iletişim, journalism, media, communication, course semester, semester course, total credits, credit, communication3, communicationfc, knows, design2, media2, journalism3, ethics3, iuc","Today’s media companies are seeking communication and media professionals who not only can perform the duties of a journalist or a public relations or advertising practitioner, but who are also comfortable with visual de…"
https://arucad.edu.tr/en/rt-program/photography/,https://arucad.edu.tr/en/rt-program/photography/,Photography,EN,Akademik program / program,"fotoğraf, photography, photography course, photography practices, students learn, phvd, photographic, colour, portrait, fictional, class, macro, photobook, still, medium",The Department of Photography at the ARUCAD offers their students to take part in an intense four-years program with its strong vision of an interdisciplinary approach in order to fulfill the specific needs of each stude…
https://arucad.edu.tr/en/rt-program/plastic-arts/,https://arucad.edu.tr/en/rt-program/plastic-arts/,Plastic Arts,EN,Akademik program / program,"plastic, arts, photography phvd, plastic arts, area elective, fide, plas, arha, phvd, vcde, iac, iiac, architecture3, art3",The Department of Plastic Arts offers a specialist program that combines traditional techniques with innovative approaches to making art.
https://arucad.edu.tr/en/rt-program/sound-arts-and-design/,https://arucad.edu.tr/en/rt-program/sound-arts-and-design/,Sound Arts and Design,EN,Akademik program / program,"müzik, ses sanatları, music, sound, arts, design, reference books, oxford press, ear training, soad, routledge, midi, oxford, books, melody, press, fmpa","The ARUCAD Sound Arts and Design Department aims to have a pioneering position in the Mediterranean Region as a programme carried out with an interdisciplinary approach, under the guidance of our academic staff who follo…"
https://arucad.edu.tr/en/rt-program/textile-and-fashion-design/,https://arucad.edu.tr/en/rt-program/textile-and-fashion-design/,Textile and Fashion Design,EN,Akademik program / program,"tekstil ve moda tasarımı, fashion, textile, design, design tfad, tfad fashion, fashion design, tfad, weaving, sewing, clothing, pattern, wear, fabric, knits","The ARUCAD Department of Textile and Fashion Design trains designers who can design fabric and surfaces of fabric, which comprise the essential elements of garments and accessories that we use in every moment of our live…"
https://arucad.edu.tr/en/rt-program/urban-design-and-landscape-architecture/,https://arucad.edu.tr/en/rt-program/urban-design-and-landscape-architecture/,Urban Design and Landscape Architecture,EN,Akademik program / program,"mimarlık, architecture, urban, design, landscape, landscape architecture, project udla, course name, udla, colloquium, fmpa, elective, departmental, code, inad","Human activities such as global overpopulation and intense urbanisation have led to the decline, degradation, and/or disappearance of many natural (e.g., forests, coastlines, and marine life) and rural areas (e.g., agric…"
https://arucad.edu.tr/en/rt-program/visual-communication-design/,https://arucad.edu.tr/en/rt-program/visual-communication-design/,Visual Communication Design,EN,Akademik program / program,"görsel iletişim tasarımı, graphic design, visual, communication, design, visual communication, total credits, communication design, design2, knows, designac, innovatively, communicationfc, history3, competence, illustration2","In order for the relevant students to take the Internship course, they must have participated in and completed the ‘Occupational Health and Safety’ certificate programme, and this certificate must be reflected in their S…"
https://arucad.edu.tr/rt-program/arkeoloji/,https://arucad.edu.tr/rt-program/arkeoloji/,Arkeoloji,TR,Akademik program / program,"arkeoloji, kıbrıs anadolu, arha antik, mimarisi sanatı, arha, aphendrika, yarımadası, karpaz, kalıntılarının, roma, antik, mimarisi, kiessel, bizans","Arkeoloji Bölümü, arkeoloji, sanat tarihi, görsel kültür, kültürel miras yönetimi ve müzecilik konularında yenilikçi teorik ve metodolojik uygulamalarla şekillenen bir eğitim anlayışı sunmayı hedeflemektedir."
https://arucad.edu.tr/rt-program/dijital-oyun-tasarimi/,https://arucad.edu.tr/rt-program/dijital-oyun-tasarimi/,Dijital Oyun Tasarımı,TR,Akademik program / program,"dijital oyun tasarımı, game design, dijital, oyun, tasarımı, oyun tasarımı, dijital oyun, sahiptir oyun, tasarımı2, yeterliliğine, kodlama, becerisi, bilir, giriş2, yetkinliğine, sahiptir, tasarimi","Dijital oyun sektörü, küresel ölçekte hızla büyüyen ve yalnızca yazılım geliştirme değil, aynı zamanda görsel ve işitsel içerik üretimiyle de dikkat çeken bir alandır."
https://arucad.edu.tr/rt-program/endustriyel-tasarim/,https://arucad.edu.tr/rt-program/endustriyel-tasarim/,Endüstriyel Tasarım,TR,Akademik program / program,"endüstriyel tasarım, product design, endüstriyel, tasarım, tasarım bölümü, ındd, ınad, ındustrial, product, xxx, seçmeli, 1ındd312fundamentals, 2ındd218fab, 3ındd317furniture, endustriyel, tasarim","ARUCAD Endüstriyel Tasarım Bölümü, insan odaklı ve çevreye duyarlı bir yaklaşımı benimseyerek yenilikçi ve sürdürülebilir tasarımlar geliştirebilen endüstriyel tasarımcılar yetiştirmeyi amaçlamaktadır."
https://arucad.edu.tr/rt-program/film-tasarimi-ve-yonetimi/,https://arucad.edu.tr/rt-program/film-tasarimi-ve-yonetimi/,Film Tasarımı ve Yönetimi,TR,Akademik program / program,"yönetim, administration, rektörlük, sinema, film, televizyon, tasarımı, yönetimi, film tasarımı, fıde film, tasarımı yönetimi, fıde, comm, derste, senaryo, dersin, anlatılacaktır, sinematografi, yönetmenin, tasarimi, yonetimi","Film Tasarımı ve Yönetimi Bölümü, modern film endüstrisinin ihtiyaçlarına uygun yetkin profesyoneller yetiştirerek, yaratıcı endüstrilere katkı sağlamayı hedefler."
https://arucad.edu.tr/rt-program/fotograf/,https://arucad.edu.tr/rt-program/fotograf/,Fotoğraf,TR,Akademik program / program,"fotoğraf, photography, phvd yaratıcı, temel sanat, sanat tarihi, phvd, koşullu, kurgusal, kişiliği, çekim, fotoğrafçılığı, derste, yarıyıl, yakalama, fotoğrafçılık, fotograf","Fotoğraf Bölümü lisans eğitimi kapsamında teori ve uygulamanın en iyi şekilde harmanlandığı bütüncül bir akademik çerçeve sunar. Bu çerçeve fotografik görüntü ve videoyu içine alan birçok yaratıcı, sanatsal ya da mesleki…"
https://arucad.edu.tr/rt-program/gorsel-iletisim-tasarimi/,https://arucad.edu.tr/rt-program/gorsel-iletisim-tasarimi/,Görsel İletişim Tasarımı,TR,Akademik program / program,"iletişim, contact, adres, telefon, görsel iletişim tasarımı, graphic design, görsel, tasarımı, yetkinliğine sahiptir, görsel iletişim, iletişim tasarımı, tasarımı2, yetkinliğine, tasarım2, kredi, becerisine, seçmeli, sahiptir, bilir, gorsel, iletisim, tasarimi","Görsel İletişim Tasarımı programımız, öğrencilerin görsel iletişim tasarımının işlevlerini, olanaklarını ve rolünü derinlemesine anlamalarını sağlayarak, onları bu alanda yaratıcı ve yenilikçi bireyler olarak yetiştirmey…"
https://arucad.edu.tr/rt-program/ic-mekan-tasarimi/,https://arucad.edu.tr/rt-program/ic-mekan-tasarimi/,İç Mekan Tasarımı,TR,Akademik program / program,"mekan, tasarımı, içermektedir ımet, konularını içermektedir, mekan tasarımı, ımet, içermektedir, konularını, stok, tanımı, komutları, imalat, döşemeler, dersin, tasarimi","IMET 101 – TASARIM PRENSİPLERİ VE MEKAN Mevcut mekanların tanımlanması, tasarımın programlanması, tasarımla ilgili araştırma ve çalışma yöntemlerinin incelenmesi, tasarıma veri oluşturacak öğelerin araştırılması ve bu ça…"
https://arucad.edu.tr/rt-program/ic-mimarlik-ve-cevre-tasarimi/,https://arucad.edu.tr/rt-program/ic-mimarlik-ve-cevre-tasarimi/,İç Mimarlık ve Çevre Tasarımı,TR,Akademik program / program,"iç mimarlık, interior architecture, mimarlık, architecture, çevre, tasarımı, tasarım stüdyosu, bölüm seçmeli, seçmeli ınad, kolokyum, ınad, hayattaki, kaygılarıyla, karsıya, düşüncelerinin, fakültesindeki, tekrarlanır, mimarlik, cevre, tasarimi",29 4 AITT202 / HIST202 History of Ataturk Principles and Revolutions II UC 2 0 2 2
https://arucad.edu.tr/rt-program/iletisim-calismalari/,https://arucad.edu.tr/rt-program/iletisim-calismalari/,İletişim Çalışmaları,TR,Akademik program / program,"iletişim, contact, adres, telefon, çalışmaları, yüksek lisans, iletişim çalışmaları, seçmeli seçmeli, seçmeli, kredi, kampanya, comm501, comm502, comm503, comm505, comm507, comm509, iletisim, calismalari","İletişim Çalışmaları Yüksek Lisans Programı, günümüzün dinamik iletişim ortamını anlama ve üzerine kritik düşünceyi geliştirmebilecek iletişim uzmanları yetiştirme amacı taşımaktadır. Bu program, iletişim, kültürel çalış…"
https://arucad.edu.tr/rt-program/kentsel-tasarim-ve-peyzaj-mimarligi/,https://arucad.edu.tr/rt-program/kentsel-tasarim-ve-peyzaj-mimarligi/,Kentsel Tasarım ve Peyzaj Mimarlığı,TR,Akademik program / program,"mimarlık, architecture, kentsel, tasarım, peyzaj, mimarlığı, project udla, urban design, landscape architecture, udla, vegetation, colloquium, fmpa, landscape, departmental, elective, tasarim, mimarligi","Küresel düzeyde artan çeşitli çevresel ve sosyo-ekonomik sorunlar (ör. Küresel iklim değişikliği, nüfus artışı ve biyo-çeşitliliğin azalması) özellikle kentlerde yaşayanların yaşam kalitesini hızla azalmaktadır."
https://arucad.edu.tr/rt-program/medya-ve-iletisim-calismalari/,https://arucad.edu.tr/rt-program/medya-ve-iletisim-calismalari/,Medya ve İletişim Çalışmaları,TR,Akademik program / program,"iletişim, contact, adres, telefon, medya, çalışmaları, medya iletişim, derinlemesine bilgi, çalışmaları doktora, gözetim, toplumu, doktora, derinlemesine, dijitalleşme, öğrencilere, sağlamaktır, yöntemler, iletisim, calismalari","Medya ve İletişim Çalışmaları Doktora Programı, disiplinler arası bir anlayışla medya, iletişim ve toplum arasındaki dinamik ilişkileri derinlemesine incelemeyi amaçlayan bir akademik programdır. Medya ve İletişim Çalışm…"
https://arucad.edu.tr/rt-program/mimarlik-phd/,https://arucad.edu.tr/rt-program/mimarlik-phd/,Mimarlık,TR,Akademik program / program,"lisansüstü, yüksek lisans, graduate studies, mimarlık, architecture, ders sırası, xxx seçmeli, sırası ders, sırası, xxx, doktora, seçmeli, programının, kredi, eleştiri, bilim, ders, mimari, mimarlik, phd","ARUCAD Mimarlık Doktora Programının (PhD) kuruluş amacı – kürese düzeyde hızla artan sorunların (Ör. Kentleşme ve küresel iklim değişikliği) çözümüne ilişkin yaratıcı çözümler üreten, mimarlık teorisi ve pratiğini temel …"
https://arucad.edu.tr/rt-program/mimarlik/,https://arucad.edu.tr/rt-program/mimarlik/,Mimarlık,TR,Akademik program / program,"mimarlık, architecture, archxxx department, department elective, mimarlık bölümü, arch, archxxx, architectural, seçmeli, elective, ecology, ındoor, ıntegrate, kontrolör, bağlamsal, mimarlik","ARUCAD Mimarlık Bölümü’nün temel amacı – yapı ve bina tasarımında yetkin, temel tasarım bilgi ve becerisi ile donatılmış, tasarımda sorun çözme yetisine sahip ve disiplinlerarası bir yaklaşım izleyebilen, modern teknoloj…"
https://arucad.edu.tr/rt-program/modern-dans/,https://arucad.edu.tr/rt-program/modern-dans/,Modern Dans,TR,Akademik program / program,"dans, dance, modern, reference books, contact ımprovisation, contemporary dance, cndc, routledge, books, ımprovisation, ballet, oxford, dancing, press, reference","As one of the classical techniques of dance, ballet is very important tool of training dancer’s body and understanding the fundamentals of dancing. In this course students learn basics of ballet as movement method and ex…"
https://arucad.edu.tr/rt-program/oyunculuk/,https://arucad.edu.tr/rt-program/oyunculuk/,Oyunculuk,TR,Akademik program / program,"oyunculuk, seçmeli mssf, üniversite seçmeli, metin yorumlama, mssf, oync, mdns, bırakış, temizleme, makyaj, birbirlerinin, metin, çalışırlar, tekniği","Oyunculuk Bölümü’nün amacı; sinema, video, tiyatro, performans, dijital tiyatro, reklam filmi, müzik videosu gibi yapıtlar içinde, yaratıcı ya da uygulamacı olarak katkı sağlayan, çağdaş oyunculuk ve metin yorumlama bece…"
https://arucad.edu.tr/rt-program/plastik-sanatlar/,https://arucad.edu.tr/rt-program/plastik-sanatlar/,Plastik Sanatlar,TR,Akademik program / program,"resim, heykel, güzel sanatlar, plastik, sanatlar, kodu ders, ders adı, dersin amacı, plas, fıde, phvd, arha, derste, vcde, seti, atölyesi0, kategorisi","Plastik Sanatlar Bölümü, sanatı ve sanatçıyı daha geniş bir perspektiften ele alarak, öğrencilerine çağdaş sanat anlayışı ile geleneksel sanat disiplinlerini birleştiren derinlemesine bir eğitim sunmayı amaçlamaktadır."
https://arucad.edu.tr/rt-program/sanat-ve-kultur-yonetimi/,https://arucad.edu.tr/rt-program/sanat-ve-kultur-yonetimi/,Sanat ve Kültür Yönetimi,TR,Akademik program / program,"yönetim, administration, rektörlük, sanat, kültür, yönetimi, kültür sanat, kültür yönetimi, sanat kültür, başlığı, doktora, uzmanlık, belgeler, geliştirmek, sunmaktadır, politikalarını, etkenleri, kultur, yonetimi","Sanat ve Kültür Yönetimi Doktora programı öğrencilere kültür ve sanat endüstrisinin bileşenlerini analiz ederek bu iki alanın yapılarını ve politikalarını sosyal, ekonomik ve siyasi çerçevede, yerel ve uluslararası etken…"
https://arucad.edu.tr/rt-program/sanat/,https://arucad.edu.tr/rt-program/sanat/,Sanat,TR,Akademik program / program,"sanat, yüksek lisans, lisans programımız, sanat yüksek, programımızın, programımız, kazandırır, kazandırmak, yandan, kullanma, belgeler, sanatçılar, lisans, açısı","Sanat Yüksek Lisans Programının amacı; öğrencileri, geleneği yadsımadan günümüz sanatının önermelerini disiplinler arası bir bakış açısı ile harmanlayarak, farklı sanat alanlarını kullanma kapasitesine sahip sanatçılar o…"
https://arucad.edu.tr/rt-program/sanatta-yeterlik/,https://arucad.edu.tr/rt-program/sanatta-yeterlik/,Sanatta Yeterlik,TR,Akademik program / program,"lisansüstü, yüksek lisans, graduate studies, sanatta, yeterlik, yeterlik programı, sanat tasarım, sanatta yeterlik, hareketli, disiplinlerini, belgeler, programı, uygun, sentezleyen, adaylarına, olgusunu, beklentilerine","Sanat ve Tasarım Sanatta Yeterlik Programı, farklı sanat ve tasarım disiplinlerini anlayan, sentezleyen ve özellikle bu alanlarda üretim yapmak isteyen öğrenci adaylarına sanat ve tasarım olgusunu aktararak dönemin bekle…"
https://arucad.edu.tr/rt-program/seramik/,https://arucad.edu.tr/rt-program/seramik/,Seramik,TR,Akademik program / program,"seramik, cam, ceramics, glass, cerg seramik, seramik cam, şekillendirme yöntemleri, cerg, yüzeylerde, sır, öğrenecektir, alçı, öğrenir, şekillendirme, pişirim, derste","Seramik Bölümü, seramik ve cam malzemenin çok yönlülüğünü ve sınırlarını derinlemesine kavrayarak, modern seramik teknolojisini kullanmanın yanı sıra araştırma ve yaratıcılığın önemini de vurgulayan bir eğitim anlayışına…"
https://arucad.edu.tr/rt-program/ses-sanatlari-tasarimi/,https://arucad.edu.tr/rt-program/ses-sanatlari-tasarimi/,Ses Sanatları Tasarımı,TR,Akademik program / program,"müzik, ses sanatları, music, ses, sanatları, tasarımı, reference books, oxford press, 1st edition, routledge, soad, mıdı, books, oxford, press, reference, melody, sanatlari, tasarimi",This beginning course provides piano and solfege practice for students with little or no piano or note-reading knowledge. It aims to teach how to recognize keys and play major and minor finger patterns on piano as well a…
https://arucad.edu.tr/rt-program/tasarim/,https://arucad.edu.tr/rt-program/tasarim/,Tasarım,TR,Akademik program / program,"tasarım, tasarım yüksek, yüksek lisans, toplam kredi, kredi, seçmeli, tezsiz, dsgn501, dsgn506, kuramlar, tezli, grad501, mimarlık, programının, tasarim","ARUCAD Tasarım Yüksek Lisans Programının temel amacı – Mimarlık, İç Mimarlık, Peyzaj Mimarlığı, Kentsel ve Endüstriyel Tasarım lisans veya yakın disiplinlerden mezun olan öğrencilere bilimsel araştırma yapabilme bilgi ve…"
https://arucad.edu.tr/rt-program/tekstil-ve-moda-tasarimi/,https://arucad.edu.tr/rt-program/tekstil-ve-moda-tasarimi/,Tekstil ve Moda Tasarımı,TR,Akademik program / program,"tekstil ve moda tasarımı, fashion, tekstil, moda, tasarımı, design tfad, tfad fashion, textile design, tfad, wear, clothing, pattern, weaving, knits, kağıdı, sewing, tasarimi","Tekstil ve Moda Tasarımı Bölümü, giyim öğeleri ve bu öğelere eşlik eden aksesuarların yanı sıra, bu tasarımları tamamlayan kumaşları ve kumaş yüzeylerini yaratabilen, moda tasarımının her aşamasına hâkim, yaratıcı ve tek…"
https://arucad.edu.tr/rt-program/yeni-medya-ve-iletisim/,https://arucad.edu.tr/rt-program/yeni-medya-ve-iletisim/,Yeni Medya ve İletişim,TR,Akademik program / program,"iletişim, contact, adres, telefon, yeni medya, journalism, medya, ders dönem, dönem ders, ders kodu, kredi, kategorisi, bilir, kodu, yetkinliğine, seçmeli, yönetimi2, analizi3, becerisine, iletisim","Dijital çağ, medya ve iletişim sektöründe köklü değişimlere yol açarak geleneksel gazetecilik, halkla ilişkiler ve reklamcılık uygulamalarının ötesine geçen yeni bir dönemi başlatmıştır."
https://arucad.edu.tr/en/rt-faculty/english-preparatory-school/,https://arucad.edu.tr/en/rt-faculty/english-preparatory-school/,English Preparatory School,EN,Fakülte veya birim / faculty,"İngilizce hazırlık, preparatory school, english, preparatory, school, english language, prep prep, english proficiency, prep, eps, admitted, proficiency, essay, summative, hours, examination",Arkın University of Creative Arts and Design is an English medium university and English Preparatory School is a unit within ARUCAD which is directly attached to the Rectorate. The English Language proficiency requiremen…
https://arucad.edu.tr/en/rt-faculty/faculty-of-arts/,https://arucad.edu.tr/en/rt-faculty/faculty-of-arts/,Faculty of Arts,EN,Fakülte veya birim / faculty,"faculty, arts, faculty arts, department faculty, artistic production, adopts, plas, credits, compulsory, quota, minor, promotes, ects, directing","Here you will discover a vibrant, dedicated, creative, and artistic community that will bring your potential at its highest level. At the Faculty of Arts, we offer a friendly and exciting academic environment in which th…"
https://arucad.edu.tr/en/rt-faculty/faculty-of-communication/,https://arucad.edu.tr/en/rt-faculty/faculty-of-communication/,Faculty of Communication,EN,Fakülte veya birim / faculty,"faculty, communication, faculty communication, double minor, design faculty, double, minor, ects, code, quota, programs, ability, major, curriculum","The ARUCAD Faculty of Communication  is structured to foster the creative potential and intellectual growth of its students, equipping them with the knowledge, skills, and ethical values necessary to thrive in the multif…"
https://arucad.edu.tr/en/rt-faculty/faculty-of-design/,https://arucad.edu.tr/en/rt-faculty/faculty-of-design/,Faculty of Design,EN,Fakülte veya birim / faculty,"faculty, design, faculty design, design faculty, architecture environmental, dmp, minor, educate, architecture, environmental, interior, major, programme, communities","As ARUCAD aims to fill the perceived absence of world-class art and design education in Cyprus and the Mediterranean region, thereby fulfilling contemporary needs and requirements, ARUCAD Faculty of Design is committed t…"
https://arucad.edu.tr/en/rt-faculty/faculty-of-music-and-performing-arts/,https://arucad.edu.tr/en/rt-faculty/faculty-of-music-and-performing-arts/,Faculty of Music and Performing Arts,EN,Fakülte veya birim / faculty,"müzik, ses sanatları, music, faculty, performing, arts, faculty music, music performing, performing arts, lively, intertwined, nourished, create, mind, temporal, awaits",ARUCAD Faculty of Music and Performing Arts invites you to create contemporary performances and “live” art narratives. The common feature of performance-based arts is that they are living experiences transferred from bod…
https://arucad.edu.tr/en/rt-faculty/institute-of-graduate-studies-and-research/,https://arucad.edu.tr/en/rt-faculty/institute-of-graduate-studies-and-research/,Institute of Graduate Studies and Research,EN,Fakülte veya birim / faculty,"lisansüstü, yüksek lisans, graduate studies, araştırma, research, institute, graduate, studies, studies research, institute graduate, programmeinstitute, researchmaster, doctorate, programs, redefine, thesis, choose","ARUCAD Institute of Graduate Studies and Research aims to enable our candidate students to gain vision by blending their creativity with theory, through six master’s and two doctorate programs with thesis and non-thesis …"
https://arucad.edu.tr/en/rt-faculty/vocational-school/,https://arucad.edu.tr/en/rt-faculty/vocational-school/,Vocational School,EN,Fakülte veya birim / faculty,"meslek yüksekokulu, önlisans, vocational, school, vocational school, result oriented, technical personnel, vertical, personnel, latest, transfer, surrounded, workforce, competitiveness, educating, opportunities","Our ARUCAD Vocational School provides education in Kyrenia, the most beautiful city of the Turkish Republic of Northern Cyprus, on its historical campus surrounded by nature."
https://arucad.edu.tr/rt-faculty/iletisim-fakultesi/,https://arucad.edu.tr/rt-faculty/iletisim-fakultesi/,İletişim Fakültesi,TR,Fakülte veya birim / faculty,"iletişim, contact, adres, telefon, fakültesi, iletişim fakültesi, yarıyılı dersleri, oyun tasarımı, yandal, yarıyılı, becerisine, öğrencilerimizi, bütünleştirerek, alabilmek, asgari, fakültemiz, olma, iletisim, fakultesi","ARUCAD İletişim Fakültesi olarak, iletişim disiplininin giderek karmaşıklaşan ve dönüşen doğasını kavrayarak, öğrencilerimizi bu değişime liderlik edebilecek bireyler olarak yetiştirmeyi hedefliyoruz. Teknolojinin ve dij…"
https://arucad.edu.tr/rt-faculty/ingilizce-hazirlik-okulu/,https://arucad.edu.tr/rt-faculty/ingilizce-hazirlik-okulu/,İngilizce Hazırlık Okulu,TR,Fakülte veya birim / faculty,"İngilizce hazırlık, preparatory school, ingilizce, hazırlık, okulu, ingilizce dil, ingilizce hazırlık, hazırlık okulu, prep, seviyesi, seviyelerinde, tespit, seviye, yeterlik, newsletter, seviyesinde, hazirlik",Müdür'ün Mesajı  Hakkında  Misyon ve Vizyon  Genel Hedefler  Ders Programı  Ders İçerikleri  Akademik Kadro  Etkinlik ve Konferanslar  EPS Newsletters  Sıkça Sorulan Sorular  İngilizce Seviye Tespit Sınavı Aday Rehberi  …
https://arucad.edu.tr/rt-faculty/lisansustu-egitim-ve-arastirma-enstitusu/,https://arucad.edu.tr/rt-faculty/lisansustu-egitim-ve-arastirma-enstitusu/,Lisansüstü Eğitim ve Araştırma Enstitüsü,TR,Fakülte veya birim / faculty,"lisansüstü, yüksek lisans, graduate studies, araştırma, research, eğitim, enstitüsü, araştırma enstitüsü, lisansüstü eğitim, enstitü, doktora, lisans, dokora, kazanmasını, yaratıçılığın, bulundurularak, lisansustu, egitim, arastirma, enstitusu","ARUCAD Lisansüstü Eğitim ve Araştırma Enstitüsü sanat, tasarım ve iletişim alanlarında tezli ve tezsiz seçenekleriyle altı yüksek lisans ve iki dokora programıyla aday öğrencilerimizin yaratıcılığını teori ile harmanlaya…"
https://arucad.edu.tr/rt-faculty/meslek-yuksekokulu/,https://arucad.edu.tr/rt-faculty/meslek-yuksekokulu/,Meslek Yüksekokulu,TR,Fakülte veya birim / faculty,"meslek yüksekokulu, önlisans, vocational, meslek, yüksekokulu, öğrencilerimiz meslek, yüksekokulu sanayinin, sağlamaktayız, sunmaktayız, sanayinin, olmaktadırlar, yüksekokul, dikey, eleman, ihtiyacı, fırsatları, yuksekokulu","ARUCAD Meslek Yüksekokulu’muz, Kuzey Kıbrıs Türk Cumhuriyeti ‘nin en güzel şehri Girne’ de, doğa ile iç içe olan tarihi kampüsünde eğitim vermektedir."
https://arucad.edu.tr/rt-faculty/muzik-ve-sahne-sanatlari-fakultesi/,https://arucad.edu.tr/rt-faculty/muzik-ve-sahne-sanatlari-fakultesi/,Müzik ve Sahne Sanatları Fakültesi,TR,Fakülte veya birim / faculty,"müzik, ses sanatları, music, sahne, sanatları, fakültesi, müzik sahne, sanatları fakültesi, sahne sanatları, sanatçılar, performansa, fark, sizleri, yaratım, canlı, dayalı, muzik, sanatlari, fakultesi","Performansa dayalı sanatlar, çağdaş dünyada, müzik, dans ve oyunculuğun içiçe geçtiği, dijital kültürle beslenmiş, hem felsefi hem sosyal söylemleri dışavuran etkin bir duruş alıyorlar. Bu sanat yapıtları, toplumu uyandı…"
https://arucad.edu.tr/rt-faculty/sanat-fakultesi/,https://arucad.edu.tr/rt-faculty/sanat-fakultesi/,Sanat Fakültesi,TR,Fakülte veya birim / faculty,"sanat, fakültesi, sanat fakültesi, bölümü sanat, bölümü fotoğraf, kredi, plas, esas, yarıyılı, yandal, tamamlaması, benimser, akts, becerisine, fakultesi","Fakültemizde sizi potansiyelinizin en üst noktasına taşıyacak enerjik, adanmış, yaratıcı ve sanat odaklı bir toplulukla karşılaşacaksınız. Sanat Fakültesi olarak sizlere bakış açılarının, değerlerin, fikir ve deneyimleri…"
https://arucad.edu.tr/rt-faculty/tasarim-fakultesi/,https://arucad.edu.tr/rt-faculty/tasarim-fakultesi/,Tasarım Fakültesi,TR,Fakülte veya birim / faculty,"tasarım, fakültesi, tasarım fakültesi, çevresel refahlarını, üst seviyeye, refahlarını, üst, seviyeye, dünyaya, fakültemiz, paydaşlarıyla, kendileri, çıkarmak, öğrenmeye, tasarim, fakultesi","ARUCAD, Kıbrıs ve Akdeniz bölgesinde dünya standartlarında sanat ve tasarım eğitimi alanında varolan eksikliği doldurmayı ve böylece, çağdaş ihtiyaç ve gereksinimleri karşılamayı hedeflemektedir. Bu amaçla, ARUCAD Tasarı…"
https://arucad.edu.tr/en/rt-department/doctorate/,https://arucad.edu.tr/en/rt-department/doctorate/,Doctorate,EN,Bölüm / department,"doctorate, english language, test english, minimum toefl, fee, interview, minimum, note, elpe, test, thesis, toefl, required, candidate",ARUCAD admits students twice a year (Fall and Spring semesters). Please refer to our academic calendar for important dates associated with application and registration.
https://arucad.edu.tr/en/rt-department/master-programme/,https://arucad.edu.tr/en/rt-department/master-programme/,Master Programme,EN,Bölüm / department,"lisansüstü, yüksek lisans, graduate studies, master, programme, english language, institute graduate, researchmaster, minimum, fee, interview, elpe, thesis, test, note, institute",ARUCAD admits students twice a year (Fall and Spring semesters). Please refer to our academic calendar for important dates associated with application and registration.
https://arucad.edu.tr/rt-department/doktora/,https://arucad.edu.tr/rt-department/doktora/,Doktora,TR,Bölüm / department,"lisansüstü, yüksek lisans, graduate studies, doktora, doktora programılisansüstü, programılisansüstü eğitim, araştırma enstitüsü, ücreti, programılisansüstü, belgeler, dönemlik, enstitüsü, tez, taranmış, gerekirse, kayıt, yeterlik",Başvuru İçin Gerekli Belgeler  Kayıt İçin Gerekli belgeler  Lisansüstü Ders Ücretleri  Diğer Şartlar  Tez Yazım Kılavuzu  Formlar
https://arucad.edu.tr/rt-department/yuksek-lisans/,https://arucad.edu.tr/rt-department/yuksek-lisans/,Yüksek Lisans,TR,Bölüm / department,"lisansüstü, yüksek lisans, graduate studies, yüksek, lisans, kayıt ücreti, yalnızca doktora, ücreti, dönemlik, tez, taranmış, gerekirse, belgeler, kayıt, adayları, başı, yuksek",Karşılaştırmalı not çizelgesi (Not belgesinde (transkript) genel not ortalaması 4.0 üzerinden değil ise)
https://arucad.edu.tr/en/rt-notice/2023-2024-academic-year-spring-semester-final-exam-schedule/,https://arucad.edu.tr/en/rt-notice/2023-2024-academic-year-spring-semester-final-exam-schedule/,2023-2024 ACADEMIC YEAR SPRING SEMESTER FINAL EXAM SCHEDULE,EN,Duyuru / announcement,"sınav takvimi, exam schedule, academic, year, spring, semester, final, exam, schedule, year spring, semester final, clickfor, call, dates, placement",
https://arucad.edu.tr/en/rt-notice/2024-2025-academic-year-fall-semester-final-exam-schedule/,https://arucad.edu.tr/en/rt-notice/2024-2025-academic-year-fall-semester-final-exam-schedule/,2024-2025 Academic Year Fall Semester Final Exam Schedule,EN,Duyuru / announcement,"sınav takvimi, exam schedule, academic, year, fall, semester, final, exam, schedule, semester final, final exam, clickfor, smoke, midterm, choice","Sonraki A Collective Step Toward a Smoke-Free Campus at ARUCAD Our Campus, Our Choice!Next"
https://arucad.edu.tr/en/rt-notice/2024-2025-academic-year-spring-semester-final-exam-schedule/,https://arucad.edu.tr/en/rt-notice/2024-2025-academic-year-spring-semester-final-exam-schedule/,2024-2025 Academic Year Spring Semester Final Exam Schedule,EN,Duyuru / announcement,"sınav takvimi, exam schedule, academic, year, spring, semester, final, exam, schedule, year spring, semester final, clickfor, professorship, midterm, announcement",
https://arucad.edu.tr/en/rt-notice/2024-2025-fall-midterm-exam-schedule/,https://arucad.edu.tr/en/rt-notice/2024-2025-fall-midterm-exam-schedule/,2024 - 2025 Fall Midterm Exam Schedule,EN,Duyuru / announcement,"sınav takvimi, exam schedule, fall, midterm, exam, schedule, fall midterm, schedule fall, dates, placement, preparation, semester, school, final, year",
https://arucad.edu.tr/en/rt-notice/2024-2025-fall-preparation-school-placement-exam-dates/,https://arucad.edu.tr/en/rt-notice/2024-2025-fall-preparation-school-placement-exam-dates/,2024-2025 Fall Preparation School Placement Exam Dates,EN,Duyuru / announcement,"sınav takvimi, exam schedule, İngilizce hazırlık, preparatory school, fall, preparation, school, placement, exam, dates, exam start, start time, students must, evcla, sit, sections, passport, exams","Students are required to sit for ONE exam as soon as their registration procedure had been completed at the Student Affairs office (all original academic documents, offical translated copies and 6 passport size photos ha…"
https://arucad.edu.tr/en/rt-notice/2024-2025-spring-midterm-exam-schedule/,https://arucad.edu.tr/en/rt-notice/2024-2025-spring-midterm-exam-schedule/,2024 – 2025 Spring Midterm Exam Schedule,EN,Duyuru / announcement,"sınav takvimi, exam schedule, spring, midterm, exam, schedule, midterm exam, professorship, announcement, associate, oral, fall, semester, final, year",
https://arucad.edu.tr/en/rt-notice/2025-2026-fall-final-exam-schedule/,https://arucad.edu.tr/en/rt-notice/2025-2026-fall-final-exam-schedule/,2025-2026 Fall Final Exam Schedule,EN,Duyuru / announcement,"sınav takvimi, exam schedule, fall, final, exam, schedule, fall final, final exam, professorship, announcement, associate, oral",
https://arucad.edu.tr/en/rt-notice/a-collective-step-toward-a-smoke-free-campus-at-arucad-our-campus-our-choice/,https://arucad.edu.tr/en/rt-notice/a-collective-step-toward-a-smoke-free-campus-at-arucad-our-campus-our-choice/,"A Collective Step Toward a Smoke-Free Campus at ARUCAD Our Campus, Our Choice!",EN,Duyuru / announcement,"kampüs, campus life, seramik, cam, ceramics, glass, collective, step, toward, smoke, free, campus, choice, smoking designated, designated area, smoke free, smoking, designated, implementation, plan","In line with the Senate decision dated January 23, 2025, Arkin University of Creative Arts and Design (ARUCAD) has decided to initiate the necessary preparatory work for the potential implementation of a “Smoking in Desi…"
https://arucad.edu.tr/en/rt-notice/announcement-of-the-associate-professorship-oral-exam-2/,https://arucad.edu.tr/en/rt-notice/announcement-of-the-associate-professorship-oral-exam-2/,ANNOUNCEMENT OF THE ASSOCIATE PROFESSORSHIP ORAL EXAM,EN,Duyuru / announcement,"sınav takvimi, exam schedule, meslek yüksekokulu, önlisans, vocational, announcement, associate, professorship, oral, exam, associate professorship, professorship oral, oral exam, candidate, schedule, date, location, ciu, shahin",The details regarding the Associate Professorship Oral Exam to be held at Arkın Creative Arts and Design University are as follows.
https://arucad.edu.tr/en/rt-notice/announcement-of-the-associate-professorship-oral-exam/,https://arucad.edu.tr/en/rt-notice/announcement-of-the-associate-professorship-oral-exam/,ANNOUNCEMENT OF THE ASSOCIATE PROFESSORSHIP ORAL EXAM,EN,Duyuru / announcement,"sınav takvimi, exam schedule, meslek yüksekokulu, önlisans, vocational, announcement, associate, professorship, oral, exam, associate professorship, professorship oral, oral exam, emu, candidate, shahi, date, location, rafooneh",The details regarding the Associate Professorship Oral Exam to be held at Arkın Creative Arts and Design University are as follows.
https://arucad.edu.tr/en/rt-notice/open-call/,https://arucad.edu.tr/en/rt-notice/open-call/,Open Call,EN,Duyuru / announcement,"open, call, 4th year, open call, year graduate, 4th, exhibition, exhibited, installations, opencall, artist, statement, describing, expenses",An open call for an exhibition to be held in Art Space for ARUCAD's 4th year or graduate students. APPLY NOW REQUIREMENTS FOR APPLICATION   Being an ARUCAD 4th year or graduate student.   The person's resume.   Photograp…
https://arucad.edu.tr/rt-notice/2023-2024-bahar-donemi-final-sinav-takvimi/,https://arucad.edu.tr/rt-notice/2023-2024-bahar-donemi-final-sinav-takvimi/,2023-2024 BAHAR DÖNEMİ FİNAL SINAV TAKVİMİ,TR,Duyuru / announcement,"sınav takvimi, exam schedule, bahar, dönemi, final, sınav, takvimi, dönemi final, final sınav, çağrı, sınavları, yeterlik, okulu, hazırlık, ingilizce, donemi, sinav",
https://arucad.edu.tr/rt-notice/2024-2025-bahar-donemi-ara-sinav-takvimi/,https://arucad.edu.tr/rt-notice/2024-2025-bahar-donemi-ara-sinav-takvimi/,2024 - 2025 Bahar Dönemi Ara Sınav Takvimi,TR,Duyuru / announcement,"sınav takvimi, exam schedule, bahar, dönemi, ara, sınav, takvimi, dönemi ara, ara sınav, takvimine, duyurusu, doçentlik, ulaşmak, final, yapılacak, donemi, sinav",
https://arucad.edu.tr/rt-notice/2024-2025-final-donemi-final-sinav-takvimi/,https://arucad.edu.tr/rt-notice/2024-2025-final-donemi-final-sinav-takvimi/,2024-2025 Final Dönemi Final Sınav Takvimi,TR,Duyuru / announcement,"sınav takvimi, exam schedule, final, dönemi, sınav, takvimi, final dönemi, dönemi final, duyusuru, doçentlik, ara, yapılacak, üniversitemizde, bahar, sözlü, donemi, sinav",
https://arucad.edu.tr/rt-notice/2024-2025-guz-donemi-ara-sinav-takvimi/,https://arucad.edu.tr/rt-notice/2024-2025-guz-donemi-ara-sinav-takvimi/,2024 - 2025 Güz Dönemi Ara Sınav Takvimi,TR,Duyuru / announcement,"sınav takvimi, exam schedule, güz, dönemi, ara, sınav, takvimi, güz dönemi, dönemi ara, ara sınav, takvimine, sınavları, yeterlik, ulaşmak, okulu, hazırlık, guz, donemi, sinav",
https://arucad.edu.tr/rt-notice/2024-2025-guz-donemi-final-sinav-takvimi/,https://arucad.edu.tr/rt-notice/2024-2025-guz-donemi-final-sinav-takvimi/,2024-2025 Güz Dönemi Final Sınav Takvimi,TR,Duyuru / announcement,"sınav takvimi, exam schedule, güz, dönemi, final, sınav, takvimi, güz dönemi, takvimi güz, dumansız, ara, adım, kampüs, ortak, guz, donemi, sinav",
https://arucad.edu.tr/rt-notice/2025-2026-guz-donemi-final-sinav-takvimi/,https://arucad.edu.tr/rt-notice/2025-2026-guz-donemi-final-sinav-takvimi/,2025-2026 Güz Dönemi Final Sınav Takvimi,TR,Duyuru / announcement,"sınav takvimi, exam schedule, güz, dönemi, final, sınav, takvimi, dönemi final, final sınav, güz dönemi, takvimine, duyusuru, doçentlik, ulaşmak, yapılacak, üniversitemizde, guz, donemi, sinav",
https://arucad.edu.tr/rt-notice/acik-cagri/,https://arucad.edu.tr/rt-notice/acik-cagri/,Açık Çağrı,TR,Duyuru / announcement,"açık, çağrı, sınıf yüksek, yüksek lisans, art space, çağrıdır, sergilenecek, maketlerinin, dosyaya, eklenmelidir, beyanı, giderleri, düzenlemesi, kokteyli, acik, cagri",ARUCAD’ın 4. sınıf veya yüksek lisans öğrencilerine yönelik Art Space’te düzenlenecek sergi için açık çağrıdır. HEMEN ŞİMDİ BAŞVUR
https://arucad.edu.tr/rt-notice/arucadda-dumansiz-kampus-icin-ortak-adim/,https://arucad.edu.tr/rt-notice/arucadda-dumansiz-kampus-icin-ortak-adim/,ARUCAD’da Dumansız Kampüs İçin Ortak Adım,TR,Duyuru / announcement,"kampüs, campus life, dumansız, ortak, adım, dumansız kampüs, karar verilmiştir, verilmiştir, karar, oluşturulacak, görüş, senatosu, kararı, uygulamasına, geçilebilmesi, arucadda, dumansiz, kampus, icin, adim","ARUCAD Senatosu’nun 23 Ocak 2025 tarihli kararı doğrultusunda, Üniversitemiz kampüs alanında “Dumansız Kampüs” uygulamasına geçilebilmesi için gerekli hazırlık çalışmalarının başlatılmasına karar verilmiştir."
https://arucad.edu.tr/rt-notice/ingilizce-hazirlik-okulu-yeterlik-sinavlari-her-gun-asagidaki-tarihlerde-yapilacaktir-23-24-25-26-27-30-eylul-2024-1-2-ekim-2024-ogrencilerin-ogrenci-isleri-ofisine-tum-orijinal-akademik-belgelerin/,https://arucad.edu.tr/rt-notice/ingilizce-hazirlik-okulu-yeterlik-sinavlari-her-gun-asagidaki-tarihlerde-yapilacaktir-23-24-25-26-27-30-eylul-2024-1-2-ekim-2024-ogrencilerin-ogrenci-isleri-ofisine-tum-orijinal-akademik-belgelerin/,İngilizce Hazırlık Okulu Yeterlik Sınavları,TR,Duyuru / announcement,"sınav takvimi, exam schedule, İngilizce hazırlık, preparatory school, ingilizce, hazırlık, okulu, yeterlik, sınavları, sabah öğleden, başlama saati, hazırlık okulu, cla, sınava, başlama, sabah, öğleden, sınav, hazirlik, sinavlari, gun, asagidaki, tarihlerde, yapilacaktir, eylul, ekim, ogrencilerin, ogrenci, isleri, ofisine, tum, orijinal, akademik, belgelerin","İngilizce Hazırlık Okulu Yeterlik Sınavları HER GÜN aşağıdaki tarihlerde yapılacaktır: 23-24-25-26-27-30 Eylül 2024 1-2 Ekim 2024  Öğrencilerin, Öğrenci İşleri Ofisine tüm orijinal akademik belgelerini, resmi çeviri kopy…"
https://arucad.edu.tr/rt-notice/universitemizde-yapilacak-docentlik-sozlu-sinav-duyurusu/,https://arucad.edu.tr/rt-notice/universitemizde-yapilacak-docentlik-sozlu-sinav-duyurusu/,ÜNİVERSİTEMİZDE YAPILACAK DOÇENTLİK SÖZLÜ SINAV DUYURUSU,TR,Duyuru / announcement,"sınav takvimi, exam schedule, üniversitemizde, yapılacak, doçentlik, sözlü, sınav, duyurusu, yapılacak doçentlik, doçentlik sözlü, üniversitemizde yapılacak, yapılacağı, daü, doçent, shahı, sanı, universitemizde, yapilacak, docentlik, sozlu, sinav",Arkın Yaratıcı Sanatlar ve Tasarım Üniversitesi’nde yapılacak Doçentlik Sözlü Sınavı ile ilgili sınav bilgileri aşağıdaki gibidir. İlgililere duyurulur.
https://arucad.edu.tr/rt-notice/universitemizde-yapilacak-docentlik-sozlu-sinav-duyusuru/,https://arucad.edu.tr/rt-notice/universitemizde-yapilacak-docentlik-sozlu-sinav-duyusuru/,ÜNİVERSİTEMİZDE YAPILACAK DOÇENTLİK SÖZLÜ SINAV DUYUSURU,TR,Duyuru / announcement,"sınav takvimi, exam schedule, üniversitemizde, yapılacak, doçentlik, sözlü, sınav, duyusuru, yapılacak doçentlik, doçentlik sözlü, üniversitemizde yapılacak, yapılacağı, takvimi, docent, dın, planlanma, universitemizde, yapilacak, docentlik, sozlu, sinav",Arkın Yaratıcı ve Tasarım Üniversitesi’nde yapılacak olan Doçentlik Sözlü Sınavı ile ilgili sınav bilgileri aşağıdaki gibidir.İlgililere duyurulur.
https://arucad.edu.tr/en/teams/asst-prof-dr-ibrahim-dalkilic-2/,https://arucad.edu.tr/en/teams/asst-prof-dr-ibrahim-dalkilic-2/,Asst. Prof. Dr. İbrahim Dalkılıç,EN,Akademik personel / staff profile,"Asst. Prof. Dr. İbrahim Dalkılıç, akademik personel, academic staff, Vice Rector, Social and International Affairs, ibrahim, dalkılıç, dalkilic","ARUCAD offers educational opportunities to its students as a university that is based on the interaction of Art, Design and Communication in a geographical location that has hosted many civilizations and has a cultural r…"
https://arucad.edu.tr/en/teams/asst-prof-dr-merve-senem-arkan/,https://arucad.edu.tr/en/teams/asst-prof-dr-merve-senem-arkan/,Asst. Prof. Dr. Merve Senem Arkan,EN,Akademik personel / staff profile,"Asst. Prof. Dr. Merve Senem Arkan, akademik personel, academic staff, merve, senem, arkan, merve senem, senem arkan, eastern mediterranean, cartography, awarded, eastern, dissertation, honorary, ishmap, mediterranean, eötvös",Merve Senem Arkan has graduated from Archaeology and Art History Major at the Eastern Mediterranean University in Cyprus where she also holds a Master’s degree in Eastern Mediterranean Studies which was awarded in 2011. …
https://arucad.edu.tr/en/teams/asst-prof-dr-sinan-arkin/,https://arucad.edu.tr/en/teams/asst-prof-dr-sinan-arkin/,Asst. Prof. Dr. Sinan Arkın,EN,Akademik personel / staff profile,"Asst. Prof. Dr. Sinan Arkın, akademik personel, academic staff, Chairman, Board of Trustees, sinan, civilization, ideal, requires, devoted, risky, productional, burden, difficult, courage, enthusiasm, obstacles, completely, educated",To plan the infrastructure of an art university and construct all educational and productional circumstances based on ideal artistic values requires a completely different way of thinking. At a university focused on art …
https://arucad.edu.tr/en/teams/prof-dr-asim-vehbi-2/,https://arucad.edu.tr/en/teams/prof-dr-asim-vehbi-2/,Prof. Dr. Asım Vehbi,EN,Akademik personel / staff profile,"Prof. Dr. Asım Vehbi, akademik personel, academic staff, Rector, asım, vehbi, dreams come, come true, develop skills, dreams, help, true, join, aiding, applicational, motto, utmost, exhibit, asim","In ARUCAD we offer the opportunity for all of our students to further develop their skills, to be successful and as a graduate, to make a real difference in society. The most suitable factor which suits the environment o…"
https://arucad.edu.tr/en/teams/prof-dr-burcu-toker-2/,https://arucad.edu.tr/en/teams/prof-dr-burcu-toker-2/,Prof. Dr. Burcu Toker,EN,Akademik personel / staff profile,"Prof. Dr. Burcu Toker, akademik personel, academic staff, Acting/Vice Rector, Research and Development, burcu, toker, towards professional, excellence, forging, sustenance, towards, whatever, ethos, nurtures, thrive, attitude, enjoy, outstanding","ARUCAD has developed an ethos that supports education and research with interdisciplinary approach, creativity and originality. Towards their professional growth, our students are supported with experienced academic staf…"
https://arucad.edu.tr/en/teams/prof-dr-nezahat-dogan-2/,https://arucad.edu.tr/en/teams/prof-dr-nezahat-dogan-2/,Prof. Dr. Nezahat Doğan,EN,Akademik personel / staff profile,"Prof. Dr. Nezahat Doğan, akademik personel, academic staff, Vice Rector, Academic Affairs, nezahat, doğan, design communication, higher education, art design, competencies, accumulations, hand, technological, synergy, perfectionism, advances, protecting, endeavor, dogan","At ARUCAD, we believe in the synergy of art, design and communication fields, and we act with an instructional approach in which practice and theory are carried out hand in hand. We have adopted the 21st century higher e…"
https://arucad.edu.tr/en/teams/sen-ins-inanc-ucaroz/,https://arucad.edu.tr/en/teams/sen-ins-inanc-ucaroz/,Sen. Ins. İnanç Uçaröz,EN,Akademik personel / staff profile,"Sen. Ins. İnanç Uçaröz, akademik personel, academic staff, ins, inanç, uçaröz, ins inanç, vice director, inanç uçaröz, neu, iatefl, obtaining, roles, accreditation, director, inanc, ucaroz",Inanc Ucaroz is a lecturer and the acting director of the English Preparatory School of Arkin University of Creative Arts and Design. She has graduated from English Language and Literature department of Eastern Mediterra…
https://arucad.edu.tr/teams/ogr-gor-inanc-ucaroz/,https://arucad.edu.tr/teams/ogr-gor-inanc-ucaroz/,Öğr. Gör. İnanç Uçaröz,TR,Akademik personel / staff profile,"Öğr. Gör. İnanç Uçaröz, akademik personel, academic staff, inanç, uçaröz, müdür yardımcılığı, ydü bünyesinde, ingilizce hazırlık, yapmıştır, ydü, ıatefl, müdür, yardımcılığı, müfredat, hazırlama, bünyesinde, hazırlık, ogr, gor, inanc, ucaroz",Arkın Yaratıcı Sanatlar ve Tasarım Üniversitesi İngilizce Hazırlık Okulunda öğretim görevliliği ve müdür vekilliği yapmaktadır. Doğu Akdeniz Üniversitesi İngiliz Dili ve Edebiyatı bölümünden 2001 yılında mezun olmuştur. …
https://arucad.edu.tr/teams/prof-dr-asim-vehbi/,https://arucad.edu.tr/teams/prof-dr-asim-vehbi/,Prof. Dr. Asım Vehbi,TR,Akademik personel / staff profile,"Prof. Dr. Asım Vehbi, akademik personel, academic staff, Rektör, Aday Öğrenci, asım, vehbi, onu, yandan, niversite, ksek, retim, stu, dyolar, retmek, cesaretlendiren, modelimiz, nyanın, kulu, asim","Arkın Yaratıcı Sanatlar ve Tasarım Üniversitesi’nde (ARUCAD) tüm öğrencilerimize yeteneğini geliştirme, başarılı olma ve bir mezun olarak toplumda gerçek bir fark yaratma fırsatı sunuyoruz."
https://arucad.edu.tr/teams/prof-dr-burcu-toker/,https://arucad.edu.tr/teams/prof-dr-burcu-toker/,Prof. Dr. Burcu Toker,TR,Akademik personel / staff profile,"Prof. Dr. Burcu Toker, akademik personel, academic staff, Rektör Yardımcısı, Araştırma ve Geliştirme, Aday Öğrenci, burcu, toker, olmaları, yapmayı, engin, tutumuyla, mükemmelliğe, çizerken, uyandırıcı, tadını, duyarlı, şeyde, sahiptirler, yolculuğunda","Profesyonel gelişimlerine yönelik olarak deneyimli akademik kadro ve seçkin altyapı olanaklarına erişim ile desteklenmektedir. ARUCAD, yaşam boyu öğrenme yolculuğunda, öğrencilerimize engin olanaklar sağlayan, her yönüyl…"
https://arucad.edu.tr/teams/prof-dr-nezahat-dogan/,https://arucad.edu.tr/teams/prof-dr-nezahat-dogan/,Prof. Dr. Nezahat Doğan,TR,Akademik personel / staff profile,"Prof. Dr. Nezahat Doğan, akademik personel, academic staff, Rektör Yardımcısı, Akademik İşler, Aday Öğrenci, nezahat, doğan, onu, yandan, niversite, ksek, retim, stu, dyolar, retmek, cesaretlendiren, modelimiz, nyanın, kulu, dogan","Arkın Yaratıcı Sanatlar ve Tasarım Üniversitesi’nde (ARUCAD) tüm öğrencilerimize yeteneğini geliştirme, başarılı olma ve bir mezun olarak toplumda gerçek bir fark yaratma fırsatı sunuyoruz."
https://arucad.edu.tr/teams/sadi-sinan-arkin/,https://arucad.edu.tr/teams/sadi-sinan-arkin/,Yrd. Doç. Dr. Sinan Arkın,TR,Akademik personel / staff profile,"Yrd. Doç. Dr. Sinan Arkın, akademik personel, academic staff, Mütevelli Heyeti Başkanı, Aday Öğrenci, yrd, sinan, gerektirir, yandan, yordamını, böyle, elbette, özverili, çabayı, külfeti, hedeflerle, çıkmanın, taşıdığının, farkına, sadi",Bir sanat üniversitesinin altyapısını hazırlamak ve öğrenim ile üretim koşullarını ideal değerler üzerine inşa etmek apayrı bir akıl yürütme yordamını gerektirir. Sanat odaklı bir üniversite ortamına en uygun olan şey öğ…
https://arucad.edu.tr/teams/ulku-sim/,https://arucad.edu.tr/teams/ulku-sim/,Ülkü Sim,TR,Akademik personel / staff profile,"Ülkü Sim, akademik personel, academic staff, ülkü, sim, ülkü sim, ülkü öğrencilerini, eğitmenidir, derecesine, tamamlamıştır, veli, göstermiştir, kariyeri, küreselleşen, eğitmendir, fransızca, dillerine, ulku","Ülkü Sim, yedi yılı aşkın uluslararası deneyimiyle, öğretim ve müfredat alanlarında uzmanlaşmış bir İngilizce eğitmenidir. Yakın Doğu Üniversitesi İngiliz Dili Eğitimi Bölümü’nden lisans derecesine sahip olan Ülkü, aynı …"
https://arucad.edu.tr/teams/yrd-doc-dr-ibrahim-dalkilic/,https://arucad.edu.tr/teams/yrd-doc-dr-ibrahim-dalkilic/,Yrd. Doç. Dr. İbrahim Dalkılıç,TR,Akademik personel / staff profile,"Yrd. Doç. Dr. İbrahim Dalkılıç, akademik personel, academic staff, Rektör Yardımcısı, Uluslararası ve Sosyal İşler, Aday Öğrenci, yrd, ibrahim, dalkılıç, temelini, kendine, benimsemiştir, gerçekleştirmesinin, yetiyi, uygarlıkların, inancıyla, köşesinin, yoğrulduğu, varoluşumuzu, hayalidir, doc, dalkilic","ARUCAD, birçok medeniyete ev sahipliği yapmış, kültürel zenginlik ve tarihi birikime sahip bir coğrafyada sanatın, tasarımın ve iletişimin etkileşimini, birbiriyle kesişerek güçlendikleri bir ekosistemi kendine temel alm…"
https://arucad.edu.tr/teams/yrd-doc-dr-merve-senem-arkan/,https://arucad.edu.tr/teams/yrd-doc-dr-merve-senem-arkan/,Yrd. Doç. Dr. Merve Senem Arkan,TR,Akademik personel / staff profile,"Yrd. Doç. Dr. Merve Senem Arkan, akademik personel, academic staff, Aday Öğrenci, yrd, merve, senem, arkan, merve senem, senem arkan, doğu akdeniz, haritaları, haritacılık, doktorasını, ıshmap, sekreterliğini, bulunmakta, akdeniz, doc","Merve Senem Arkan, KKTC Doğu Akdeniz Üniversitesi, Arkeoloji ve Sanat Tarihi bölümünden mezun oldu ve 2011 yılında Doğu Akdeniz Çalışmaları alanında yüksek lisans derecesi aldı. Eötvös Lorand Üniversitesi Haritacılık Tar…"
https://arucad.edu.tr/en/etkinlikler/deneme-en/,https://arucad.edu.tr/en/etkinlikler/deneme-en/,Deneme En,EN,Etkinlik / event,"(sistem/test sayfası – içerik yok), deneme, etkinlikler",
https://arucad.edu.tr/etkinlikler/deneme/,https://arucad.edu.tr/etkinlikler/deneme/,Deneme,TR,Etkinlik / event,"(sistem/test sayfası – içerik yok), deneme, etkinlikler",
https://arucad.edu.tr/haber/dijital-oyun-tasarimi-bolumunden-sektorle-dogrudan-bulusma/,https://arucad.edu.tr/haber/dijital-oyun-tasarimi-bolumunden-sektorle-dogrudan-bulusma/,Dijital Oyun Tasarımı Bölümü’nden Sektörle Doğrudan Buluşma,TR,Haber / news,"dijital oyun tasarımı, game design, dijital, oyun, tasarımı, bölümü, sektörle, doğrudan, buluşma, haber, tasarimi, bolumunden, sektorle, dogrudan, bulusma",
https://arucad.edu.tr/canvas/sidebar-canvas/,https://arucad.edu.tr/canvas/sidebar-canvas/,Sidebar Canvas tr,TR,Diğer,"(sistem/test sayfası – içerik yok), sidebar, canvas",
https://arucad.edu.tr/en/canvas/sidebar-canvar-en/,https://arucad.edu.tr/en/canvas/sidebar-canvar-en/,Sidebar Canvar En,EN,Diğer,"(sistem/test sayfası – içerik yok), sidebar, canvar",
https://prospective.arucad.edu.tr/,https://prospective.arucad.edu.tr/,Prospective ARUCAD,EN,Aday öğrenci (uluslararası) / prospective students,"ana sayfa, home, ARUCAD, Arkın Yaratıcı Sanatlar ve Tasarım Üniversitesi, Arkin University of Creative Arts and Design, Girne, Kyrenia, KKTC, North Cyprus, degree programmes, apply now, design bachelor, fees, automatic, programmes, tuition, degree, now, handbook, bachelor, scholarship, scholarships, accommodation",Apply Now for up to 100% tuition fee scholarship opportunities for all departments!
https://prospective.arucad.edu.tr/accommodation/,https://prospective.arucad.edu.tr/accommodation/,Accommodation – Prospective ARUCAD,EN,Aday öğrenci (uluslararası) / prospective students,"yurt, konaklama, accommodation, tekstil ve moda tasarımı, fashion, first semester, deposit first, semester fee, deposit, persons, apart, bed, electricity, cabinet, yearly, fee, paid, flat",Arkin University of Creative Arts & Design (ARUCAD) provides our students with a STUDIO style comfortable accommodation option.
https://prospective.arucad.edu.tr/application-and-fees/,https://prospective.arucad.edu.tr/application-and-fees/,Scholarships and Fees – Prospective ARUCAD,EN,Aday öğrenci (uluslararası) / prospective students,"başvuru, application, kayıt, burs, scholarship, ücret, tuition fees, scholarships, fees, tuition fee, course books, fee included, fee, tuition, bank, euros, registration, account, receipt, books","Based on High School academic qualification or assessment of portfolio student has excellent opportunity to receive 75%, 90% or 100% tuition fee scholarship."
https://prospective.arucad.edu.tr/apply-now/,https://prospective.arucad.edu.tr/apply-now/,APPLY NOW – Prospective ARUCAD,EN,Aday öğrenci (uluslararası) / prospective students,"başvuru, application, kayıt, apply, now, english language, valid student, international students, applicants, min, valid, copy, passport, entry, pathway, letter, elpe",Who Can Apply?  Application Requirements  Portfolio Requirements  English Language Requirements  Step by Step How to Apply  Alternative Entry Pathways  Apply Now
https://prospective.arucad.edu.tr/arucad/,https://prospective.arucad.edu.tr/arucad/,ARUCAD – Prospective ARUCAD,EN,Aday öğrenci (uluslararası) / prospective students,"art design, increasing number, world class, vera, chernenko, bar, striving, transitional, incubator, strives, holdings, versa, unintentional, teaching","Arkin University of Creative Arts and Design (ARUCAD) is a non-profit university specializing in art, design and communications, founded in Northern Cyprus in 2017. Since then, every year the university has grown and off…"
https://prospective.arucad.edu.tr/bachelor-degree-programmes/,https://prospective.arucad.edu.tr/bachelor-degree-programmes/,Bachelor Degree Programmes – Prospective ARUCAD,EN,Aday öğrenci (uluslararası) / prospective students,"bachelor, degree, programmes, design faculty, architecture, faculty, archaeology, communication, turkish, directing, industrial, ceramics, game, textile",
https://prospective.arucad.edu.tr/cart/,https://prospective.arucad.edu.tr/cart/,Cart – Prospective ARUCAD,EN,Aday öğrenci (uluslararası) / prospective students,"(sistem/test sayfası – içerik yok), cart",
https://prospective.arucad.edu.tr/checkout/,https://prospective.arucad.edu.tr/checkout/,Checkout – Prospective ARUCAD,EN,Aday öğrenci (uluslararası) / prospective students,"(sistem/test sayfası – içerik yok), checkout",
https://prospective.arucad.edu.tr/contact-us/,https://prospective.arucad.edu.tr/contact-us/,CONTACT US – Prospective ARUCAD,EN,Aday öğrenci (uluslararası) / prospective students,"iletişim, contact, adres, telefon, kenzhebekov, kazakhstan, almaty, nurly, tau, farabi, assylan, avenue, office, info, regional, manager, address","Address: Almaty city, BC “Nurly Tau” Al-Farabi Avenue 19, building 2B, office 704."
https://prospective.arucad.edu.tr/dashboard/,https://prospective.arucad.edu.tr/dashboard/,Dashboard – Prospective ARUCAD,EN,Aday öğrenci (uluslararası) / prospective students,"(sistem/test sayfası – içerik yok), dashboard",
https://prospective.arucad.edu.tr/fall-2025-applications-are-going/,https://prospective.arucad.edu.tr/fall-2025-applications-are-going/,Fall 2026 Applications are NOW OPEN! – Prospective ARUCAD,EN,Aday öğrenci (uluslararası) / prospective students,"başvuru, application, kayıt, fall, applications, now, open, tuition, fee, scholarship, apply, departments, opportunities, going",Apply Now for up to 100% tuition fee scholarship opportunities for all departments!
https://prospective.arucad.edu.tr/gallery/,https://prospective.arucad.edu.tr/gallery/,Gallery – Prospective ARUCAD,EN,Aday öğrenci (uluslararası) / prospective students,"gallery, photos, campus photos",
https://prospective.arucad.edu.tr/how-to-create-your-portfolio/,https://prospective.arucad.edu.tr/how-to-create-your-portfolio/,How to Create Your Portfolio – Prospective ARUCAD,EN,Aday öğrenci (uluslararası) / prospective students,"portfolyo, portfolio, create, portfolio optional, carefully chosen, chosen selection, optional, carefully, candidate, selection, demonstrating, minutes, chosen, include, etc","A portfolio is a carefully chosen selection of student’s personal works demonstrating development in the field(s), reflecting the skills, talents, and the level of success of the works produced by the student after a cer…"
https://prospective.arucad.edu.tr/information-form/,https://prospective.arucad.edu.tr/information-form/,Information Form – Prospective ARUCAD,EN,Aday öğrenci (uluslararası) / prospective students,"information, form, virgin islands, saint martin, saint pierre, islands, guinea, congo, française, saint, samoa, virgin, guin, bissau",
https://prospective.arucad.edu.tr/instructor-registration/,https://prospective.arucad.edu.tr/instructor-registration/,Instructor Registration – Prospective ARUCAD,EN,Aday öğrenci (uluslararası) / prospective students,"instructor, registration, tutor, form",
https://prospective.arucad.edu.tr/master-degree-programmes/,https://prospective.arucad.edu.tr/master-degree-programmes/,Master Degree Programmes – Prospective ARUCAD,EN,Aday öğrenci (uluslararası) / prospective students,"lisansüstü, yüksek lisans, graduate studies, master, degree, programmes, preparatory, school, studies, english, communication, art, design",
https://prospective.arucad.edu.tr/phd-programme/,https://prospective.arucad.edu.tr/phd-programme/,PhD Programme – Prospective ARUCAD,EN,Aday öğrenci (uluslararası) / prospective students,"lisansüstü, yüksek lisans, graduate studies, phd, programme, doctorate, preparatory, management, school, architecture, studies, culture, english, media, turkish, communication, art",
https://prospective.arucad.edu.tr/rt-program/acting-turkish/,https://prospective.arucad.edu.tr/rt-program/acting-turkish/,Acting (Turkish) – Prospective ARUCAD,EN,Aday öğrenci (uluslararası) / prospective students,"acting, turkish, turkish candidates, must single, single uninterrupted, song, tirade, candidates, unmounted, shot, sing, uninterrupted, identification, minutes","This ARUCAD department aims to train actors who are not only capable of expressing themselves creatively within various mediums from theater and cinema to advertising and music videos, but also who are analytically appro…"
https://prospective.arucad.edu.tr/rt-program/archaeology/,https://prospective.arucad.edu.tr/rt-program/archaeology/,Archaeology – Prospective ARUCAD,EN,Aday öğrenci (uluslararası) / prospective students,"archaeology, science art, tools experience, experience opportunities, bureau, stuff, popularization, historically, immerse, archeology, specialized, land, agencies, rich","This department of ARUCAD aims to provide students with the knowledge, tools, experience, and opportunities that will serve as a strong foundation for their future careers in the field of cultural heritage studies and co…"
https://prospective.arucad.edu.tr/rt-program/architecture-phd/,https://prospective.arucad.edu.tr/rt-program/architecture-phd/,Architecture (PhD) – Prospective ARUCAD,EN,Aday öğrenci (uluslararası) / prospective students,"lisansüstü, yüksek lisans, graduate studies, mimarlık, architecture, phd, fee semester, thesis fee, architectural design, fee, institutes, assigned, constitutes, possibly, architectural, thesis, rethinking, economy","PhD in Architecture postgraduate programme constitutes the development of different approaches, strategies and models about design, theory/criticism and application in architecture; the interaction between theory and pra…"
https://prospective.arucad.edu.tr/rt-program/architecture/,https://prospective.arucad.edu.tr/rt-program/architecture/,Architecture – Prospective ARUCAD,EN,Aday öğrenci (uluslararası) / prospective students,"mimarlık, architecture, design firms, architects responsible, responsible only, firms, constructions, amazing, splendor, loading, literally, penetrate, threshold, marvelous, vladislav","Architects are responsible not only for the aesthetic appearance of a building, but for its ergonomics, safety, accessibility, and environmental sustainability. They also take care of the comfort and health of the people…"
https://prospective.arucad.edu.tr/rt-program/art-and-culture-management-phd/,https://prospective.arucad.edu.tr/rt-program/art-and-culture-management-phd/,Art and Culture Management (PhD) – Prospective ARUCAD,EN,Aday öğrenci (uluslararası) / prospective students,"lisansüstü, yüksek lisans, graduate studies, art, culture, management, phd, cultural management, art cultural, doctorate programme, fee, doctorate, assigned, provision, curatorial, pioneer, theorists","The Art and Cultural Management Doctorate Programme will develop creative projects and innovative approaches at national and international levels in the changing artistic, cultural, economic and social environment, and w…"
https://prospective.arucad.edu.tr/rt-program/art-ma/,https://prospective.arucad.edu.tr/rt-program/art-ma/,Art (MA) – Prospective ARUCAD,EN,Aday öğrenci (uluslararası) / prospective students,"art, fee semester, graduate program, thesis courses, fee, thesis, denying, triad, assigned, consultants, organizers, exceeded, really, anastasia",The aim of the Art Graduate Program is; to train students as artists who have the capacity to use different fields of art by blending the proposals of today’s art with an interdisciplinary perspective without denying tra…
https://prospective.arucad.edu.tr/rt-program/ceramics/,https://prospective.arucad.edu.tr/rt-program/ceramics/,Ceramics – Prospective ARUCAD,EN,Aday öğrenci (uluslararası) / prospective students,"seramik, cam, ceramics, glass, embodies, harmonious, coexist, technologist, angle, clay, craft, manufacturing, combination, lectures, close, significance, encourages",This department of ARUCAD embodies a harmonious combination of traditional and modern technologies in the creation of unique products from clay and glass. Hands-on studios and workshops here coexist with a creative appro…
https://prospective.arucad.edu.tr/rt-program/communication-studies-ma/,https://prospective.arucad.edu.tr/rt-program/communication-studies-ma/,Communication Studies (MA) – Prospective ARUCAD,EN,Aday öğrenci (uluslararası) / prospective students,"communication, studies, fee semester, communication studies, based scientific, fee, thesis, orientations, assigned, inquisitive, programme, aesthetically, trainers, profession","With an interdisciplinary approach, Communication Studies is a postgraduate programme that can be completed with or without a thesis and that will result in a master’s degree in social sciences."
https://prospective.arucad.edu.tr/rt-program/contemporary-dance/,https://prospective.arucad.edu.tr/rt-program/contemporary-dance/,Contemporary Dance – Prospective ARUCAD,EN,Aday öğrenci (uluslararası) / prospective students,"dans, dance, contemporary, least minutes, meet following, minutes length, length, leisure, troupes, skinner, candidate, minutes, ensembles, musicals, ballroom","This ARUCAD department was created to train qualified performers who can contribute to the dissemination and development of the art of movement, which dates back to the beginning of humanity."
https://prospective.arucad.edu.tr/rt-program/design-ma/,https://prospective.arucad.edu.tr/rt-program/design-ma/,Design (MA) – Prospective ARUCAD,EN,Aday öğrenci (uluslararası) / prospective students,"design, fee semester, architectural design, thesis courses, fee, thesis, assigned, architectural, controller, architect, offices, sciences, semester, ministry","The Architectural Design Graduate education process aims to produce various alternative and original solutions based on research and application that examine the issues in the field of architectural design, theory and cr…"
https://prospective.arucad.edu.tr/rt-program/digital-game-design/,https://prospective.arucad.edu.tr/rt-program/digital-game-design/,Digital Game Design – Prospective ARUCAD,EN,Aday öğrenci (uluslararası) / prospective students,"dijital oyun tasarımı, game design, digital, game, design, symbiosis art, technology gaming, symbiosis, tester, programmer, raghad, elkhuja, captures, actualization, interface","Being a symbiosis of art and technology, the gaming industry not only captures an increasing share of the market year after year, but continues to develop its unique language of storytelling. It represents a favorable en…"
https://prospective.arucad.edu.tr/rt-program/doctorate-in-arts-and-design-phd/,https://prospective.arucad.edu.tr/rt-program/doctorate-in-arts-and-design-phd/,Doctorate in Arts and Design (PhD) – Prospective ARUCAD,EN,Aday öğrenci (uluslararası) / prospective students,"lisansüstü, yüksek lisans, graduate studies, doctorate, arts, design, phd",
https://prospective.arucad.edu.tr/rt-program/english-preparatory-school/,https://prospective.arucad.edu.tr/rt-program/english-preparatory-school/,English Preparatory School – Prospective ARUCAD,EN,Aday öğrenci (uluslararası) / prospective students,"İngilizce hazırlık, preparatory school, english, preparatory, school, need english, english skills, skills level, eps, semesters, lacking, acquiring, nurturing, facilitate, level, vocabulary","To begin studying at ARUCAD faculties, undergraduate students need to have English skills of B1 level, and postgraduate students need to have English skills of B2 level. The English Preparatory School (EPS) was establish…"
https://prospective.arucad.edu.tr/rt-program/film-design-and-directing/,https://prospective.arucad.edu.tr/rt-program/film-design-and-directing/,Film Design and Directing – Prospective ARUCAD,EN,Aday öğrenci (uluslararası) / prospective students,"sinema, film, televizyon, design, directing, department equips, range practical, skills script, agencies, screenwriter, bit, lupova, operator, animator, stations, noticed","This department at ARUCAD equips students with a wide range of practical skills: script development, cinematography, working with actors, editing, sound design, and much more. To successfully implement their projects, st…"
https://prospective.arucad.edu.tr/rt-program/industrial-design/,https://prospective.arucad.edu.tr/rt-program/industrial-design/,Industrial Design – Prospective ARUCAD,EN,Aday öğrenci (uluslararası) / prospective students,"endüstriyel tasarım, product design, industrial, design, department trains, trains professionals, professionals able, pleasing, intertwine, startups, tenders, enterprises, trains, aesthetically, consultancy, packaging","This department at ARUCAD trains professionals who are able to transform abstract concepts into unique, aesthetically pleasing, and practical products, considering their impact on the environment and people. Students wil…"
https://prospective.arucad.edu.tr/rt-program/interior-architecture-and-environmental-design/,https://prospective.arucad.edu.tr/rt-program/interior-architecture-and-environmental-design/,Interior Architecture and Environmental Design – Prospective ARUCAD,EN,Aday öğrenci (uluslararası) / prospective students,"iç mimarlık, interior architecture, mimarlık, architecture, interior, environmental, design, views interior, identity places, places form, hotels, immerse, restaurants, bureaus, companies, nuances, realistic","This department at ARUCAD views interior design as more than the visual identity of places – as form establishing the relationship between human and environment through universal design principles. Here, students will ex…"
https://prospective.arucad.edu.tr/rt-program/new-media-and-communication-turkish/,https://prospective.arucad.edu.tr/rt-program/new-media-and-communication-turkish/,New Media and Communication (Turkish) – Prospective ARUCAD,EN,Aday öğrenci (uluslararası) / prospective students,"yeni medya, iletişim, journalism, media, communication, turkish, today companies, seeking communications, communications professionals, brilliant, hearted, tanyi, emile, takem, communications, myself, cameroon","Today’s companies are seeking for communications professionals who are not limited to the fields of journalism, advertising, and PR, but are capable of producing interactive content, multimedia campaigns, online publicat…"
https://prospective.arucad.edu.tr/rt-program/photography/,https://prospective.arucad.edu.tr/rt-program/photography/,Photography – Prospective ARUCAD,EN,Aday öğrenci (uluslararası) / prospective students,"fotoğraf, photography, aims comprehensively, comprehensively support, unique visual, agencies, cozy, zaure, rakhimzhanova, comprehensively, acquiring, stock, professionalism, territory, want",This department at ARUCAD aims to comprehensively support its students as they develop their own unique visual language. The intensive programme has a dual focus: acquiring technical expertise as well as engaging in crea…
https://prospective.arucad.edu.tr/rt-program/plastic-arts/,https://prospective.arucad.edu.tr/rt-program/plastic-arts/,Plastic Arts – Prospective ARUCAD,EN,Aday öğrenci (uluslararası) / prospective students,"plastic, arts, plastic arts, represents complex, complex field, props, pleasantly, surprised, rustic, bustling, metropolis, ikram, labiad, socialize","The Department of Plastic Arts represents a complex field of contemporary art with its layered contexts, as well as interdisciplinary practices utilizing all kinds of materials and techniques. Advanced workshops and theo…"
https://prospective.arucad.edu.tr/rt-program/sound-arts-and-design/,https://prospective.arucad.edu.tr/rt-program/sound-arts-and-design/,Sound Arts and Design – Prospective ARUCAD,EN,Aday öğrenci (uluslararası) / prospective students,"müzik, ses sanatları, music, sound, arts, design, performance must, music works, students everything, unedited, composer, instrument, playing, minutes, recording, candidate, quite","This ARUCAD department provides its students with everything they need to find their own approach to the art of sound: modern studios and equipment, experienced teachers and original techniques, as well as opportunities …"
https://prospective.arucad.edu.tr/rt-program/textile-and-fashion-design/,https://prospective.arucad.edu.tr/rt-program/textile-and-fashion-design/,Textile and Fashion Design – Prospective ARUCAD,EN,Aday öğrenci (uluslararası) / prospective students,"tekstil ve moda tasarımı, fashion, textile, design, department produces, produces specialists, capable creating, stitch, boutiques, goods, forecasting, dimension, produces, specialists, nuances","This department at ARUCAD produces specialists capable of creating unique and vibrant collections from sketch to the last stitch, as well as understanding the nuances of environmentally friendly and ethical production. I…"
https://prospective.arucad.edu.tr/rt-program/urban-design-and-landscape-architecture/,https://prospective.arucad.edu.tr/rt-program/urban-design-and-landscape-architecture/,Urban Design and Landscape Architecture – Prospective ARUCAD,EN,Aday öğrenci (uluslararası) / prospective students,"mimarlık, architecture, urban, design, landscape, environmental conservation, municipal institutions, department focuses, municipal, firms, urbanized, biodiversity, regulating, botanical, gardens","This department at ARUCAD focuses on the protection, enhancement, restoration and creation of green spaces in urbanized areas. Students will acquire invaluable knowledge and skills for creating functional and aesthetic s…"
https://prospective.arucad.edu.tr/rt-program/visual-communication-design/,https://prospective.arucad.edu.tr/rt-program/visual-communication-design/,Visual Communication Design – Prospective ARUCAD,EN,Aday öğrenci (uluslararası) / prospective students,"görsel iletişim tasarımı, graphic design, visual, communication, design, first saw, 2nd year, 1st year, beautiful, knew, sunny, incredible, suhayl, abdumalikova, amazed, blends","Visual communication permeates every aspect of our daily lives: be it design of a product, a web page, print publication, technical manual, or a conceptual art piece."
https://prospective.arucad.edu.tr/rts-elementor-hf/21/,https://prospective.arucad.edu.tr/rts-elementor-hf/21/,Prospective ARUCAD,EN,Aday öğrenci (uluslararası) / prospective students,"degree programmes, apply now, design bachelor, fees, automatic, programmes, tuition, degree, now, handbook, bachelor, scholarship, scholarships, accommodation, rts, elementor",Apply Now for up to 100% tuition fee scholarship opportunities for all departments!
https://prospective.arucad.edu.tr/rts-elementor-hf/501/,https://prospective.arucad.edu.tr/rts-elementor-hf/501/,Prospective ARUCAD,EN,Aday öğrenci (uluslararası) / prospective students,"degree programmes, apply now, design bachelor, fees, automatic, programmes, tuition, degree, now, handbook, bachelor, scholarship, scholarships, accommodation, rts, elementor",Apply Now for up to 100% tuition fee scholarship opportunities for all departments!
https://prospective.arucad.edu.tr/ru/%d0%b4%d0%be%d0%bc%d0%b0%d1%88%d0%bd%d1%8f%d1%8f-%d1%81%d1%82%d1%80%d0%b0%d0%bd%d0%b8%d1%86%d0%b0/,https://prospective.arucad.edu.tr/ru/домашняя-страница/,Prospective ARUCAD,RU,Aday öğrenci (uluslararası) / prospective students,"бакалавриата программы, магистратуры программы, докторантуры скидки, программы, международные, скидки, проживание, обучение, аркын, цены, креативного, бакалавриата, докторантуры, создать, домашняя, страница",Подай заявку прямо сейчас и получи возможность получить скидку до 100% на обучение на любом факультете!
https://prospective.arucad.edu.tr/ru/%d0%ba%d0%b0%d0%ba-%d1%81%d0%be%d0%b7%d0%b4%d0%b0%d1%82%d1%8c-%d1%81%d0%b2%d0%be%d0%b5-%d0%bf%d0%be%d1%80%d1%82%d1%84%d0%be%d0%bb%d0%b8%d0%be/,https://prospective.arucad.edu.tr/ru/как-создать-свое-портфолио/,Как создать свое портфолио – Prospective ARUCAD,RU,Aday öğrenci (uluslararası) / prospective students,"как, создать, свое, портфолио, портфолио обязательно, обязательно желанию, требования портфолио, включать, требования, желанию, обязательно, должно, работ, кандидата","Все студенты должны предоставить свое резюме (CV): персональные данные, имя и фамилию, адрес электронной почты, номер телефона, фотографию (по желанию), образование, последний диплом и дату выпуска, соответствующие пройд…"
https://prospective.arucad.edu.tr/ru/%d0%bf%d0%be%d0%b4%d0%b0%d1%82%d1%8c-%d0%b7%d0%b0%d1%8f%d0%b2%d0%ba%d1%83/,https://prospective.arucad.edu.tr/ru/подать-заявку/,Подать Заявку – Prospective ARUCAD,RU,Aday öğrenci (uluslararası) / prospective students,"подать, заявку, examination council, test english, min toefl, min, сдавшие, распределяются, elpe, examination, экзамен, council, test, toefl","Примечание:  Если у студента нет ни одного из нижеперечисленных сертификатов, то по приезду новые студенты будут сдавать экзамен по английскому языку (ELPE) при университете. Проходной балл — 60. Студенты, сдавшие ELPE, …"
https://prospective.arucad.edu.tr/ru/%d0%bf%d0%be%d1%87%d0%b5%d0%bc%d1%83-arucad/,https://prospective.arucad.edu.tr/ru/почему-arucad/,Почему ARUCAD – Prospective ARUCAD,RU,Aday öğrenci (uluslararası) / prospective students,"почему, творческих людей, чтобы получить, получить специализированное, создавая, образование, чтобы, разовьете, креативности, частью, сети, подготовить, выдающейся, команды","Чтобы получить специализированное образование В ARUCAD вы сможете реализовать свой творческий потенциал в уникальной атмосферe университета- бутика. Благодаря практическому опыту в наших мастерских, студиях и лаборатория…"
https://prospective.arucad.edu.tr/ru/%d0%bf%d1%80%d0%b8%d1%91%d0%bc-%d0%b7%d0%b0%d1%8f%d0%b2%d0%be%d0%ba-%d0%bd%d0%b0-%d0%be%d1%81%d0%b5%d0%bd%d1%8c-%d0%bf%d1%80%d0%be%d0%b4%d0%be%d0%bb%d0%b6%d0%b0%d0%b5%d1%82%d1%81%d1%8f/,https://prospective.arucad.edu.tr/ru/приём-заявок-на-осень-продолжается/,Приём заявок на Осень 2026 уже открыт! – Prospective ARUCAD,RU,Aday öğrenci (uluslararası) / prospective students,"приём, заявок, осень, уже, открыт, подай, прямо, сейчас, получи, любом, факультете, заявку, скидку, получить, продолжается",Подай заявку прямо сейчас и получи возможность получить скидку до 100% на обучение на любом факультете!
https://prospective.arucad.edu.tr/ru/%d0%bf%d1%80%d0%be%d0%b3%d1%80%d0%b0%d0%bc%d0%bc%d1%8b-%d0%b1%d0%b0%d0%ba%d0%b0%d0%bb%d0%b0%d0%b2%d1%80%d0%b8%d0%b0%d1%82%d0%b0/,https://prospective.arucad.edu.tr/ru/программы-бакалавриата/,Программы Бакалавриата – Prospective ARUCAD,RU,Aday öğrenci (uluslararası) / prospective students,"программы, бакалавриата, факультет, дизайн, архитектура, турецком, искусства, исполнительского, искусств, археология, музыки, пластические, кинодизайн, режиссура",
https://prospective.arucad.edu.tr/ru/%d0%bf%d1%80%d0%be%d0%b3%d1%80%d0%b0%d0%bc%d0%bc%d1%8b-%d0%b4%d0%be%d0%ba%d1%82%d0%be%d1%80%d0%b0%d0%bd%d1%82%d1%83%d1%80%d1%8b/,https://prospective.arucad.edu.tr/ru/программы-докторантуры/,Программы Докторантуры – Prospective ARUCAD,RU,Aday öğrenci (uluslararası) / prospective students,"программы, докторантуры, phd, степень, искусства, докторская, коммуникационные, менеджмент, культуры, сфере, исследования, турецком, архитектура, медиа",
https://prospective.arucad.edu.tr/ru/%d0%bf%d1%80%d0%be%d0%b3%d1%80%d0%b0%d0%bc%d0%bc%d1%8b-%d0%bc%d0%b0%d0%b3%d0%b8%d1%81%d1%82%d1%80%d0%b0%d1%82%d1%83%d1%80%d1%8b/,https://prospective.arucad.edu.tr/ru/программы-магистратуры/,Программы Магистратуры – Prospective ARUCAD,RU,Aday öğrenci (uluslararası) / prospective students,"программы, магистратуры, коммуникационные, исследования, подготовительная, школа, искусство, английского, языка, дизайн",
https://prospective.arucad.edu.tr/ru/%d0%bf%d1%80%d0%be%d0%b6%d0%b8%d0%b2%d0%b0%d0%bd%d0%b8%d0%b5/,https://prospective.arucad.edu.tr/ru/проживание/,ПРОЖИВАНИЕ – Prospective ARUCAD,RU,Aday öğrenci (uluslararası) / prospective students,"проживание, кровать ящиком, ящиком для, для хранения, депозит, система, семестр, студии, человек, кровать, ящиком, хранения, гардероб, угловой",Университет Креативного Искусства и Дизайна Аркын (ARUCAD) предоставляет нашим студентам комфортное проживание в студиях.
https://prospective.arucad.edu.tr/ru/%d1%81%d0%ba%d0%b8%d0%b4%d0%ba%d0%b8-%d0%bd%d0%b0-%d0%be%d0%b1%d1%83%d1%87%d0%b5%d0%bd%d0%b8%d0%b5-%d0%b8-%d1%86%d0%b5%d0%bd%d1%8b/,https://prospective.arucad.edu.tr/ru/скидки-на-обучение-и-цены/,Скидки на Обучение и Цены – Prospective ARUCAD,RU,Aday öğrenci (uluslararası) / prospective students,"скидки, обучение, цены, академической успеваемости, скидку размере, стоимости обучения, после, скидка, получения, евро, учебники, размере, успеваемости, школе","На основании академической успеваемости в средней школе или по результатам оценки портфолио абитуриент имеет отличную возможность получить скидку в размере 75%, 90% или 100% от стоимости обучения."
https://prospective.arucad.edu.tr/ru/arucad-2/,https://prospective.arucad.edu.tr/ru/arucad-2/,ARUCAD – Prospective ARUCAD,RU,Aday öğrenci (uluslararası) / prospective students,"искусства дизайна, время обучения, кипре средиземноморском, кипре, это, общества, обучения, всё, программ, вопросам, мирового, средиземноморском, время, производства","Аркын Университет Креативного Искусства и Дизайна (ARUCAD) — это университет, специализирующийся на искусстве, дизайне и коммуникациях, основанный на Северном Кипре в 2017 году. С тех пор, каждый год университет разраста…"
https://prospective.arucad.edu.tr/ru/category/announcements-ru/,https://prospective.arucad.edu.tr/ru/category/announcements-ru/,Announcements – Prospective ARUCAD,RU,Aday öğrenci (uluslararası) / prospective students,"announcements, приём заявок, заявок осень, осень уже, приём, заявок, осень, открыт, поиск, уже, recent, августа, posts, комментариев, category",Подай заявку прямо сейчас и получи возможность получить скидку до 100% на обучение на любом факультете!
https://prospective.arucad.edu.tr/ru/k%d0%be%d0%bd%d1%82%d0%b0%d0%ba%d1%82%d1%8b/,https://prospective.arucad.edu.tr/ru/kонтакты/,Kонтакты – Prospective ARUCAD,RU,Aday öğrenci (uluslararası) / prospective students,"kонтакты, офис, казахстане, facebooktwitterinstagramyoutubelinkedinvk, алматы, нурлы, тау, проспект, аль, фараби, корпус, кенжебеков, асылан, региональный",
https://prospective.arucad.edu.tr/ru/rt-program/%d0%b0%d0%ba%d1%82%d0%b5%d1%80%d1%81%d0%ba%d0%be%d0%b5-%d0%bc%d0%b0%d1%81%d1%82%d0%b5%d1%80%d1%81%d1%82%d0%b2%d0%be-%d0%bd%d0%b0-%d1%82%d1%83%d1%80%d0%b5%d1%86%d0%ba%d0%be%d0%bc/,https://prospective.arucad.edu.tr/ru/rt-program/актерское-мастерство-на-турецком/,Актерское Мастерство (на турецком) – Prospective ARUCAD,RU,Aday öğrenci (uluslararası) / prospective students,"актерское, мастерство, турецком, must single, single uninterrupted, uninterrupted unmounted, song, tirade, candidates, unmounted, shot, minutes, sing, uninterrupted",The Acting portfolio requirements consists of two stages. These will need to be recorded and sent along with your application.
https://prospective.arucad.edu.tr/ru/rt-program/%d0%b0%d1%80%d1%85%d0%b5%d0%be%d0%bb%d0%be%d0%b3%d0%b8%d1%8f/,https://prospective.arucad.edu.tr/ru/rt-program/археология/,Археология – Prospective ARUCAD,RU,Aday öğrenci (uluslararası) / prospective students,"археология, науки искусства, деятельность, изучения, мульти, науки, инструментов, прочным, фундаментом, будущей, наследства, дисциплинарный, археологу, холистического","Эта программа ARUCAD нацелена на предоставление студентам знаний, инструментов, опыта и возможностей, которые станут прочным фундаментом для их будущей карьеры в сфере изучения и сохранения культурного наследства. Мульти…"
https://prospective.arucad.edu.tr/ru/rt-program/%d0%b0%d1%80%d1%85%d0%b8%d1%82%d0%b5%d0%ba%d1%82%d1%83%d1%80%d0%b0-%d0%b8%d0%bd%d1%82%d0%b5%d1%80%d1%8c%d0%b5%d1%80%d0%b0-%d0%b8-%d0%b4%d0%b8%d0%b7%d0%b0%d0%b9%d0%bd-%d1%81%d1%80%d0%b5%d0%b4%d1%8b/,https://prospective.arucad.edu.tr/ru/rt-program/архитектура-интерьера-и-дизайн-среды/,Архитектура Интерьера и Дизайн Среды – Prospective ARUCAD,RU,Aday öğrenci (uluslararası) / prospective students,"архитектура, интерьера, дизайн, среды, компании, как, нечто, нежели, визуальную, мест, форму, устанавливающую, человеком, универсальные","Эта программа ARUCAD рассматривает интерьер как нечто большее, нежели визуальную идентичность мест, – как форму, устанавливающую отношения между человеком и средой через универсальные принципы дизайна. Здесь студенты изу…"
https://prospective.arucad.edu.tr/ru/rt-program/%d0%b0%d1%80%d1%85%d0%b8%d1%82%d0%b5%d0%ba%d1%82%d1%83%d1%80%d0%b0-phd/,https://prospective.arucad.edu.tr/ru/rt-program/архитектура-phd/,Архитектура (PhD) – Prospective ARUCAD,RU,Aday öğrenci (uluslararası) / prospective students,"lisansüstü, yüksek lisans, graduate studies, архитектура, phd, семестр стоимость, стоимость, семестр, стратегий, имеете, карьеру, отношении, опыт, области, теории, различных, дизайна","Эта программа представляет собой разработку различных подходов, стратегий и моделей в области дизайна, теории/критики и применения в архитектуре; взаимодействие теории и практики в архитектурных исследованиях; переосмысл…"
https://prospective.arucad.edu.tr/ru/rt-program/%d0%b0%d1%80%d1%85%d0%b8%d1%82%d0%b5%d0%ba%d1%82%d1%83%d1%80%d0%b0/,https://prospective.arucad.edu.tr/ru/rt-program/архитектура/,Архитектура – Prospective ARUCAD,RU,Aday öğrenci (uluslararası) / prospective students,"архитектура, фирмы, университет, которые, архитекторы, несут, ответственность, эстетический, облик, здания, эргономику, безопасность, доступность, экологическую","Архитекторы несут ответственность не только за эстетический облик здания, но и за его эргономику, безопасность, доступность, экологическую устойчивость. Они также заботятся о комфорте и здоровье людей, эксплуатирующих их…"
https://prospective.arucad.edu.tr/ru/rt-program/%d0%b0%d1%80%d1%85%d0%b8%d1%82%d0%b5%d0%ba%d1%82%d1%83%d1%80%d0%bd%d1%8b%d0%b9-%d0%b4%d0%b8%d0%b7%d0%b0%d0%b9%d0%bd-ma/,https://prospective.arucad.edu.tr/ru/rt-program/архитектурный-дизайн-ma/,АРХИТЕКТУРНЫЙ ДИЗАЙН (MA) – Prospective ARUCAD,RU,Aday öğrenci (uluslararası) / prospective students,"архитектурный, дизайн, архитектурного дизайна, таких как, наши выпускники, архитектурного, качестве, выпускники, стоимость, наши, таких, семестр, различных, основанных","Процесс последипломного образования в области архитектурного дизайна направлен на создание различных альтернативных и оригинальных решений, основанных на исследованиях и применении, которые исследуют проблемы в области а…"
https://prospective.arucad.edu.tr/ru/rt-program/%d0%b2%d0%b8%d0%b7%d1%83%d0%b0%d0%bb%d1%8c%d0%bd%d1%8b%d0%b9-%d0%b4%d0%b8%d0%b7%d0%b0%d0%b9%d0%bd-%d0%b8-%d0%ba%d0%be%d0%bc%d0%bc%d1%83%d0%bd%d0%b8%d0%ba%d0%b0%d1%86%d0%b8%d1%8f/,https://prospective.arucad.edu.tr/ru/rt-program/визуальный-дизайн-и-коммуникация/,Визуальный Дизайн и Коммуникация – Prospective ARUCAD,RU,Aday öğrenci (uluslararası) / prospective students,"визуальный, дизайн, коммуникация, визуальных коммуникаций, визуальных, коммуникаций, студентам, или, визуальная, пронизывает, аспект, повседневных, жизней, будь","Визуальная коммуникация пронизывает собой каждый аспект наших повседневных жизней: будь то дизайн продукта, веб-страницы, печатного издания, технической инструкции или концептуального искусства."
https://prospective.arucad.edu.tr/ru/rt-program/%d0%b3%d0%b5%d0%b9%d0%bc-%d0%b4%d0%b8%d0%b7%d0%b0%d0%b9%d0%bd/,https://prospective.arucad.edu.tr/ru/rt-program/гейм-дизайн/,Гейм-Дизайн – Prospective ARUCAD,RU,Aday öğrenci (uluslararası) / prospective students,"гейм, дизайн, художник, игр, будучи, симбиозом, игровая, индустрия, захватывает, большую, часть, рынка, годом, продолжает","Будучи симбиозом искусства и технологий, игровая индустрия не только захватывает все большую часть рынка год за годом, но и продолжает развивать свой уникальный язык сторителлинга. Она представляет собой благоприятную ср…"
https://prospective.arucad.edu.tr/ru/rt-program/%d0%b3%d0%be%d1%80%d0%be%d0%b4%d1%81%d0%ba%d0%be%d0%b9-%d0%b4%d0%b8%d0%b7%d0%b0%d0%b9%d0%bd-%d0%b8-%d0%bb%d0%b0%d0%bd%d0%b4%d1%88%d0%b0%d1%84%d1%82%d0%bd%d0%b0%d1%8f-%d0%b0%d1%80%d1%85%d0%b8%d1%82/,https://prospective.arucad.edu.tr/ru/rt-program/городской-дизайн-и-ландшафтная-архит/,Городской Дизайн и Ландшафтная Архитектура – Prospective ARUCAD,RU,Aday öğrenci (uluslararası) / prospective students,"городской, дизайн, ландшафтная, архитектура, муниципальные учреждения, окружающей среды, муниципальные, фирмы, учреждения, окружающей, среды, фокусируется, защите, улучшении, архит","Эта программа ARUCAD фокусируется на защите, улучшении, восстановлении и создании зеленых зон на урбанизированных территориях. Студенты приобретут неоценимые знания и навыки для создания функциональных и эстетических про…"
https://prospective.arucad.edu.tr/ru/rt-program/%d0%b4%d0%b8%d0%b7%d0%b0%d0%b9%d0%bd-%d0%be%d0%b4%d0%b5%d0%b6%d0%b4%d1%8b-%d0%b8-%d1%82%d0%b5%d0%ba%d1%81%d1%82%d0%b8%d0%bb%d1%8f/,https://prospective.arucad.edu.tr/ru/rt-program/дизайн-одежды-и-текстиля/,Дизайн Одежды и Текстиля – Prospective ARUCAD,RU,Aday öğrenci (uluslararası) / prospective students,"дизайн, одежды, текстиля, модная, продукция, дома, для, формирует, яркие, коллекции, наброска, последнего, стежка, понимающих","Эта программа ARUCAD формирует специалистов, способных создавать уникальные и яркие коллекции от наброска до последнего стежка, а также понимающих нюансы экологичного и этичного производства. В мире, который все больше о…"
https://prospective.arucad.edu.tr/ru/rt-program/%d0%b7%d0%b2%d1%83%d0%ba%d0%be%d0%b2%d0%be%d0%b5-%d0%b8%d1%81%d0%ba%d1%83%d1%81%d1%81%d1%82%d0%b2%d0%be-%d0%b8-%d0%b4%d0%b8%d0%b7%d0%b0%d0%b9%d0%bd/,https://prospective.arucad.edu.tr/ru/rt-program/звуковое-искусство-и-дизайн/,Звуковое Искусство и Дизайн – Prospective ARUCAD,RU,Aday öğrenci (uluslararası) / prospective students,"звуковое, искусство, дизайн, должно быть, музыкальные произведения, неотредактированное продолжительностью, должно, минут, произведения, продолжительностью, быть, музыкальные, видео, если","Эта программа ARUCAD предоставляет своим студентам все необходимое для поиска собственного подхода к искусству звучания: современные студии и оборудование, опытные преподаватели и оригинальные методики, а также возможнос…"
https://prospective.arucad.edu.tr/ru/rt-program/%d0%b8%d1%81%d0%ba%d1%83%d1%81%d1%81%d1%82%d0%b2%d0%be-ma/,https://prospective.arucad.edu.tr/ru/rt-program/искусство-ma/,ИСКУССТВО (MA) – Prospective ARUCAD,RU,Aday öğrenci (uluslararası) / prospective students,"искусство, художественного производства, семестр стоимость, стоимость, семестр, художественного, магистратура, программы, диссертации, этой, производства, предметов, могут, искусства","Целью этой программы является подготовка студентов как художников, которые могут использовать в своем творчестве различные области искусства, смешивая постулаты современного искусства с междисциплинарной перспективой и т…"
https://prospective.arucad.edu.tr/ru/rt-program/%d0%ba%d0%b5%d1%80%d0%b0%d0%bc%d0%b8%d0%ba%d0%b0/,https://prospective.arucad.edu.tr/ru/rt-program/керамика/,Керамика – Prospective ARUCAD,RU,Aday öğrenci (uluslararası) / prospective students,"керамика, воплощает, гармоничное, традиционных, уникальных, изделий, глины, стекла, сосуществуют, творческим, подходом, лекциям, семинарам, истории",Эта программа ARUCAD воплощает гармоничное сочетание традиционных и современных технологий в создании уникальных изделий из глины и стекла. Практические студии и мастерские здесь сосуществуют с творческим подходом к лекц…
https://prospective.arucad.edu.tr/ru/rt-program/%d0%ba%d0%b8%d0%bd%d0%be%d0%b4%d0%b8%d0%b7%d0%b0%d0%b9%d0%bd-%d0%b8-%d1%80%d0%b5%d0%b6%d0%b8%d1%81%d1%81%d1%83%d1%80%d0%b0/,https://prospective.arucad.edu.tr/ru/rt-program/кинодизайн-и-режиссура/,Кинодизайн и Режиссура – Prospective ARUCAD,RU,Aday öğrenci (uluslararası) / prospective students,"кинодизайн, режиссура, агентства, мастерство, снабжает, широким, спектром, практических, сценария, операторское, работа, актерами, оформление, успешной","Эта программа ARUCAD снабжает студентов широким спектром практических навыков: разработка сценария, операторское мастерство, работа с актерами, монтаж, звуковое оформление и многое другое. Для успешной реализации своих п…"
https://prospective.arucad.edu.tr/ru/rt-program/%d0%ba%d0%be%d0%bc%d0%bc%d1%83%d0%bd%d0%b8%d0%ba%d0%b0%d1%86%d0%b8%d0%be%d0%bd%d0%bd%d1%8b%d0%b5-%d0%b8%d1%81%d1%81%d0%bb%d0%b5%d0%b4%d0%be%d0%b2%d0%b0%d0%bd%d0%b8%d1%8f-ma/,https://prospective.arucad.edu.tr/ru/rt-program/коммуникационные-исследования-ma/,Коммуникационные исследования (MA) – Prospective ARUCAD,RU,Aday öğrenci (uluslararası) / prospective students,"коммуникационные, исследования, дизайна цифровых, цифровых медиа, научных знаниях, стоимость, цифровых, семестр, научных, знаниях, программы, основе, медиа, смогут","Эта программа предлагает студентам выбор структуры с точки зрения ориентации на теорию-практику, а также дизайна цифровых медиа. Студенты смогут создать учебную программу на основе рекламы или дизайна цифровых медиа в со…"
https://prospective.arucad.edu.tr/ru/rt-program/%d0%bc%d0%b5%d0%bd%d0%b5%d0%b4%d0%b6%d0%bc%d0%b5%d0%bd%d1%82-%d0%b8%d1%81%d0%ba%d1%83%d1%81%d1%81%d1%82%d0%b2%d0%b0-%d0%b8-%d0%ba%d1%83%d0%bb%d1%8c%d1%82%d1%83%d1%80%d1%8b-phd/,https://prospective.arucad.edu.tr/ru/rt-program/менеджмент-искусства-и-культуры-phd/,Менеджмент искусства и культуры (PhD) – Prospective ARUCAD,RU,Aday öğrenci (uluslararası) / prospective students,"lisansüstü, yüksek lisans, graduate studies, менеджмент, искусства, культуры, phd, искусства культуры, направлена подготовку, наша программа, культурной, художественной, наша, национальном, международном, направлена, подготовку","Эта программа будет разрабатывать творческие проекты и инновационные подходы на национальном и международном уровнях в меняющейся художественной, культурной, экономической и социальной среде, а также принимать решения в …"
https://prospective.arucad.edu.tr/ru/rt-program/%d0%bd%d0%be%d0%b2%d1%8b%d0%b5-%d0%bc%d0%b5%d0%b4%d0%b8%d0%b0-%d0%b8-%d0%ba%d0%be%d0%bc%d0%bc%d1%83%d0%bd%d0%b8%d0%ba%d0%b0%d1%86%d0%b8%d0%b8-%d0%bd%d0%b0-%d1%82%d1%83%d1%80%d0%b5%d1%86%d0%ba%d0%be/,https://prospective.arucad.edu.tr/ru/rt-program/новые-медиа-и-коммуникации-на-турецко/,Новые Медиа и Коммуникации (на турецком) – Prospective ARUCAD,RU,Aday öğrenci (uluslararası) / prospective students,"новые, медиа, коммуникации, турецком, столько, студентам, сегодняшние, ищут, ограничены, областями, журналистики, пиара, производить, интерактивный, турецко","Сегодняшние компании ищут специалистов в области коммуникаций, которые не ограничены областями журналистики, рекламы и пиара, но и способны производить интерактивный контент, мультимедийные кампании, онлайн-публикации, б…"
https://prospective.arucad.edu.tr/ru/rt-program/%d0%bf%d0%bb%d0%b0%d1%81%d1%82%d0%b8%d1%87%d0%b5%d1%81%d0%ba%d0%b8%d0%b5-%d0%b8%d1%81%d0%ba%d1%83%d1%81%d1%81%d1%82%d0%b2%d0%b0/,https://prospective.arucad.edu.tr/ru/rt-program/пластические-искусства/,Пластические Искусства – Prospective ARUCAD,RU,Aday öğrenci (uluslararası) / prospective students,"пластические, искусства, арт, очень, мне, мастерских, все, учиться, отражает, сложную, многослойными, контекстами, практиками, использующими","Эта программа ARUCAD отражает сложную область современного искусства с ее многослойными контекстами, а также междисциплинарными практиками, использующими все виды материалов и техник. В последующие годы к базовому образо…"
https://prospective.arucad.edu.tr/ru/rt-program/%d0%bf%d0%be%d0%b4%d0%b3%d0%be%d1%82%d0%be%d0%b2%d0%b8%d1%82%d0%b5%d0%bb%d1%8c%d0%bd%d0%b0%d1%8f-%d1%88%d0%ba%d0%be%d0%bb%d0%b0-%d0%b0%d0%bd%d0%b3%d0%bb%d0%b8%d0%b9%d1%81%d0%ba%d0%be%d0%b3%d0%be/,https://prospective.arucad.edu.tr/ru/rt-program/подготовительная-школа-английского/,ПОДГОТОВИТЕЛЬНАЯ ШКОЛА АНГЛИЙСКОГО ЯЗЫКА – Prospective ARUCAD,RU,Aday öğrenci (uluslararası) / prospective students,"подготовительная, школа, английского, языка, подготовительная школа, школа английского, английского языка, языком, вместе, обучения, уровне, студентам, навыков, студентов","Чтобы приступить к обучению на факультетах ARUCAD, студентам бакалавриата необходимо владеть английским языком на уровне В1, а студентам магистратуры, аспирантуры и докторантуры – В2. Подготовительная школа была создана …"
https://prospective.arucad.edu.tr/ru/rt-program/%d0%bf%d1%80%d0%be%d0%bc%d1%8b%d1%88%d0%bb%d0%b5%d0%bd%d0%bd%d1%8b%d0%b9-%d0%b4%d0%b8%d0%b7%d0%b0%d0%b9%d0%bd/,https://prospective.arucad.edu.tr/ru/rt-program/промышленный-дизайн/,Промышленный Дизайн – Prospective ARUCAD,RU,Aday öğrenci (uluslararası) / prospective students,"промышленный, дизайн, навыки, готовит, преобразовывать, абстрактные, привлекательные, практичные, продукты, учетом, воздействия, промышленного, погрузившись, изучение","Эта программа ARUCAD готовит специалистов, которые способны преобразовывать абстрактные концепции в уникальные, эстетически привлекательные и практичные продукты с учетом их воздействия на среду и человека. Студенты прио…"
https://prospective.arucad.edu.tr/ru/rt-program/%d1%81%d0%be%d0%b2%d1%80%d0%b5%d0%bc%d0%b5%d0%bd%d0%bd%d1%8b%d0%b9-%d1%82%d0%b0%d0%bd%d0%b5%d1%86-%d0%ba%d0%be%d0%bd%d1%82%d0%b5%d0%bc%d0%bf%d0%be%d1%80%d0%b0%d1%80%d0%b8/,https://prospective.arucad.edu.tr/ru/rt-program/современный-танец-контемпорари/,Современный Танец (Контемпорари) – Prospective ARUCAD,RU,Aday öğrenci (uluslararası) / prospective students,"современный, танец, контемпорари, кандидат должен, продолжительность менее, менее минут, движения, продолжительность, менее, техника, выступление, кандидат, минут, должен","Эта программа ARUCAD создана для подготовки квалифицированных перформеров, способных внести свой вклад в распространение и развитие искусства движения, уходящего корнями к зарождению человечества."
https://prospective.arucad.edu.tr/ru/rt-program/%d1%84%d0%be%d1%82%d0%be%d0%b3%d1%80%d0%b0%d1%84%d0%b8%d1%8f/,https://prospective.arucad.edu.tr/ru/rt-program/фотография/,Фотография – Prospective ARUCAD,RU,Aday öğrenci (uluslararası) / prospective students,"фотография, агентства, очень, что, медиа, всестороннюю, поддержку, ими, интенсивная, двойную, направленность, приобретение, технических, участие","Эта программа ARUCAD нацелена на всестороннюю поддержку студентов в процессе разработки ими собственного уникального визуального языка. Интенсивная программа имеет двойную направленность: приобретение технических знаний,…"
https://prospective.arucad.edu.tr/sample-page/,https://prospective.arucad.edu.tr/sample-page/,Sample Page – Prospective ARUCAD,EN,Aday öğrenci (uluslararası) / prospective students,"sample, page, something like, xyz, gotham, something, navigation, bike, messenger, aspiring, dog, coladas, gettin, doohickey",This is an example page. It’s different from a blog post because it will stay in one place and will show up in your site navigation (in most themes). Most people start with an About page that introduces them to potential…
https://prospective.arucad.edu.tr/scholarship-calculator/,https://prospective.arucad.edu.tr/scholarship-calculator/,Scholarship Calculator – Prospective ARUCAD,EN,Aday öğrenci (uluslararası) / prospective students,"burs, scholarship, calculator, installment fee, fee installment, payment plan, installment, fee, payment, plan, yearly, fall, semester, spring, standard",
https://prospective.arucad.edu.tr/student-registration/,https://prospective.arucad.edu.tr/student-registration/,Student Registration – Prospective ARUCAD,EN,Aday öğrenci (uluslararası) / prospective students,"student registration, kayıt, registration, student",
https://prospective.arucad.edu.tr/undergraduate-academic-calendar/,https://prospective.arucad.edu.tr/undergraduate-academic-calendar/,Undergraduate Academic Calendar – Prospective ARUCAD,EN,Aday öğrenci (uluslararası) / prospective students,"akademik takvim, academic calendar, lisansüstü, yüksek lisans, graduate studies, undergraduate, academic, calendar, last day, spring semester, july last, bairam, holiday, last, resit, submission, july, grades, day",February 10-14 2025 Online Course Registration for Spring Semester 2024 – 2025 Academic Year
https://prospective.arucad.edu.tr/why-arucad/,https://prospective.arucad.edu.tr/why-arucad/,Why ARUCAD? – Prospective ARUCAD,EN,Aday öğrenci (uluslararası) / prospective students,"why, providing environment, artists academics, creating create, creatives, globally, boutique, network, distinguished, guarantee, immersed, confined, difference, artists","To Have a Field-Oriented Boutique Education At ARUCAD, you’ll unlock your creative potential in a unique boutique university setting. Through hands-on experiences in our workshops, studios, and laboratories, you’ll devel…"
https://360.arucad.edu.tr/,https://360.arucad.edu.tr/,3D Kampüs Turu,TR,Alt site / portal,"sanal tur, virtual tour, 360, kampüs turu, kampüs, campus life, turu, seçin, başlatın, seçerek, aşağıdan, sanal, atelier, bandabuliya",
https://apply.arucad.edu.tr/,https://apply.arucad.edu.tr/,ARUCAD Application Platform,TR,Alt site / portal,"online başvuru, apply online, başvuru formu, application, başvuru, kayıt, platform, kayıt formu, özel yetenek, formu, yetenek, sınavı, dgs, özel, competition, karşılama",
https://library.arucad.edu.tr/,https://library.arucad.edu.tr/,ARUCAD Kütüphane / Library,TR,Alt site / portal,"kütüphane, library, kitap, e-kaynak, veritabanı",
https://quality.arucad.edu.tr/,https://quality.arucad.edu.tr/,Kalite Komisyonu / Quality Commission,TR,Alt site / portal,"kalite komisyonu, quality commission, akreditasyon, öz değerlendirme, kalite, quality",
https://sis.arucad.edu.tr/,https://sis.arucad.edu.tr/,Öğrenci Bilgi Sistemi (OİBS) / Student Information System,TR,Alt site / portal,"OİBS, öğrenci bilgi sistemi, öğrenci girişi, akademisyen girişi, not, transkript, ders kaydı, student login",
